noida,83
Techxpert-Noida,83
Techxpert-Delhi,126
Techxpert-Home Care,83
Techxpert-Mumbai,199
Techxpert-Jaipur,129
VI Store(Adajan- Surat),123
VI Store (Anandnagar - Ahmedabad),123
VI Store (Ankleshwar - Baroda),123
VI Store (Ashram road - Ahmedabad),123
VI Store (Bapunagar2 -Ahmedabad),123
Idea CRS (Race Course - Baroda),123
VI Store (Bharuch - Baroda),123
VI Store (Bhavnagar),123
VI Store (Bhuj),123
VI Store (Bopal -Ahmedabad),123
VI Store (Chandkheda -Ahmedabad),123
VI Store (Dhaber Road - Rajkot),123
VI Store (Gandhidham),123
VI Store (Gandhinagar - Ahmedabad),123
VI Store (Ghodasar - Ahmedabad),123
VI Store (Godhra - Baroda),123
VI Store (Gotri Road - Baroda),123
VI Store (Gurukul -Ahmedabad),123
VI Store (Himmatnagar),123
VI Store (Jamnagar),123
VI Store (Junagadh),123
VI Store (Kalawad - Rajkot),123
VI Store (Karelibag - Baroda),123
VI Store (Makarpura - Baroda),123
Idea CRS (Maninagar - Ahmedabad),123
Techxpert-Chennai,96
001-TCL GK-1,126
002-TCL VSB Delhi,126
003-TCL Chhattarpur,126
004-TCL Udyog Vihar,204
005-TCL NSEZ,83
006-TCL VSB Mohali,14
007-TCL VSB Jalandhar,14
008-TCL VSB Kanpur,83
009-TCL Emerald Jaipur,129
010-TCL Chintel Lucknow,83
011-TCL Nehru Colony DDN,83
012-TCL Lachiwala DDN,83
VI Store (Nadiad - Ahmedabad),123
VI Store (Naranpura - Ahmedabad),123
VI Store (Naroda - Ahmedabad),123
Idea CRS (Navrangpura - Ahmedabad),123
VI Store (Navsari - Surat),123
VI Store (New Cloth Market - Ahmedabad),123
VI Store (Nizampura - Baroda),123
VI Store (OP Road - Baroda),123
VI Store (Paldi - Ahmedabad),123
VI Store (Parvatpatiya - Surat),123
VI Store (Raopura - Baroda),123
Idea CRS (Relief Road - Ahmedabad),123
VI Store (Ring Road - Surat),123
Idea CRS (Ring Road - Surat),123
VI Store (Sarthana - Surat),123
Idea CRS (Shahibaug - Ahmedabad),123
VI Store (Shivranjani -Ahmedabad),123
VI Store (Stadium Road - Ahmedabad),123
VI Store (Surendranagar - Rajkot),204
VI Store (Vapi),123
VI Store (Varachha - Surat),123
VI Store (Vastrapur -Ahmedabad),123
VI Store (Veraval),123
VI Store (Yagnik Road - Rajkot),123
VI Store (Yogi Chowk - Surat),123
NX One,83
VI Store (Mehsana - COCO),123
VI Store (Randher - Surat),123
VI Store (Vesu - Surat),123
VI Store (Varachha 2 - Surat),123
VI Store(Thaltej-Ahmedabad),123
VI Store (Morbi - Rajkot),123
JLL@AIRTEL@R&M@AndheriWest 2@MUM,11
JLL-AIRTEL-R&M-BandraWest-MUM,11
JLL-AIRTEL-R&M-ThaneWest-MUM,11
JLL-AIRTEL-R&M-Netaji Chowk Ulhasnagar Store-ROM,50
JLL-AIRTEL-R&M-Satara Road-ROM,10
JLL-AIRTEL-R&M-Nextgen Karelibaug-GUJ,123
JLL-AIRTEL-R&M-KHARAGPUR OR-WB,19
JLL-AIRTEL-R&M-Jalgaon JAL-ROM,50
JLL-AIRTEL-R&M-Boisar AOR-ROM,50
JLL-AIRTEL-R&M-BHARTI AIRTEL LTD CHANNI HIMMAT-JK,14
JLL-AIRTEL-R&M-Bharti Airtel limited Lobby Jammu-JK,14
JLL-AIRTEL-R&M-Sec 70 MOH-PB,14
JLL-AIRTEL-R&M-Nextgen Anand-GUJ,123
JLL-AIRTEL-R&M-ID Market OR-ORR,19
JLL-AIRTEL-R&M-Elgin Road OR-WB,19
JLL-AIRTEL-R&M-NextGen Wall City-RAJ,129
JLL-AIRTEL-R&M-Danavaipeta NGS-AP,124
JLL-AIRTEL-R&M-NextGen Ajmer Road RJ-RAJ,129
JLL-AIRTEL-R&M-NextGen Raja Park RJ-RAJ,129
JLL-AIRTEL-R&M-Kollam NGS- AOR-KER,96
JLL-AIRTEL-R&M-TEA BOARD AOR-WB,19
JLL-AIRTEL-R&M-Mahim OR-MUM,11
JLL-AIRTEL-R&M-Nextgen Kalavad-GUJ,123
JLL-AIRTEL-R&M-Mulund 2-MUM,11
JLL-AIRTEL-R&M-Kalyan2 MUM-MUM,11
JLL-AIRTEL-R&M-Kondhwa PUN-ROM,10
JLL-AIRTEL-R&M-Nextgen Sciencecity-GUJ,123
JLL-AIRTEL-R&M-Eluru road NGS-AP,124
JLL-AIRTEL-R&M-Koramangala 5th Block -KK,196
JLL-AIRTEL-R&M-Nextgen Anandmahel-GUJ,123
JLL-AIRTEL-R&M-Chembur 2 MUM-MUM,11
JLL-AIRTEL-R&M-Broadway NGS-TN,96
JLL-AIRTEL-R&M-Peddawaltair NGS-AP,124
JLL-AIRTEL-R&M-Dhantoli NAG-ROM,50
JLL-AIRTEL-R&M-Rajaram Puri KLH-ROM,10
JLL-AIRTEL-R&M-Datta Mandir NSK-ROM,50
JLL-AIRTEL-R&M-Mount Road_AOR-ROM,50
JLL-AIRTEL-R&M-Mira Road 2 MUM-MUM,11
JLL-AIRTEL-R&M-Sharanpur NSK-ROM,50
JLL-AIRTEL-R&M-Agrahara MYS-KK,196
JLL-AIRTEL-R&M-Fatehabad Road AGR-UPW,126
JLL-AIRTEL-R&M-Nirala Bazar AUR-ROM,50
JLL-AIRTEL-R&M-MG Road PAN-ROM,10
JLL-AIRTEL-R&M-Maninagar AHD-GUJ,123
JLL-AIRTEL-R&M-Sikar SIK-RAJ,129
JLL-AIRTEL-R&M-MD Road Adyar CHN-TN,96
JLL-AIRTEL-R&M-Annanagar K4 CHN-TN,96
JLL-AIRTEL-R&M-DP Road PUN-ROM,10
JLL-AIRTEL-R&M-Kidwai Nagar KNP-UPE,126
JLL-AIRTEL-R&M-Dover Lane KOL-WB,19
JLL-AIRTEL-R&M-Natucircle VAD-GUJ,123
JLL-AIRTEL-R&M-Mahatma Nagar NSK-ROM,50
JLL-AIRTEL-R&M-Ragigudda BLR-KK,196
JLL-AIRTEL-R&M-HSR 2 BLR-KK,196
JLL-AIRTEL-R&M-BRODIPET GNT-AP,124
JLL-AIRTEL-R&M-Gandhi Bazaar BLR-KK,196
JLL-AIRTEL-R&M-GMS Road DDN-UPW,83
JLL-AIRTEL-R&M-Kacheripady ENK-KER,96
JLL-AIRTEL-R&M-Malakpet HYD-AP,124
JLL-AIRTEL-R&M-RR Nagar BLR-KK,196
JLL-AIRTEL-R&M-LFS GLB-KK,196
JLL-AIRTEL-R&M-Gandhi Path JPR-RAJ,129
JLL-AIRTEL-R&M-Bilaspur BSP-MPCG,129
JLL-AIRTEL-R&M-G D PLAZA RAI-MPCG,129
JLL-AIRTEL-R&M-Berhampur BEH-ORR,19
JLL-AIRTEL-R&M-Dur Sanchar PUN-ROM,10
JLL-AIRTEL-R&M-FC Road PUN-ROM,10
JLL-AIRTEL-R&M-Akurdi PUN-ROM,10
JLL-AIRTEL-R&M-Vikrampuri HYD-AP,124
JLL-AIRTEL-R&M-Saravanampatti CMB-TN,96
JLL-AIRTEL-R&M-Salem SAL-TN,96
JLL-AIRTEL-R&M-Pondy PON-TN,96
JLL-AIRTEL-R&M-Seawood MUM-MUM,11
JLL-AIRTEL-R&M-Metro Plaza MEE-UPW,126
JLL-AIRTEL-R&M-BTM2 BLR-KK,196
JLL-AIRTEL-R&M-Jayanagar 2 BLR-KK,196
JLL-AIRTEL-R&M-Mahadevpura BLR-KK,196
JLL-AIRTEL-R&M-KR Puram BLR-KK,196
JLL-AIRTEL-R&M-Frazer Town BLR-KK,196
JLL-AIRTEL-R&M-Vashi 2 MUM-MUM,11
JLL-AIRTEL-R&M-Haldia HAD-WB,19
JLL-AIRTEL-R&M-Marina Mall CLC-KER,96
JLL-AIRTEL-R&M-Anwar Shah Road KOL-WB,19
JLL-AIRTEL-R&M-Residency Road BLR-KK,196
JLL-AIRTEL-R&M-Bhuteswar Road MTH-UPW,126
JLL-AIRTEL-R&M-Malviya Nagar BHO-MPCG,129
JLL-AIRTEL-R&M-Hosur HOU-TN,96
JLL-AIRTEL-R&M-Vellore VEL-TN,96
JLL-AIRTEL-R&M-Ashiyana LKO-UPE,126
JLL-AIRTEL-R&M-Ashok Nagar KOL-WB,19
JLL-AIRTEL-R&M-Aluva ENK-KER,96
JLL-AIRTEL-R&M-Kumaran Road TRP-TN,96
JLL-AIRTEL-R&M-PN Road TRP-TN,96
JLL-AIRTEL-R&M-Tirunelveli TNV-TN,96
JLL-AIRTEL-R&M-Tarnaka HYD-AP,124
JLL-AIRTEL-R&M-T C Playa BLR-KK,196
JLL-AIRTEL-R&M-ECIL HYD-AP,124
JLL-AIRTEL-R&M-Bentick Street KOL-WB,19
JLL-AIRTEL-R&M-Ameerpet 2 HYD-AP,124
JLL-AIRTEL-R&M-Aundh PUN-ROM,10
JLL-AIRTEL-R&M-Elphinstone MUM-MUM,11
JLL-AIRTEL-R&M-Raidurgam HYD-AP,124
JLL-AIRTEL-R&M-Mandi Plaza DHW-KK,196
JLL-AIRTEL-R&M-Janpath BBN-ORR,19
JLL-AIRTEL-R&M-Veera Desai Road MUM-MUM,11
JLL-AIRTEL-R&M-Kharghar MUM-MUM,11
JLL-AIRTEL-R&M-Mohd Ali MUM-MUM,11
JLL-AIRTEL-R&M-Amravati NAG-ROM,10
JLL-AIRTEL-R&M-Vishrantwadi PUN-ROM,10
JLL-AIRTEL-R&M-Starlit Tower IDR-MPCG,129
JLL-AIRTEL-R&M-Imphal IMP-NESA,19
JLL-AIRTEL-R&M-Kesavadasapuram THI-KER,96
JLL-AIRTEL-R&M-Tezpur TEZ-NESA,19
JLL-AIRTEL-R&M-Chrompet CHN-TN,96
JLL-AIRTEL-R&M-Badlapur BLP-ROM,50
JLL-AIRTEL-R&M-Virar VRR-ROM,50
JLL-AIRTEL-R&M-Haldwani Road RUD-UPW,83
JLL-AIRTEL-R&M-Asansol Lobby ASA-WB,19
JLL-AIRTEL-R&M-Aligarh ALI-UPW,126
JLL-AIRTEL-R&M-Pallikkulam THR-KER,96
JLL-AIRTEL-R&M-MG Road THR-KER,96
JLL-AIRTEL-R&M-Gandhi Bazar PTK-PB,14
JLL-AIRTEL-R&M-Tinsukhia TIN-NESA,19
JLL-AIRTEL-R&M-City Centre Mall SAM-ORR,19
JLL-AIRTEL-R&M-Silchar SIL-NESA,19
JLL-AIRTEL-R&M-Bajirao Road PUN-ROM,10
JLL-AIRTEL-R&M-Selaiyur CHN-TN,96
JLL-AIRTEL-R&M-Kammanhalli 2 BLR-KK,196
JLL-AIRTEL-R&M-Jhansi JHA-UPE,126
JLL-AIRTEL-R&M-Dibrugarh DIB-NESA,19
JLL-AIRTEL-R&M-KIIT BBN-ORR,19
JLL-AIRTEL-R&M-Jorhat JRH-NESA,19
JLL-AIRTEL-R&M-Gorakhpur GKP-UPE,126
JLL-AIRTEL-R&M-Pali PAL-RAJ,129
JLL-AIRTEL-R&M-Solan SOL-HP,14
JLL-AIRTEL-R&M-Kurukshetra KKR-HAR,126
JLL-AIRTEL-R&M-Yamunanagar YAM-HAR,126
JLL-AIRTEL-R&M-Ghumar Mandi LUD-PB,14
JLL-AIRTEL-R&M-Ferozepur FZP-PB,14
JLL-AIRTEL-R&M-Zirakpur ZIR-PB,14
JLL-AIRTEL-R&M-HBR Layout BLR-KK,196
JLL-AIRTEL-R&M-Ahmednagar AHM-ROM,50
JLL-AIRTEL-R&M-Howrah KOL-WB,19
JLL-AIRTEL-R&M-Kalwar Road JPR-RAJ,129
JLL-AIRTEL-R&M-Thoraipakkam CHN-TN,96
JLL-AIRTEL-R&M-Vadapalani CHN-TN,96
JLL-AIRTEL-R&M-Shivranjani AHD-GUJ,123
JLL-AIRTEL-R&M-Barmer BRM-RAJ,129
JLL-AIRTEL-R&M-Viman Nagar PUN-ROM,10
JLL-AIRTEL-R&M-Darjeeling DJL-WB,19
JLL-AIRTEL-R&M-S D Road SEC-AP,124
JLL-AIRTEL-R&M-Dadabari KOT-RAJ,129
JLL-AIRTEL-R&M-Jammu JAM-JK,14
JLL-AIRTEL-R&M-Medical Road NAG-ROM,50
JLL-AIRTEL-R&M-Nasik Mumbai Naka NSK-ROM,50
JLL-AIRTEL-R&M-Sinhagad Road PUN-ROM,10
JLL-AIRTEL-R&M-Saki Vihar MUM-MUM,11
JLL-AIRTEL-R&M-MTH Road Ambattur CHN-TN,96
JLL-AIRTEL-R&M-Erode Junction ERD-TN,96
JLL-AIRTEL-R&M-Kolar Road BHO-MPCG,129
JLL-AIRTEL-R&M-Ekkattuthangal CHN-TN,96
JLL-AIRTEL-R&M-Tirupati TPT-AP,124
JLL-AIRTEL-R&M-Botanical Garden HYD-AP,124
JLL-AIRTEL-R&M-Shahibaug AHD-GUJ,123
JLL-AIRTEL-R&M-Nellore NEL-AP,124
JLL-AIRTEL-R&M-Banjara Hills 2 HYD-AP,124
JLL-AIRTEL-R&M-Chowk LKO-UPE,126
JLL-AIRTEL-R&M-Electronic City BLR-KK,196
JLL-AIRTEL-R&M-Hargobind Nagar PGW-PB,14
JLL-AIRTEL-R&M-Ajnala Road ASR-PB,14
JLL-AIRTEL-R&M-Cuttack CTK-ORR,19
JLL-AIRTEL-R&M-Barrackpore KOL-WB,19
JLL-AIRTEL-R&M-Bibwewadi PUN-ROM,10
JLL-AIRTEL-R&M-Park Street KOL-WB,19
JLL-AIRTEL-R&M-Kandivali West MUM-MUM,11
JLL-AIRTEL-R&M-Suman Tower AHD-GUJ,123
JLL-AIRTEL-R&M-Srinivasa Tower CMB-TN,96
JLL-AIRTEL-R&M-Phase 5 MOH-PB,14
JLL-AIRTEL-R&M-CA Road NAG-ROM,50
JLL-AIRTEL-R&M-Sri Ganganagar SGN-RAJ,129
JLL-AIRTEL-R&M-Andheri West MUM-MUM,11
JLL-AIRTEL-R&M-Ravipuram ENK-KER,96
JLL-AIRTEL-R&M-Edapally ENK-KER,96
JLL-AIRTEL-R&M-Dugri LUD-PB,14
JLL-AIRTEL-R&M-Hoshiarpur HOS-PB,14
JLL-AIRTEL-R&M-GC Avenue KOL-WB,19
JLL-AIRTEL-R&M-Sec 46 CHD-PB,14
JLL-AIRTEL-R&M-Ghatkopar East MUM-MUM,11
JLL-AIRTEL-R&M-Sec 37C CHD-PB,14
JLL-AIRTEL-R&M-HSR Layout BLR-KK,196
JLL-AIRTEL-R&M-Karim Nagar HYD-AP,124
JLL-AIRTEL-R&M-Modi Road BLR-KK,196
JLL-AIRTEL-R&M-Chinchwad PUN-ROM,10
JLL-AIRTEL-R&M-Lakshmipuram GNT-AP,124
JLL-AIRTEL-R&M-Lake Town KOL-WB,19
JLL-AIRTEL-R&M-Everest House KOL-WB,19
JLL-AIRTEL-R&M-Baner PUN-ROM,10
JLL-AIRTEL-R&M-Karve Road PUN-ROM,10
JLL-AIRTEL-R&M-Pondicherry PON-TN,96
JLL-AIRTEL-R&M-Thorapadi VEL-TN,96
JLL-AIRTEL-R&M-Mylapore CHN-TN,96
JLL-AIRTEL-R&M-Chandkheda AHD-GUJ,123
JLL-AIRTEL-R&M-Bhelupur VAR-UPE,126
JLL-AIRTEL-R&M GILL ROAD LUD - AOR,14
JLL-AIRTEL-R&M-Hisar HSR-HAR,126
JLL-AIRTEL-R&M-Civil Lines JAB-MPCG,129
JLL-AIRTEL-R&M-Sardarpura UDP-RAJ,129
JLL-AIRTEL-R&M-Bhilwara BLW-RAJ,129
JLL-AIRTEL-R&M-M V Road MUM-MUM,11
JLL-AIRTEL-R&M-Pimpri PUN-ROM,10
JLL-AIRTEL-R&M-Trichy Road CMB-TN,96
JLL-AIRTEL-R&M-Dharampura BZR PTL-PB,14
JLL-AIRTEL-R&M-Civil Road RTK-HAR,126
JLL-AIRTEL-R&M-Tikam Plaza GWH-NESA,19
JLL-AIRTEL-R&M-City Centre AGA-NESA,19
JLL-AIRTEL-R&M-Kopar Khairane MUM-MUM,11
JLL-AIRTEL-R&M-Mumbai Central MUM-MUM,11
JLL-AIRTEL-R&M-Alipur KOL-WB,19
JLL-AIRTEL-R&M-Kandivali MUM-MUM,11
JLL-AIRTEL-R&M-Anand ANA-GUJ,123
JLL-AIRTEL-R&M-Gandhidham GDD-GUJ,123
JLL-AIRTEL-R&M-Bandra Linking Road MUM-MUM,11
JLL-AIRTEL-R&M-Pratap Nagar JPR-RAJ,129
JLL-AIRTEL-R&M-Kalyan West MUM-MUM,11
JLL-AIRTEL-R&M-Royapuram CHN-TN,96
JLL-AIRTEL-R&M-Arumbakkam CHN-TN,96
JLL-AIRTEL-R&M-Bharathiar Road CMB-TN,96
JLL-AIRTEL-R&M-Pandri RAI-MPCG,129
JLL-AIRTEL-R&M-Bhilai BHI-MPCG,129
JLL-AIRTEL-R&M-Ridhi Sidhi Chowk JPR-RAJ,129
JLL-AIRTEL-R&M-SR Nagar HYD-AP,124
JLL-AIRTEL-R&M-Kolhapur KLH-ROM,10
JLL-AIRTEL-R&M-Dargah Road AUR-ROM,50
JLL-AIRTEL-R&M-Sanjauli Road SHM-HP,14
JLL-AIRTEL-R&M-Shingar Road LUD-PB,14
JLL-AIRTEL-R&M-Sec 15 CHD-PB,14
JLL-AIRTEL-R&M-MVP Colony VSK-AP,124
JLL-AIRTEL-R&M-Zion Complex GYA-BHJ,82
JLL-AIRTEL-R&M-Sankalp Square Drive in AHD-GUJ,123
JLL-AIRTEL-R&M-Balaji Chowk RJK-GUJ,123
JLL-AIRTEL-R&M-T Nagar CHN-TN,96
JLL-AIRTEL-R&M-Kalpataru JOD-RAJ,129
JLL-AIRTEL-R&M-BT Road KOL-WB,19
JLL-AIRTEL-R&M-Gowrivakkam CHN-TN,96
JLL-AIRTEL-R&M-Jamnagar JNG-GUJ,123
JLL-AIRTEL-R&M-Dombivli MUM-MUM,11
JLL-AIRTEL-R&M-Magarpatta Hadapsar PUN-ROM,10
JLL-AIRTEL-R&M-Pimple Saudagar PUN-ROM,10
JLL-AIRTEL-R&M-Kukatpally2 HYD-AP,124
JLL-AIRTEL-R&M-Madhapur KSR Tower HYD-AP,124
JLL-AIRTEL-R&M-Hitech City HYD-AP,124
JLL-AIRTEL-R&M-Nalasupara NAL-ROM,50
JLL-AIRTEL-R&M-Kalyani Nagar PUN-ROM,10
JLL-AIRTEL-R&M-Girgaum MUM-MUM,11
JLL-AIRTEL-R&M-Sardul Ganj BKN-RAJ,129
JLL-AIRTEL-R&M-Malad West Link Road MUM-MUM,11
JLL-AIRTEL-R&M-Vashi MUM-MUM,11
JLL-AIRTEL-R&M-Kondapur HYD-AP,124
JLL-AIRTEL-R&M-Adayar CHN-TN,96
JLL-AIRTEL-R&M-JP Nagar Sarakki BLR-KK,196
JLL-AIRTEL-R&M-Malleshwaram Sampige BLR-KK,196
JLL-AIRTEL-R&M-Whitefield BMTC BLR-KK,196
JLL-AIRTEL-R&M-Ambadi Road Junction VAS-ROM,50
JLL-AIRTEL-R&M-Avadi CHN-TN,96
JLL-AIRTEL-R&M-Vapi VAP-GUJ,123
JLL-AIRTEL-R&M-Vaishali Nagar AJM-RAJ,129
JLL-AIRTEL-R&M-Gandhi Maidan PTN-BHJ,82
JLL-AIRTEL-R&M-Ramnagar SUR-GUJ,123
JLL-AIRTEL-R&M-Indraprastha Tower IDR-MPCG,129
JLL-AIRTEL-R&M-Sapna Sangeeta IDR-MPCG,129
JLL-AIRTEL-R&M-Orbit Mall IDR-MPCG,129
JLL-AIRTEL-R&M-Model Town Ph 3 BTI-PB,14
JLL-AIRTEL-R&M-Valabh Nagar Extn KOT-RAJ,129
JLL-AIRTEL-R&M-Bank Colony Road BLR-KK,196
JLL-AIRTEL-R&M-Old City LUD-PB,14
JLL-AIRTEL-R&M-Sec 10 MOH-PB,14
JLL-AIRTEL-R&M-Kankarbagh PTN-BHJ,82
JLL-AIRTEL-R&M-Pammal CHN-TN,96
JLL-AIRTEL-R&M-Iyyappan CHN-TN,96
JLL-AIRTEL-R&M-4 Bungalows MUM-MUM,11
JLL-AIRTEL-R&M-Panvel MUM-MUM,11
JLL-AIRTEL-R&M-Vesu Road SUR-GUJ,123
JLL-AIRTEL-R&M-Ambawadi AHD-GUJ,123
JLL-AIRTEL-R&M HARMU ROAD - AOR,82
JLL-AIRTEL-R&M-Sec 20 PCK-PB,126
JLL-AIRTEL-R&M-Mahanagar LKO-UPE,126
JLL-AIRTEL-R&M-Chaitanya Puri HYD-AP,124
JLL-AIRTEL-R&M-AS Rao Nagar HYD-AP,124
JLL-AIRTEL-R&M-Dairy Road VAD-GUJ,123
JLL-AIRTEL-R&M-Chaukhandi VAD-GUJ,123
JLL-AIRTEL-R&M-Ghatlodia AHD-GUJ,123
JLL-AIRTEL-R&M-Alwarpet NGS-TN,96
JLL-AIRTEL-R&M-NextGen Tonk Road-RAJ,129
JLL-AIRTEL-R&M-Nextgen Hirabaug-GUJ,123
JLL-AIRTEL-R&M-Nextgen Naranpura-GUJ,123
JLL-AIRTEL-R&M-Nextgen Paldi-GUJ,123
JLL-AIRTEL-R&M-Nextgen Bapunagar-GUJ,123
JLL-AIRTEL-R&M-Nextgen Nizampura-GUJ,123
JLL-AIRTEL-R&M-Nextgen Althan AOR-GUJ,123
JLL-AIRTEL-R&M-Sadar Bazar Solapur-ROM,50
JLL-AIRTEL-R&M-Camac Street KOL-WB,19
JLL-AIRTEL-R&M-Himayat Nagar HYD-AP,124
JLL-AIRTEL-R&M-RTC Cross Road HYD-AP,124
JLL-AIRTEL-R&M-Shimla Lobby SHM-HP,14
JLL-AIRTEL-R&M-Subhash Chowk SNP-HAR,126
JLL-AIRTEL-R&M-Prem Nagar AMB-HAR,126
JLL-AIRTEL-R&M-Kasturi Nagar BLR-KK,196
JLL-AIRTEL-R&M-Mandi Lobby MND-HP,14
JLL-AIRTEL-R&M-Sector 27 CHD-PB,14
JLL-AIRTEL-R&M-CP Ramaswami Road CHN-TN,96
JLL-AIRTEL-R&M-Thiruvanmiyur CHN-TN,96
JLL-AIRTEL-R&M-Kundalahalli Main Road BLR-KK,196
JLL-AIRTEL-R&M-Adajan SUR-GUJ,123
JLL-AIRTEL-R&M-Kakurgachi KOL-WB,19
JLL-AIRTEL-R&M-Ranipur Mod HDW-UPW,83
JLL-AIRTEL-R&M-Dwarka Nagar VSK-AP,124
JLL-AIRTEL-R&M-Ludhiana Lobby LUD-PB,14
JLL-AIRTEL-R&M-Bakshi Nagar JAM-JK,14
JLL-AIRTEL-R&M-Mira Road MUM-MUM,11
JLL-AIRTEL-R&M-Chinar Park KOL-WB,19
JLL-AIRTEL-R&M-Bel Road BLR-KK,196
JLL-AIRTEL-R&M-Prahladnagar AHD-GUJ,123
JLL-AIRTEL-R&M-Sarthana SUR-GUJ,123
JLL-AIRTEL-R&M-OP Road VAD-GUJ,123
JLL-AIRTEL-R&M-Liluah KOL-WB,19
JLL-AIRTEL-R&M-Kasba KOL-WB,19
JLL-AIRTEL-R&M-Ganapathy CMB-TN,96
JLL-AIRTEL-R&M-Kaggadasapura BLR-KK,196
JLL-AIRTEL-R&M-Ulhasnagar ULH-ROM,50
JLL-AIRTEL-R&M-Belapur MUM-MUM,11
JLL-AIRTEL-R&M-Dilsukhnagar HYD-AP,124
JLL-AIRTEL-R&M-Kukatpally HYD-AP,124
JLL-AIRTEL-R&M-Jayanagar BLR-KK,196
JLL-AIRTEL-R&M-Cunningham Road BLR-KK,196
JLL-AIRTEL-R&M-MI Road JPR-RAJ,129
JLL-AIRTEL-R&M-G S Road SHI-NESA,19
JLL-AIRTEL-R&M-Begumpet HYD-AP,124
JLL-AIRTEL-R&M-Abids HYD-AP,124
JLL-AIRTEL-R&M-AB Shetty MNG-KK,196
JLL-AIRTEL-R&M-Lal Bagh MNG-KK,196
JLL-AIRTEL-R&M-Tiger circle MAN-KK,196
JLL-AIRTEL-R&M-Nehru Nagar BEL-KK,196
JLL-AIRTEL-R&M-Gandhi Nagar BLR-KK,196
JLL-AIRTEL-R&M-D B Road CMB-TN,96
JLL-AIRTEL-R&M-Vaishali JPR-RAJ,129
JLL-AIRTEL-R&M-Kamraj Salai MDR-TN,96
JLL-AIRTEL-R&M-Mugappair CHN-TN,96
JLL-AIRTEL-R&M-Aynavaram CHN-TN,96
JLL-AIRTEL-R&M-Arcot Road Porur CHN-TN,96
JLL-AIRTEL-R&M-Velachery Road CHN-TN,96
JLL-AIRTEL-R&M-Guntur GNT-AP,124
JLL-AIRTEL-R&M-City Centre KOL-WB,19
JLL-AIRTEL-R&M-Beltola GWH-NESA,19
JLL-AIRTEL-R&M-Spectrum House SLG-WB,19
JLL-AIRTEL-R&M-Durgapur DGP-WB,19
JLL-AIRTEL-R&M-Madhavpur HYD-AP,124
JLL-AIRTEL-R&M-Prabhadevi MUM-MUM,11
JLL-AIRTEL-R&M-Santacruz West MUM-MUM,11
JLL-AIRTEL-R&M-Fort MUM-MUM,11
JLL-AIRTEL-R&M-Tilak Road PUN-ROM,10
JLL-AIRTEL-R&M-Lower Parel MUM-MUM,11
JLL-AIRTEL-R&M-Sarat Bose Road KOL-WB,19
JLL-AIRTEL-R&M-C G Road AHD-GUJ,123
JLL-AIRTEL-R&M-Ameerpet HYD-AP,124
JLL-AIRTEL-R&M-Paradise HYD-AP,124
JLL-AIRTEL-R&M-Kadavantara ENK-KER,96
JLL-AIRTEL-R&M-Indranagar BLR-KK,196
JLL-AIRTEL-R&M-Sec 11 PCK-PB,126
JLL-AIRTEL-R&M-Nungambakkam CHN-TN,96
JLL-AIRTEL-R&M-Nandi Durga BLR-KK,196
JLL-AIRTEL-R&M-Sec 22 CHD-PB,14
JLL-AIRTEL-R&M-Goregaon West MUM-MUM,11
JLL-AIRTEL-R&M-Thane Naupada THA-MUM,11
JLL-AIRTEL-R&M PATLIPUTRA - AOR,82
JLL-AIRTEL-R&M-Mall Road SHM-HP,14
JLL-AIRTEL-R&M-Divyashree BLR-KK,196
JLL-AIRTEL-R&M-Lawrence Road ASR-PB,14
JLL-AIRTEL-R&M BOKARO MALL - AOR,82
JLL-AIRTEL-R&M-Awas Vikas Market SAH-UPW,126
JLL-AIRTEL-R&M-Civil Line BRL-UPW,126
JLL-AIRTEL-R&M-Vile Parle MUM-MUM,11
JLL-AIRTEL-R&M-Boring Road PTN-BHJ,82
JLL-AIRTEL-R&M-Gachibawli HYD-AP,124
JLL-AIRTEL-R&M-Gulbarga GLB-KK,196
JLL-AIRTEL-R&M-Kalidasa MYS-KK,196
JLL-AIRTEL-R&M-Koramangala BLR-KK,196
JLL-AIRTEL-R&M-Uttarahalli BLR-KK,196
JLL-AIRTEL-R&M HARI OM TOWER - AOR,82
JLL-AIRTEL-R&M-Raja Park JPR-RAJ,129
JLL-AIRTEL-R&M-Tolichowki HYD-AP,124
JLL-AIRTEL-R&M-Vanasthalipuram HYD-AP,124
JLL-AIRTEL-R&M-Karkhana HYD-AP,124
JLL-AIRTEL-R&M-Bank Mod DNB-BHJ,82
JLL-AIRTEL-R&M-Bistupur JMS-BHJ,82
JLL-AIRTEL-R&M-Zodiac Square AHD-GUJ,123
JLL-AIRTEL-R&M-Bellary BEA-KK,196
JLL-AIRTEL-R&M-Ambattur CHN-TN,96
JLL-AIRTEL-R&M-Bharti House AHD-GUJ,123
JLL-AIRTEL-R&M PRADHAN TOWER - AOR,82
JLL-AIRTEL-R&M-Raja Bazar PTN-BHJ,82
JLL-AIRTEL-R&M-Sakchi JMS-BHJ,82
JLL-AIRTEL-R&M-Jaydev vihar BBN-ORR,19
JLL-AIRTEL-R&M-Rourkela ROU-ORR,19
JLL-AIRTEL-R&M-Chandanagar HYD-AP,124
JLL-AIRTEL-R&M-Habshiguda HYD-AP,124
JLL-AIRTEL-R&M-Jubilee Hills HYD-AP,124
JLL-AIRTEL-R&M-Vizag Lobby VSK-AP,124
JLL-AIRTEL-R&M-Gajuwaka VSK-AP,124
JLL-AIRTEL-R&M-Ramamurty BLR-KK,196
JLL-AIRTEL-R&M-Ashwini Complex RCR-KK,196
JLL-AIRTEL-R&M-JP Nagar BLR-KK,196
JLL-AIRTEL-R&M-Sahakar Nagar BLR-KK,196
JLL-AIRTEL-R&M-Hassan HSN-KK,196
JLL-AIRTEL-R&M-Vignan Nagar BLR-KK,196
JLL-AIRTEL-R&M-Hospet HSP-KK,196
JLL-AIRTEL-R&M-Hinoo RAN-BHJ,82
JLL-AIRTEL-R&M-Vidyaranpura BLR-KK,196
JLL-AIRTEL-R&M-Annanagar-TN,96
JLL-AIRTEL-R&M-Rajkot lobby RJK-GUJ,123
JLL-AIRTEL-R&M-Dhaba Garden VSK-AP,124
JLL-AIRTEL-R&M-Avinashi Road CMB-TN,96
JLL-AIRTEL-R&M-Santhome lobby CHN-TN,96
JLL-AIRTEL-R&M-vijaywada lobby VJW-AP,124
JLL-AIRTEL-R&M-Ghod Dod Road SUR-GUJ,123
JLL-AIRTEL-R&M-Saket nagar IDR-MPCG,129
JLL-AIRTEL-R&M-Giriraj Complex IDR-MPCG,129
JLL-AIRTEL-R&M-Minarva Mall AMB-HAR,126
JLL-AIRTEL-R&M-Sec 35 C CHD-PB,14
JLL-AIRTEL-R&M-Sarabha Nagar LUD-PB,14
JLL-AIRTEL-R&M-Hazratganj LKO-UPE,126
JLL-AIRTEL-R&M-Somdutt Plaza KNP-UPE,126
JLL-AIRTEL-R&M-Begumpul MEE-UPW,126
JLL-AIRTEL-R&M-3B2 CHD-PB,14
JLL-AIRTEL-R&M-Leela Bhavan PTL-PB,14
JLL-AIRTEL-R&M-Race Course VAD-GUJ,123
JLL-AIRTEL-R&M-Chintal HYD-AP,124
JLL-AIRTEL-R&M-JP Nagar 2 BLR-KK,196
JLL-AIRTEL-R&M-TONK Road JPR-RAJ,129
JLL-AIRTEL-R&M-Alambagh LKO-UPE,126
JLL-AIRTEL-R&M-Gomtinagar LKO-UPE,126
JLL-AIRTEL-R&M-Civil Lines ALH-UPE,126
JLL-AIRTEL-R&M-Bijapur BIP-KK,196
JLL-AIRTEL-R&M-Kengeri BLR-KK,196
JLL-AIRTEL-R&M-Mansarovar JPR-RAJ,129
JLL-AIRTEL-R&M-Ashok Nagar CHN-TN,96
JLL-AIRTEL-R&M-Sanjay Palace AGR-UPW,126
JLL-AIRTEL-R&M-Tolliganj KOL-WB,19
JLL-AIRTEL-R&M-Dumdum KOL-WB,19
JLL-AIRTEL-R&M-Sec 5 KOL-WB,19
JLL-AIRTEL-R&M-Bidar BID-KK,196
JLL-AIRTEL-R&M-Tilakwadi BEL-KK,196
JLL-AIRTEL-R&M-Devangere DAV-KK,196
JLL-AIRTEL-R&M-Hall Bazar ASR-PB,14
JLL-AIRTEL-R&M-Barasaat KOL-WB,19
JLL-AIRTEL-R&M-Rampur Road MOR-UPW,126
JLL-AIRTEL-R&M-Ring Road Surat SUR-GUJ,123
JLL-AIRTEL-R&M-Tumkur TUM-KK,196
JLL-AIRTEL-R&M-Kammanhalli BLR-KK,196
JLL-AIRTEL-R&M-BH Road SMG-KK,196
JLL-AIRTEL-R&M-Hesaraghatta BLR-KK,196
JLL-AIRTEL-R&M-CIDCO AUR-ROM,50
JLL-AIRTEL-R&M-Wanowrie PUN-ROM,10
JLL-AIRTEL-R&M-Zoo Road GWH-NESA,19
JLL-AIRTEL-R&M-B S Circle ALW-RAJ,129
JLL-AIRTEL-R&M-Club Road MUZ-BHJ,82
JLL-AIRTEL-R&M-Model town JLD-PB,14
JLL-AIRTEL-R&M-Jyoti chowk JLD-PB,14
JLL-AIRTEL-R&M-Maratahalli BLR-KK,196
JLL-AIRTEL-R&M-Thippasandra BLR-KK,196
JLL-AIRTEL-R&M-Hubli HUB-KK,196
JLL-AIRTEL-R&M-Vidhyadhar Nagar JPR-RAJ,129
JLL-AIRTEL-R&M-Kurnool KUR-AP,124
JLL-AIRTEL-R&M-Warangal WAR-AP,124
JLL-AIRTEL-R&M-Bowenpally HYD-AP,124
JLL-AIRTEL-R&M-Malkajgiri HYD-AP,124
JLL-AIRTEL-R&M-MP Nagar BHO-MPCG,129
JLL-AIRTEL-R&M-Yelahanka BLR-KK,196
JLL-AIRTEL-R&M-Rajahmundri RJM-AP,124
JLL-AIRTEL-R&M-Rajpur Road DDN-UPW,83
JLL-AIRTEL-R&M-CHATHRAM TCP-TN,96
JLL-AIRTEL-R&M-Perambur CHN-TN,96
JLL-AIRTEL-R&M-Madipakkam CHN-TN,96
JLL-AIRTEL-R&M-Arcade Mall JPR-RAJ,129
JLL-AIRTEL-R&M-Opera House MUM-MUM,11
JLL-AIRTEL-R&M-Kadugodi BLR-KK,196
JLL-AIRTEL-R&M-RT Nagar BLR-KK,196
JLL-AIRTEL-R&M-Andheri East MUM-MUM,11
JLL-AIRTEL-R&M-Mulund MUM-MUM,11
JLL-AIRTEL-R&M-Paud Road PUN-ROM,10
JLL-AIRTEL-R&M-Vidyanagar HUB-KK,196
JLL-AIRTEL-R&M-Govind Nagar KNP-UPE,126
JLL-AIRTEL-R&M-Kakinada KKN-AP,124
JLL-AIRTEL-R&M-College Road NSK-ROM,50
JLL-AIRTEL-R&M-Powai MUM-MUM,11
JLL-AIRTEL-R&M-Hewett Road ALH-UPE,126
JLL-AIRTEL-R&M-URS Road MYS-KK,196
JLL-AIRTEL-R&M-Sanganer JPR-RAJ,129
JLL-AIRTEL-R&M-Fatehganj VAD-GUJ,123
JLL-AIRTEL-R&M-Kundanoor ENK-KER,96
JLL-AIRTEL-R&M-Chembur MUM-MUM,11
JLL-AIRTEL-R&M-Bannerghatta BLR-KK,196
JLL-AIRTEL-R&M-Isanpur AHD-GUJ,123
JLL-AIRTEL-R&M-Vijaya Nagar BLR-KK,196
JLL-AIRTEL-R&M-Dharampeth NAG-ROM,50
JLL-AIRTEL-R&M-Egmore CHN-TN,96
JLL-AIRTEL-R&M-Brigade Metropolis KK-KK,196
JLL-AIRTEL-R&M-KK Nagar MDR-TN,96
JLL-AIRTEL-R&M-Borivali Shimpoli MUM-MUM,11
JLL-AIRTEL-R&M-Kunjpura Road KRN-HAR,126
JLL-AIRTEL-R&M-GT Road PPT-HAR,126
JLL-AIRTEL-R&M ANGAR COMPLEX - AOR,82
JLL-AIRTEL-R&M-Gwalior Lobby GWL-MPCG,129
JLL-AIRTEL-R&M-Attapur HYD-AP,124
JLL-AIRTEL-R&M-Punjagutta HYD-AP,124
JLL-AIRTEL-R&M-Eluru Road VJW-AP,124
JLL-AIRTEL-R&M-Hameedia Centre Complex CHN-TN,96
JLL-AIRTEL-R&M-Sarjapur Road BLR-KK,196
JLL-AIRTEL-R&M-Essel Tower MNG-KK,196
JLL-AIRTEL-R&M-Pattom THI-KER,96
JLL-AIRTEL-R&M-Lokhandwala MUM-MUM,11
JLL-AIRTEL-R&M-Sion MUM-MUM,11
JLL-AIRTEL-R&M-Chopasani Road JOD-RAJ,129
JLL-AIRTEL-R&M-Malviya Nagar JPR-RAJ,129
JLL-AIRTEL-R&M-Indra Nagar LKO-UPE,126
JLL-AIRTEL-R&M-Maldahiya VAR-UPE,126
JLL-AIRTEL-R&M-Chakrata Road DDN-UPW,83
JLL-AIRTEL-R&M-Shiva Plaza SAL-TN,96
JLL-AIRTEL-R&M-Godhra-GUJ,123
JLL-AIRTEL-R&M-Bharuch-GUJ,123
JLL-AIRTEL-R&M-Salem Gugai-RoTN,96
JLL-AIRTEL-R&M-Arya nagar-UPE,126
JLL-AIRTEL-R&M-Coco coal chaurah-UPE,126
JLL-AIRTEL-R&M-Surendranagar-GUJ,123
JLL-AIRTEL-R&M-Mehdipatnam-AP,124
JLL-AIRTEL-R&M-Hanamkonda-RoAP,124
JLL-AIRTEL-R&M-TirumalGiri-AP,124
JLL-AIRTEL-R&M-Munshipulia-UPE,126
JLL-AIRTEL-R&M-Nalagonda-RoAP,124
JLL-AIRTEL-R&M-New Ankleshwar-GUJ,123
JLL-AIRTEL-R&M-Worli-MUM,11
JLL-AIRTEL-R&M-Uppal-AP,124
JLL-AIRTEL-R&M-Mallapur-AP,124
JLL-AIRTEL-R&M-Anantpur-RoAP,124
JLL-AIRTEL-R&M-Chittoor-RoAP,124
JLL-AIRTEL-R&M-NAD Junction Vizag VSK-AP,124
EFS-YES BANK-Worli,196
EFS-YES BANK-Fortune Global,204
EFS-YES BANK-Chanakyapuri (Malcha Market ),126
EFS-YES BANK-Nariman Point,199
EFS-YES BANK-Chennai 1 - Nungambakkam,96
EFS-YES BANK-Hyderabad,124
EFS-YES BANK-Ahmedabad,123
EFS-YES BANK-Pune-Prabhat Road,10
EFS-YES BANK-Baroda,123
EFS-YES BANK-Andheri (W),199
EFS-YES BANK-Surat,123
EFS-YES BANK-Mandi Gobindgarh,14
EFS-YES BANK-Srinagar,14
EFS-YES BANK-Noida,83
EFS-YES BANK-Chandigarh,14
EFS-YES BANK-South Extension,126
EFS-YES BANK-Russel Street,19
EFS-YES BANK-Lucknow,83
EFS-YES BANK-Madgaon,10
EFS-YES BANK-Faridabad,204
EFS-YES BANK-Nashik,199
EFS-YES BANK-Bangalore,196
EFS-YES BANK-Ludhiana,14
EFS-YES BANK-Jaipur,129
EFS-YES BANK-Surajpur,83
EFS-YES BANK-Manesar,204
EFS-YES BANK-Panjim,10
EFS-YES BANK-Nagpur,199
EFS-YES BANK-Aurangabad,199
EFS-YES BANK-Rajouri Garden,126
EFS-YES BANK-Rudrapur,83
EFS-YES BANK-Baddi,14
EFS-YES BANK-Bhilwara,129
EFS-YES BANK-Bhiwadi,129
EFS-YES BANK-Coimbatore,96
EFS-YES BANK-Dharuheda,204
EFS-YES BANK-Ghaziabad,83
EFS-YES BANK-Hinjavadi,199
EFS-YES BANK-Indore,129
EFS-YES BANK-Jodhpur,129
EFS-YES BANK-Kapurthala,14
EFS-YES BANK-Kolhapur,10
EFS-YES BANK-Moradabad,83
EFS-YES BANK-Cadell Road,199
EFS-YES BANK-Vizag,124
EFS-YES BANK-Raipur,129
EFS-YES BANK-Thippasandra,196
EFS-YES BANK-Udaipur,129
EFS-YES BANK-Agra,83
EFS-YES BANK-Amritsar,14
EFS-YES BANK-Boisar,199
EFS-YES BANK-Kashipur,83
EFS-YES BANK-Green Park,126
EFS-YES BANK-Muktsar,14
EFS-YES BANK-Rajpura,14
EFS-YES BANK-Chembur,199
EFS-YES BANK-Rai,204
EFS-YES BANK-Saket,126
EFS-YES BANK-Vashi,199
EFS-YES BANK-Mangalore,196
EFS-YES BANK-Bhavnagar,123
EFS-YES BANK-Guwahati,19
EFS-YES BANK-Kapashera,126
EFS-YES BANK-Durg-Bhilai,129
EFS-YES BANK-Vasai,199
EFS-YES BANK-New Friends Colony,126
EFS-YES BANK-Panipat,204
EFS-YES BANK-Jalandhar,14
EFS-YES BANK-Mathura,83
EFS-YES BANK-Kanpur,83
EFS-YES BANK-Bareilly,83
EFS-YES BANK-Vapi,123
EFS-YES BANK-Durgapur,19
EFS-YES BANK-Thane 1 - TALAUPALI THANE,199
EFS-YES BANK-Andheri (E),199
EFS-YES BANK-Salem,96
EFS-YES BANK-Ranchi,82
EFS-YES BANK-Rourkela,19
EFS-YES BANK-Fort,199
EFS-YES BANK-Model Town,126
EFS-YES BANK-Chhatarpur,126
EFS-YES BANK-Atta,83
EFS-YES BANK-Pathankot,14
EFS-YES BANK-Gajraula,83
EFS-YES BANK-Aligarh,83
EFS-YES BANK-Jhajjar,204
EFS-YES BANK-Jammu,14
EFS-YES BANK-Shimla,14
EFS-YES BANK-Kishangarh,129
EFS-YES BANK-Bhubaneswar,19
EFS-YES BANK-Chas Bokaro,82
EFS-YES BANK-Sriperumbudur,96
EFS-YES BANK-Kochi,96
EFS-YES BANK-Secunderabad,124
EFS-YES BANK-Rajkot,123
EFS-YES BANK-Thane 2,199
EFS-YES BANK-Ahmadnagar,199
EFS-YES BANK-Bodakdev,123
EFS-YES BANK-Waluj,199
EFS-YES BANK-Chennai 2 (Parry's),96
EFS-YES BANK-Wazirabad,204
EFS-YES BANK-Gurgaon 2 (Sec-14),204
EFS-YES BANK-Punjabi Bagh,126
EFS-YES BANK-Shakarpur,126
EFS-YES BANK-Baghpat,83
EFS-YES BANK-Mohali,14
EFS-YES BANK-Panchkula,204
EFS-YES BANK-Rajsamand,129
EFS-YES BANK-Kosi Kalan,83
EFS-YES BANK-Jhansi,83
EFS-YES BANK-Alwar,129
EFS-YES BANK-Dehradun,83
EFS-YES BANK-Allahabad,83
EFS-YES BANK-Goregaon,199
EFS-YES BANK-Khandsa,204
EFS-YES BANK-Bhopal,129
EFS-YES BANK-Ambala Cantt,204
EFS-YES BANK-Bahadurgarh,204
EFS-YES BANK-Ulhasnagar,199
EFS-YES BANK-Hosur,96
EFS-YES BANK-Vijayawada,124
EFS-YES BANK-Kalyan Dombivli,199
EFS-YES BANK-Pilani,129
EFS-YES BANK-Indirapuram,83
EFS-YES BANK-Howrah,19
EFS-YES BANK-Cheeka,204
EFS-YES BANK-Kundli,204
EFS-YES BANK-Neemrana,129
EFS-YES BANK-Dhand,204
EFS-YES BANK-Kasna,83
EFS-YES BANK-Bandra,199
EFS-YES BANK-Kondhave Khurd,199
EFS-YES BANK-Connaught Place,126
EFS-YES BANK-Sankhol,204
EFS-YES BANK-Katra,14
EFS-YES BANK-Dundahera,204
EFS-YES BANK-Badshahpur,204
EFS-YES BANK-Bawal,204
EFS-YES BANK-Phullanwal,14
EFS-YES BANK-Sahnewal,14
EFS-YES BANK-Nawansahar,14
EFS-YES BANK-Zirakpur,14
EFS-YES BANK-Ropar,14
EFS-YES BANK-Derabassi,14
EFS-YES BANK-Kharar,14
EFS-YES BANK-Nakodar,14
EFS-YES BANK-Itanagar,19
EFS-YES BANK-Silchar,19
EFS-YES BANK-Shillong,19
EFS-YES BANK-Aizawal,19
EFS-YES BANK-Gangtok,19
EFS-YES BANK-Agartala,19
EFS-YES BANK-Bangalore - Malleswaram,196
EFS-YES BANK-Ganaur,204
EFS-YES BANK-Shamshabad,124
EFS-YES BANK-Gohana,204
EFS-YES BANK-Bidhan Nagar,19
EFS-YES BANK-Sushant Lok,204
EFS-YES BANK-Metro,199
EFS-YES BANK-Juhu,199
EFS-YES BANK-Borivali,199
EFS-YES BANK-Janakpuri,126
EFS-YES BANK-Chandni Chowk,126
EFS-YES BANK-Jind,204
EFS-YES BANK-Karnal,204
EFS-YES BANK-Kaithal,204
EFS-YES BANK-Yamuna nagar,204
EFS-YES BANK-Bhatinda,14
EFS-YES BANK-DLF Cyber City ( Gurgaon -4),204
EFS-YES BANK-Tohana,204
EFS-YES BANK-Samalkha,204
EFS-YES BANK-DayalBagh,83
EFS-YES BANK-Sachin,123
EFS-YES BANK-Bhiwandi,199
EFS-YES BANK-Jorhat,19
EFS-YES BANK-Asansol,19
EFS-YES BANK-Adityapur,82
EFS-YES BANK-Saharanpur,83
EFS-YES BANK-Modinagar,83
EFS-YES BANK-Hyderabad 2 (Hi Tech City),124
EFS-YES BANK-Pitampura,126
EFS-YES BANK-Meera Bagh,126
EFS-YES BANK-Gandhinagar,123
EFS-YES BANK-Warangal,124
EFS-YES BANK-Bardoli,123
EFS-YES BANK-Lamington Road,199
EFS-YES BANK-Kolkata Dalhousie,19
EFS-YES BANK-Chittaurgarh,129
EFS-YES BANK-Sadar Bazaar,126
EFS-YES BANK-Anand,123
EFS-YES BANK-Vallabh Vidya Nagar,123
EFS-YES BANK-Mulund,199
EFS-YES BANK-Powai,199
EFS-YES BANK-Bangalore 2 (Jaya Nagar),196
EFS-YES BANK-Bangalore 3 (Kormangala),196
EFS-YES BANK-Tezpur,19
EFS-YES BANK-Navi Nerul,199
EFS-YES BANK-Narwana,204
EFS-YES BANK-Lajpat Nagar,126
EFS-YES BANK-Kamala Nagar,126
EFS-YES BANK-Karol Bagh,126
EFS-YES BANK-Dewas,129
EFS-YES BANK-Patiala,14
EFS-YES BANK-Okhla,126
EFS-YES BANK-Barabanki,83
EFS-YES BANK-Urmar Tanda,14
EFS-YES BANK-SV Road - Khar,199
EFS-YES BANK-Kandivili,199
EFS-YES BANK-Ghatkopar,199
EFS-YES BANK-Mira - Bhayandar,199
EFS-YES BANK-Mani Nagar (Ahmedabad 2),123
EFS-YES BANK-Navi Belapur,199
EFS-YES BANK-Navi Airoli,199
EFS-YES BANK-Jogeshwari,199
EFS-YES BANK-Sonepat,204
EFS-YES BANK-Navi Khargar,199
EFS-YES BANK-Navi Sanpada,199
EFS-YES BANK-Kalka,204
EFS-YES BANK-Solan,14
EFS-YES BANK-Malad,199
EFS-YES BANK-Badlapur,199
EFS-YES BANK-Meerut,83
EFS-YES BANK-Narnaul,204
EFS-YES BANK-Johari Bazar,129
EFS-YES BANK-Rohini,126
EFS-YES BANK-Rajinder Place,126
EFS-YES BANK-Mapusa,10
EFS-YES BANK-Vizianagaram,124
EFS-YES BANK-Nehru Place,126
EFS-YES BANK-Preet Vihar,126
EFS-YES BANK-Naraina Industrial Estate,126
EFS-YES BANK-Darya Ganj,126
EFS-YES BANK-Ram Vihar,126
EFS-YES BANK-MG Road,204
EFS-YES BANK-Fatehabad,204
EFS-YES BANK-Firozabad,83
EFS-YES BANK-Gorakhpur,83
EFS-YES BANK-Balotra,129
EFS-YES BANK-Bharuch,123
EFS-YES BANK-Banswara,129
EFS-YES BANK-Napeansea Road,199
EFS-YES BANK-APMC,199
EFS-YES BANK-Hubli -Dharwad,196
EFS-YES BANK-Hyderabad 3 (Banjara hills),124
EFS-YES BANK-Chennai 3 (Adyar),96
EFS-YES BANK-Puri,19
EFS-YES BANK-Patna,82
EFS-YES BANK-Nathdwara,129
EFS-YES BANK-Halol,123
EFS-YES BANK-Silvassa,123
EFS-YES BANK-Calangute,10
EFS-YES BANK-Chakan,199
EFS-YES BANK-Gurgaon - Sec 31,204
EFS-YES BANK-Burdwan,19
EFS-YES BANK-Santacruz,199
EFS-YES BANK-Dwarka,126
EFS-YES BANK-Vasant Vihar,126
EFS-YES BANK-Sardhana,83
EFS-YES BANK-Dasna,83
EFS-YES BANK-Mumbai - 4 Bungalows,199
EFS-YES BANK-Bandra East,199
EFS-YES BANK-Dhuri,14
EFS-YES BANK-Barnala,14
EFS-YES BANK-Ajnala,14
EFS-YES BANK-Chandigarh - Sector 35,14
EFS-YES BANK-Kartarpur,14
EFS-YES BANK-Chandigarh - Manimajra,14
EFS-YES BANK-Goraya,14
EFS-YES BANK-Nurmahal,14
EFS-YES BANK-Udhampur,14
EFS-YES BANK-New Delhi - Jhandewala,126
EFS-YES BANK-Mukerian,14
EFS-YES BANK-Sultanpur Lodhi,14
EFS-YES BANK-Mahilpur,14
EFS-YES BANK-Lohian Khas,14
EFS-YES BANK-New Delhi - Vasant Kunj,126
EFS-YES BANK-Dahej,123
EFS-YES BANK-Mallapuram,96
EFS-YES BANK-Kannur,96
EFS-YES BANK-Morinda,14
EFS-YES BANK-Krishna Nagar,126
EFS-YES BANK-Manali,14
EFS-YES BANK-Jangpura,126
EFS-YES BANK-Okhla Phase 3,126
EFS-YES BANK-Deoli,129
EFS-YES BANK-Khairthal,129
EFS-YES BANK-Mussoorie,83
EFS-YES BANK-Gulaothi,83
EFS-YES BANK-Ramnagar,83
EFS-YES BANK-Kurali,14
EFS-YES BANK-Shahpura,129
EFS-YES BANK-Dibai,83
EFS-YES BANK-Dhampur,83
EFS-YES BANK-Bilari,83
EFS-YES BANK-Jaspur,83
EFS-YES BANK-Marine Drive,199
EFS-YES BANK-Sumerpur,129
EFS-YES BANK-Nasirabad,129
EFS-YES BANK-Rayya,14
EFS-YES BANK-Bilara,129
EFS-YES BANK-Kolkata - Prince Anwar Shah Road,19
EFS-YES BANK-Nokha,129
EFS-YES BANK-Kolkata - C R avenue,19
EFS-YES BANK-Merta City,129
EFS-YES BANK-Chennai - Anna Nagar,96
EFS-YES BANK-Abu Road,129
EFS-YES BANK-Ahmedabad - Gurukul,123
EFS-YES BANK-Banur,14
EFS-YES BANK-New Delhi - Ashok Vihar,126
EFS-YES BANK-Kunda,83
EFS-YES BANK-Una,14
EFS-YES BANK-Dharamshala,14
EFS-YES BANK-Vijapur,123
EFS-YES BANK-Daman,123
EFS-YES BANK-Banga,14
EFS-YES BANK-Sendhwa,129
EFS-YES BANK-New Delhi - Kashmere Gate,126
EFS-YES BANK-Safdarjung Enclave Branch,126
EFS-YES BANK-Yeola,199
EFS-YES BANK-Kirti Nagar,126
EFS-YES BANK-Talegaon Dabhade,199
EFS-YES BANK-Kalyani,19
EFS-YES BANK-Rajgurunagar (Khed),199
EFS-YES BANK-Sion,199
EFS-YES BANK-Kandivili (w),199
EFS-YES BANK-Jalgaon,199
EFS-YES BANK-Shalimar Bagh,126
EFS-YES BANK-Thiruvanantapuram,96
EFS-YES BANK-Jasola,126
EFS-YES BANK-Jandiala,14
EFS-YES BANK-Begowal,14
EFS-YES BANK-Paonta Sahib,14
EFS-YES BANK-Nangal,14
EFS-YES BANK-Sohana,14
EFS-YES BANK-Ponda,10
EFS-YES BANK-Mandideep,129
EFS-YES BANK-Chiplun,199
EFS-YES BANK-Varca,10
EFS-YES BANK-Chikhli,123
EFS-YES BANK-Adalaj,123
EFS-YES BANK-Bavla,123
EFS-YES BANK-Sinnar,199
EFS-YES BANK-Ozar,199
EFS-YES BANK-Shikarpur,83
EFS-YES BANK-Pinjore,204
EFS-YES BANK-Niwai,129
EFS-YES BANK-Padra,123
EFS-YES BANK-Behror,129
EFS-YES BANK-Neem-Ka-Thana,129
EFS-YES BANK-Safidon,204
EFS-YES BANK-Deogarh,129
EFS-YES BANK-Pen,199
EFS-YES BANK-Dasuya,14
EFS-YES BANK-Anupshahr,83
EFS-YES BANK-Curchorem,10
EFS-YES BANK-Ujjain,129
EFS-YES BANK-Haileymandi,204
EFS-YES BANK-Badli,204
EFS-YES BANK-Khekra,83
EFS-YES BANK-Dhanbad,82
EFS-YES BANK-New Delhi - GK 2,126
EFS-YES BANK-New Delhi - Rohini 2,126
EFS-YES BANK-New Delhi - Vikas Puri,126
EFS-YES BANK-Firozpur Cantt.,14
EFS-YES BANK-Ludhiana - Milanganj,14
EFS-YES BANK-Rishikesh,83
EFS-YES BANK-Deesa,123
EFS-YES BANK-Kota,129
EFS-YES BANK-Ahmedabad - Naranpura,123
EFS-YES BANK-Unjha,123
EFS-YES BANK-Pune - Kalyani Nagar,10
EFS-YES BANK-Nashik - Nashik Road,199
EFS-YES BANK-Katargam,123
EFS-YES BANK-Surat - Varachha Road,123
EFS-YES BANK-Sehore (M),129
EFS-YES BANK-Pune - Aundh,199
EFS-YES BANK-Hyderabad - RP Road,124
EFS-YES BANK-Bangalore - Bannergatta Road,196
EFS-YES BANK-Ghodbunder Road,199
"EFS-YES BANK-S V Road, Kandivili (W)",199
EFS-YES BANK-Chennai - T Nagar,96
EFS-YES BANK-Lower Parel,199
EFS-YES BANK-Shahibaug,123
EFS-YES BANK-Shoppers Stop - Andheri (W),199
EFS-YES BANK-Colaba,199
EFS-YES BANK-Malviya Nagar-DL,126
EFS-YES BANK-Abids,124
EFS-YES BANK-POR,123
EFS-YES BANK-Mumbai - Saki Naka,199
EFS-YES BANK-Bangalore - J P Nagar,196
EFS-YES BANK-Roha,199
EFS-YES BANK-Kolkata - Alipore (Judges Court),19
EFS-YES BANK-Jabalpur,129
EFS-YES BANK-Kanpur - Govind Nagar,83
EFS-YES BANK-Chandigarh - Sector 17C,14
EFS-YES BANK-Deolali,199
EFS-YES BANK-Delhi - Mayur Vihar,126
EFS-YES BANK-Varanasi,83
EFS-YES BANK-Parel,199
EFS-YES BANK-Mysore,196
EFS-YES BANK-Gandhidham,123
EFS-YES BANK-Kottayam,96
EFS-YES BANK-Rajdhani Enclave,126
EFS-YES BANK-Chawri Bazar,126
EFS-YES BANK-Veera Desai Road,199
EFS-YES BANK-Mumbai - Pali Hill,199
EFS-YES BANK-Vile Parle East,199
EFS-YES BANK-Jamshedpur,82
EFS-YES BANK-Prabhadevi,199
EFS-YES BANK-Pimple Saudagar,10
EFS-YES BANK-Kollam,96
EFS-YES BANK-Bangalore - Banshankari,196
EFS-YES BANK-Amritsar - Hall Bazar,14
EFS-YES BANK-Delhi - Kalkaji,126
EFS-YES BANK-Delhi - Patel Nagar (East),126
EFS-YES BANK-Ludhiana - Sunder Nagar,14
EFS-YES BANK-Kurla-Mumbai,199
EFS-YES BANK-Ghaziabad - Vaishali,83
EFS-YES BANK-Delhi - Sunder Nagar,126
EFS-YES BANK-Moga,14
EFS-YES BANK-Kolkata - Tollygunj,19
EFS-YES BANK-Bhopal - Hamidiya Road,129
EFS-YES BANK-Rajkot - Ring road,123
EFS-YES BANK-Bangalore - Kamanhali,196
EFS-YES BANK-Hyderabad - Mehdipattanam,124
EFS-YES BANK-Indore - Gorakunj Choraya,129
EFS-YES BANK-Gurdaspur,14
EFS-YES BANK-Ahmedabad - Prahlad Nagar,123
EFS-YES BANK-Guwahati 3 - Beltola,19
EFS-YES BANK-Guwahati 2 - Fancy Bazar,19
EFS-YES BANK-Jaipur - Vaishali Nagar,129
EFS-YES BANK-Tiruppur,96
EFS-YES BANK-Tirupati,124
EFS-YES BANK-Hoshiarpur,14
EFS-YES BANK-Gurgaon - DLF Cross Point,204
EFS-YES BANK-Hyderabad - Jubilee Hills,124
EFS-YES BANK-Chandigarh - Sector 27,14
EFS-YES BANK-Baramati,199
EFS-YES BANK-Kharagpur,19
EFS-YES BANK-Kozhikode,96
EFS-YES BANK-Kankrola,204
EFS-YES BANK-Raisen,129
EFS-YES BANK-Dhar,129
EFS-YES BANK-Adampur-PB,14
EFS-YES BANK-Jalandhar - Model Town,14
EFS-YES BANK-Bangalore - Sahakar Nagar,196
EFS-YES BANK-Delhi - East of Kailash,126
EFS-YES BANK-Ghaziabad - Rajinder Nagar,83
EFS-YES BANK-Thrissur,96
EFS-YES BANK-Delhi - Sector 7 Dwarka,126
EFS-YES BANK-Delhi - Hudson Lines,126
EFS-YES BANK-Hyderabad - Kukatpally,124
EFS-YES BANK-Vadodara - Kareili Baug,123
EFS-YES BANK-Chhindwara,129
EFS-YES BANK-Delhi - Janakpuri C Block,126
EFS-YES BANK-Tiruchirappalli,96
EFS-YES BANK-Delhi - Mohan Cooperative Area,126
EFS-YES BANK-Greater Mumbai - Chembur East,199
EFS-YES BANK-Jammu 2,14
EFS-YES BANK-Bilaspur,129
EFS-YES BANK-Tiruvalla,96
EFS-YES BANK-Bikaner,129
EFS-YES BANK-Dausa,129
EFS-YES BANK-Faridabad (NIT),204
EFS-YES BANK-Sas Nagar ( Mohali) - 3B2,14
EFS-YES BANK-Jamnagar,123
EFS-YES BANK-Bangalore - HSR Layout,196
EFS-YES BANK-Ankleshwar,123
EFS-YES BANK-Vidisha,129
EFS-YES BANK-Bangalore - BVK Iyengar,196
EFS-YES BANK-Sibsagar,19
EFS-YES BANK-Nagpur - Telephone Square chowk,199
EFS-YES BANK-Imphal,19
EFS-YES BANK-Puducherry,96
EFS-YES BANK-Dimapur,19
EFS-YES BANK-Jalandhar - Sodal Road,14
EFS-YES BANK-Ludhiana - BRS Nagar,14
EFS-YES BANK-Belgaum,196
EFS-YES BANK-Bhuj,123
EFS-YES BANK-Seoni Malwa,129
EFS-YES BANK-Greater Mumbai - Kanjur Marg,199
EFS-YES BANK-Pune - Bund Garden,10
EFS-YES BANK-Siliguri,19
EFS-YES BANK-Pipariya,129
EFS-YES BANK-Gwalior,129
EFS-YES BANK-Kochi 2,96
EFS-YES BANK-Agra - Sadar Bazar,83
EFS-YES BANK-Delhi - Tilak Nagar,126
EFS-YES BANK-Kolkata - Kankurgachi,19
EFS-YES BANK-Jhalawar,129
EFS-YES BANK-Greater Mumbai - Charni Road,199
EFS-YES BANK-Pune - Magarpatta,10
EFS-YES BANK-Hyderabad - Malakpet,124
EFS-YES BANK-Guntur,124
EFS-YES BANK-Noida - Sector 132,83
EFS-YES BANK-Chennai - R K Salai,96
EFS-YES BANK-Visakhapatnam - Dwarka Nagar,124
EFS-YES BANK-Greater Mumbai - Mulund West,199
EFS-YES BANK-Connaught Place 2,126
EFS-YES BANK-Delhi - Shastri Nagar,126
EFS-YES BANK-Bangalore - Vijay Nagar,196
EFS-YES BANK-Khanna,14
EFS-YES BANK-Ludhiana - Sec 32,14
EFS-YES BANK-Srinagar 2,14
EFS-YES BANK-Delhi - Old Rajinder Nagar,126
EFS-YES BANK-Delhi - Lajpat Nagar IV,126
EFS-YES BANK-Ajmer,129
EFS-YES BANK-Greater Mumbai - Warden Road,199
EFS-YES BANK-New Delhi - GK 1,126
EFS-YES BANK-Delhi - Vivek Vihar,126
EFS-YES BANK-Udupi - Manipal,196
EFS-YES BANK-Haridwar,83
EFS-YES BANK-Lucknow - Gomti Nagar,83
EFS-YES BANK-Cuttack,19
EFS-YES BANK-Delhi - Moti Nagar,126
EFS-YES BANK-Rajahmundry,124
EFS-YES BANK-Dariba,129
EFS-YES BANK-Delhi - New Rohtak Road,126
EFS-YES BANK-Patna 2,82
EFS-YES BANK-Ahmedabad - Relief Road,123
EFS-YES BANK-New Delhi - Rohini 3,126
EFS-YES BANK-Erode,96
EFS-YES BANK-Shahjahanpur,83
EFS-YES BANK-Delhi - Sector 23 Dwarka,126
EFS-YES BANK-Panchkula 2,204
EFS-YES BANK-Vadodara - Nizampura,123
EFS-YES BANK-Chennai - Mugappair,96
EFS-YES BANK-Chennai - Kilpauk,96
EFS-YES BANK-Pune - Market Yard,10
EFS-YES BANK-Nellore,124
EFS-YES BANK-Bangalore - Rajaji Nagar,196
EFS-YES BANK-Lucknow - Hewett Road,83
EFS-YES BANK-Rohtak,204
EFS-YES BANK-Delhi - Rajouri Garden 2,126
EFS-YES BANK-Delhi - Paschim Vihar,126
EFS-YES BANK-Mehsana,123
EFS-YES BANK-Bangalore - Cunningham Road,196
EFS-YES BANK-Delhi - Mayapuri,126
EFS-YES BANK-Pali,129
EFS-YES BANK-Kolkata - Bara Bazaar,19
EFS-YES BANK-Gurgaon - Palam Vihar,204
EFS-YES BANK-Pimpri Chinchwad,10
EFS-YES BANK-Chennai - R A Puram,96
EFS-YES BANK-Ahmedabad - Science City,123
EFS-YES BANK-Udaipur 2,129
EFS-YES BANK-Chandigarh - Sector 46,14
EFS-YES BANK-Bangalore - Jaya Nagar 2,196
EFS-YES BANK-Delhi - Pitampura 2,126
EFS-YES BANK-Gurgaon - Sector 15 II,204
EFS-YES BANK-Delhi - Karkardooma,126
EFS-YES BANK-Delhi - Dwarka More,126
EFS-YES BANK-Bangalore - Avenue Road,196
EFS-YES BANK-Bangalore - BEL Road,196
EFS-YES BANK-Delhi - Adarsh Nagar,126
EFS-YES BANK-Mormugao - Vasco,10
EFS-YES BANK-Allahabad 2,83
EFS-YES BANK-Pune - Viman Nagar,10
EFS-YES BANK-Ratangarh,129
EFS-YES BANK-Baran,129
EFS-YES BANK-Rawatbhata,129
EFS-YES BANK-Phalodi,129
EFS-YES BANK-Karauli,129
EFS-YES BANK-Dungarpur,129
EFS-YES BANK-Gangapur City,129
EFS-YES BANK-Hoshangabad,129
EFS-YES BANK-Harda,129
EFS-YES BANK-Bharwani,129
EFS-YES BANK-Rajgarh (Rajasthan),129
EFS-YES BANK-Bolpur,19
EFS-YES BANK-Bina,129
EFS-YES BANK-Pithampur,129
EFS-YES BANK-Rajgarh (MP),129
EFS-YES BANK-Shajapur,129
EFS-YES BANK-Shujalpur,129
EFS-YES BANK-Dholpur,129
EFS-YES BANK-Ramgarh,129
EFS-YES BANK-Lachhmangarh,129
EFS-YES BANK-Mandawar,129
EFS-YES BANK-Kherli,129
EFS-YES BANK-Bansur,129
EFS-YES BANK-Chennai - Ashok Nagar,96
EFS-YES BANK-Palakkad,96
EFS-YES BANK-Valsad,123
EFS-YES BANK-Coimbatore - R S Puram,96
EFS-YES BANK-Delhi - DB Gupta Road,126
EFS-YES BANK-Gaya,82
EFS-YES BANK-Bidhan Nagar II (Sector 1 Salt Lake),19
EFS-YES BANK-Bangalore - CMH Road,196
EFS-YES BANK-Chennai - KK Nagar,96
EFS-YES BANK-Bhopal - Bittan Market,129
EFS-YES BANK-Vadodara - Manjalpur,123
EFS-YES BANK-Bangalore - Whitefield,196
EFS-YES BANK-Noida - Sector 50,83
EFS-YES BANK-Surat - Vesu Road,123
EFS-YES BANK-Delhi - Janakpuri D Block,126
EFS-YES BANK-Noida - Sector 62,83
EFS-YES BANK-Amritsar - Batala Road,14
EFS-YES BANK-Moradabad II,83
EFS-YES BANK-Navsari,123
EFS-YES BANK-Ludhiana - Dugri Phase I,14
EFS-YES BANK-Ahmedabad - Bhuyangdev,123
EFS-YES BANK-Visakhapatnam - MVP Colony,124
EFS-YES BANK-Agra - Kamla Nagar,83
EFS-YES BANK-Jaipur - Vidyadhar Nagar,129
EFS-YES BANK-Bangalore - Whitefield 2,196
EFS-YES BANK-Rajkot - Bhakti Nagar,123
EFS-YES BANK-Panchkula - Sector 20,204
EFS-YES BANK-Gurgaon - Sector 55,204
EFS-YES BANK-Delhi - Guru Harkishan Nagar,126
EFS-YES BANK-Chennai - Triplicane,96
EFS-YES BANK-Visakhapatnam - NAD Junction,124
EFS-YES BANK-Pune - Sahakar Nagar,10
EFS-YES BANK-Palwal,204
EFS-YES BANK-Delhi - Peeragarhi,126
EFS-YES BANK-Delhi - Priyadarshini Vihar,126
EFS-YES BANK-Sas Nagar ( Mohali) - Phase 10,14
EFS-YES BANK-Morbi,123
EFS-YES BANK-Meerut - Delhi Road,83
EFS-YES BANK-Pune - Wakad,10
EFS-YES BANK-Borivali - Yogi Nagar,199
EFS-YES BANK-Coimbatore - Trichy Road,96
EFS-YES BANK-Roorkee,83
EFS-YES BANK-Chandigarh - Sector 37,14
EFS-YES BANK-Delhi - Tagore Park,126
EFS-YES BANK-Greater Mumbai - Matunga,199
EFS-YES BANK-Noida - Sector 18,83
EFS-YES BANK-Bangalore - Mahalakshmi Metro Station,196
EFS-YES BANK-Bangalore - Basaveshwara Nagar,196
EFS-YES BANK-Nadiad,123
EFS-YES BANK-Mahape,199
EFS-YES BANK-Kasba Vadgaon,199
EFS-YES BANK-Delhi - Defence Colony,126
EFS-YES BANK-Kochi - Padivattom,96
EFS-YES BANK-Santacruz (W) - S V Road,199
EFS-YES BANK-Hyderabad - Himayat Nagar,124
EFS-YES BANK-Haveri,196
EFS-YES BANK-Nagda,129
EFS-YES BANK-Manawar,129
EFS-YES BANK-Karatgi,196
EFS-YES BANK-Koppal,196
EFS-YES BANK-Yadgir,196
EFS-YES BANK-Sindhunur,196
EFS-YES BANK-Gurgaon - Sector 22,204
EFS-YES BANK-Vita,199
EFS-YES BANK-Kochi - Ravipuram,96
EFS-YES BANK-Dum Dum - Lake Town,19
EFS-YES BANK-Ludhiana - Model Town,14
EFS-YES BANK-Indore - Vijay Nagar,129
EFS-YES BANK-Umrane,199
EFS-YES BANK-Rajgarh (Dhar),129
EFS-YES BANK-Nashik - Ambad Road,199
EFS-YES BANK-Kareli,129
EFS-YES BANK-Bareli,129
EFS-YES BANK-Mandalgarh,129
EFS-YES BANK-Manvi,196
EFS-YES BANK-Lingasugur,196
EFS-YES BANK-Bhinder,129
EFS-YES BANK-Chomu,129
EFS-YES BANK-Kotputli,129
EFS-YES BANK-Jamner,199
EFS-YES BANK-Ghodegaon,199
EFS-YES BANK-Narsinghpur,129
EFS-YES BANK-Bhogpur,14
EFS-YES BANK-Shahkot,14
EFS-YES BANK-Lasalgaon,199
EFS-YES BANK-Chikkodi,196
EFS-YES BANK-Fatehnagar,129
EFS-YES BANK-Surat - Adajan,123
EFS-YES BANK-Gurgaon - Sector 49,204
EFS-YES BANK-Kolkata - Dalhousie II,19
EFS-YES BANK-Ladwa,204
EFS-YES BANK-Tigaon,204
EFS-YES BANK-Kadi,123
EFS-YES BANK-Kolkata - Ballygunge,19
EFS-YES BANK-Ramganj Mandi,129
EFS-YES BANK-Farrukh Nagar,204
EFS-YES BANK-Samrala,14
EFS-YES BANK-Delhi - Asaf Ali Road,126
EFS-YES BANK-Mudhol,196
EFS-YES BANK-Dholka,123
EFS-YES BANK-Visnagar,123
EFS-YES BANK-Sausar,129
EFS-YES BANK-Pandhurna,129
EFS-YES BANK-Hyderabad - Ramanthapur,124
EFS-YES BANK-Taj Nagar,204
EFS-YES BANK-Madlauda,204
EFS-YES BANK-Dehgam,123
EFS-YES BANK-Amalner,199
EFS-YES BANK-Jamkhandi,196
EFS-YES BANK-Shahbad,204
EFS-YES BANK-Jaitaran,129
EFS-YES BANK-Sojat Road,129
EFS-YES BANK-Pehowa,204
EFS-YES BANK-Nabha,14
EFS-YES BANK-Bhawani Mandi,129
EFS-YES BANK-Lalsot,129
EFS-YES BANK-Indapur,199
EFS-YES BANK-Kudal,199
EFS-YES BANK-Udaipurvati,129
EFS-YES BANK-Gurgaon - Sohna Road,204
EFS-YES BANK-Surat - Sahara Darwaza,123
EFS-YES BANK-Ahmedabad - Naroda,123
EFS-YES BANK-Amritsar - Ranjit Avenue,14
EFS-YES BANK-Mahalingpur,196
EFS-YES BANK-Parner,199
EFS-YES BANK-Srigonda,199
EFS-YES BANK-Borsad,123
EFS-YES BANK-Daund,199
EFS-YES BANK-Sangrur,14
EFS-YES BANK-Raver,199
EFS-YES BANK-Hukkeri,196
EFS-YES BANK-Waki Khurd,199
EFS-YES BANK-Junnar,199
EFS-YES BANK-Shahapur,196
EFS-YES BANK-Sohna,204
EFS-YES BANK-Dhariwal,14
EFS-YES BANK-Assandh,204
EFS-YES BANK-Punjabi Bagh II,126
EFS-YES BANK-Jaysinghpur,199
EFS-YES BANK-Uruli Kanchan,199
EFS-YES BANK-Sasvad,199
EFS-YES BANK-Falna,129
EFS-YES BANK-Rani,129
EFS-YES BANK-Kagal,199
EFS-YES BANK-Sunam,14
EFS-YES BANK-Sirhind,14
EFS-YES BANK-Doraha,14
EFS-YES BANK-Jagraon,14
EFS-YES BANK-Malpura,129
EFS-YES BANK-Shahpura (Jaipur),129
EFS-YES BANK-Nilokheri,204
EFS-YES BANK-Mahad,199
EFS-YES BANK-Kekri,129
EFS-YES BANK-Bhawanigarh,14
EFS-YES BANK-Jaipur - Pratap Nagar,129
EFS-YES BANK-Nawalgarh,129
EFS-YES BANK-Palus,199
EFS-YES BANK-Shevgaon,199
EFS-YES BANK-Sangamner,199
EFS-YES BANK-Tasgaon,199
EFS-YES BANK-Bangalore - Old Airport Road,196
EFS-YES BANK-Yaval,199
EFS-YES BANK-Vadgaon,199
EFS-YES BANK-Shirur,199
EFS-YES BANK-Old Panvel,199
EFS-YES BANK-Bangalore - Gandhi Bazaar,196
EFS-YES BANK-Chennai - Mount Road,96
EFS-YES BANK-KOTHAPET,124
EFS-YES BANK-Chennai - Sowcarpet,96
EFS-YES BANK-Greater Mumbai - Vikhroli West,199
EFS-YES BANK-Surat - Udhna Darwaza,123
EFS-YES BANK-Mangalore - Kadri,196
EFS-YES BANK-Bangalore - Marathahalli,196
EFS-YES BANK-Delhi - Sector 17 Dwarka,126
EFS-YES BANK-Nagpur - Khamla Square,199
EFS-YES BANK-Amreli,123
EFS-YES BANK-Vadodara - Raopura,123
EFS-YES BANK-Chaurai,129
EFS-YES BANK-Imlikheda,129
EFS-YES BANK-Jodhpur II,129
EFS-YES BANK-Malerkotla,14
EFS-YES BANK-Sawai Madhopur,129
EFS-YES BANK-Changanassery,96
EFS-YES BANK-Tuticorin,96
EFS-YES BANK-Virar,199
EFS-YES BANK-Dehradun - Chakrata Road,83
EFS-YES BANK-Bangalore - Frazer Town,196
EFS-YES BANK-Pune - Kharadi,10
EFS-YES BANK-Vijayawada II,124
EFS-YES BANK-Parasia,129
EFS-YES BANK-Mandawa,129
EFS-YES BANK-Pune - Kothrud,10
EFS-YES BANK-Faizabad,83
EFS-YES BANK-Bhatinda II,14
EFS-YES BANK-Dombivili (E),199
EFS-YES BANK-Tinsukiya,19
EFS-YES BANK-Batala,14
EFS-YES BANK-Rawatsar,129
EFS-YES BANK-Sangaria,129
EFS-YES BANK-Pilibanga,129
EFS-YES BANK-Samana,14
EFS-YES BANK-Mansa,14
EFS-YES BANK-Patran,14
EFS-YES BANK-Rampura Phul,14
EFS-YES BANK-Jaiton,14
EFS-YES BANK-Sikar,129
EFS-YES BANK-Amargarh,14
EFS-YES BANK-Pipli,204
EFS-YES BANK-Naraingarh,204
EFS-YES BANK-Ismailabad,204
EFS-YES BANK-Mandi,14
EFS-YES BANK-Tabakadonnihalli,196
EFS-YES BANK-Kotkapura,14
EFS-YES BANK-Greater Mumbai - Juhu Tara Road,199
EFS-YES BANK-Delhi - Mahavir Enclave,126
EFS-YES BANK-Bhadson,14
EFS-YES BANK-Porbandar,123
EFS-YES BANK-Delhi - Kohat Enclave,126
EFS-YES BANK-Phagwara,14
EFS-YES BANK-Greater Mumbai - Andheri Hubtown,199
EFS-YES BANK-Sirsa,204
EFS-YES BANK-Dum Dum - Nager Bazaar,19
EFS-YES BANK-Budhlada,14
EFS-YES BANK-Bangalore - Yelahanka,196
EFS-YES BANK-Patiala - DLF Colony,14
EFS-YES BANK-Veraval,123
EFS-YES BANK-Chandigarh - Sector 40,14
EFS-YES BANK-Kolkata - Kasba,19
EFS-YES BANK-Indri,204
EFS-YES BANK-Ahmedabad - Bapunagar,123
EFS-YES BANK-Vadnagar,123
EFS-YES BANK-Chittoor,124
EFS-YES BANK-Machilipatnam,124
EFS-YES BANK-Hyderabad - Vidyanagar,124
EFS-YES BANK-Goregaon East,199
EFS-YES BANK-Kolkata - Sarat Bose Road,19
EFS-YES BANK-Ratlam,129
EFS-YES BANK-Shri Dungargarh,129
EFS-YES BANK-Ludhiana - Humbaran Road,14
EFS-YES BANK-Dharwad,196
EFS-YES BANK-Ongole,124
EFS-YES BANK-Belgaum II,196
EFS-YES BANK-Bangalore - Peenya,196
EFS-YES BANK-Rajkot - Raiya Road,123
EFS-YES BANK-Kolkata - New Alipore,19
EFS-YES BANK-Delhi - Kirti Nagar II,126
EFS-YES BANK-Chennai - Besant Nagar,96
EFS-YES BANK-Surendranagar,123
EFS-YES BANK-Beawar,129
EFS-YES BANK-Delhi - Najafgarh,126
EFS-YES BANK-Gurgaon - Sector 47,204
EFS-YES BANK-Pune - NDA,10
EFS-YES BANK-Gadag,196
EFS-YES BANK-Chennai - Adyar Jn,96
EFS-YES BANK-Dhule,199
EFS-YES BANK-Gurgaon - Udyog Vihar,204
EFS-YES BANK-Chikmagalur,196
EFS-YES BANK-Raipur - GE Road,129
EFS-YES BANK-Greater Mumbai - Cuffe Parade,199
EFS-YES BANK-Mandsaur,129
EFS-YES BANK-Radaur,204
EFS-YES BANK-Chembur East - Swastik Park,199
EFS-YES BANK-Kurud,129
EFS-YES BANK-Kolhapur - Laxmipuri,10
EFS-YES BANK-Chennai - Mylapore,96
EFS-YES BANK-Guwahati 4 - Zoo Road,19
EFS-YES BANK-Jaipur - Mansarovar,129
EFS-YES BANK-Kalol,123
EFS-YES BANK-Lucknow - Munshipulia,83
EFS-YES BANK-Dibrugarh,19
EFS-YES BANK-Rajarhat Gopalpur - VIP Road,19
EFS-YES BANK-Bharatpur,129
EFS-YES BANK-Delhi - Pahadganj,126
EFS-YES BANK-Kakinada,124
EFS-YES BANK-Delhi - New Rajinder Nagar,126
EFS-YES BANK-Nashik - Satpur,199
EFS-YES BANK-Kochi - Panampilly Nagar,96
EFS-YES BANK-Anandpur Sahib,14
EFS-YES BANK-Kanpur - Kidwai Nagar,83
EFS-YES BANK-Chand,129
EFS-YES BANK-Mhow,129
EFS-YES BANK-Sagar-MP,129
EFS-YES BANK-Bijapur,196
EFS-YES BANK-Chandigarh - Sector 20,14
EFS-YES BANK-Delhi - Shahdara,126
EFS-YES BANK-Palanpur,123
EFS-YES BANK-Junagadh,123
EFS-YES BANK-Rewari,204
EFS-YES BANK-Jaipur - Tonk Road,129
EFS-YES BANK-Bangalore - ITPL,196
EFS-YES BANK-Chennai - Madipakkam,96
EFS-YES BANK-Kanpur - Jajmau,83
EFS-YES BANK-Chennai - Velachery,96
EFS-YES BANK-Dehradun - Patel Nagar,83
EFS-YES BANK-Bangalore - RT Nagar,196
EFS-YES BANK-Hyderabad - East Maredpally,124
EFS-YES BANK-Bangalore - J.C Road,196
EFS-YES BANK-Nagpur - Ramdaspeth,199
EFS-YES BANK-Delhi - G.T Karnal Road,126
EFS-YES BANK-Vadodara - Vasna Road,123
EFS-YES BANK-Himmatnagar,123
EFS-YES BANK-Delhi - West Patel Nagar,126
EFS-YES BANK-Raichur,196
EFS-YES BANK-Noida - Sector 34,83
EFS-YES BANK-Amravati,199
EFS-YES BANK-Bangalore - Electronic City,196
EFS-YES BANK-Bangalore - Jayanagar 7th Block,196
EFS-YES BANK-Ooty,96
EFS-YES BANK-Chennai - Perambur,96
EFS-YES BANK-Kanchipuram,96
EFS-YES BANK-Chennai - Koyambedu,96
EFS-YES BANK-Chamarajanagar,196
EFS-YES BANK-Allahabad - Thornhill Road,83
EFS-YES BANK-Jaipur - Raja Park,129
EFS-YES BANK-Vadodara - Waghodia Road,123
EFS-YES BANK-Sangli,199
EFS-YES BANK-Gorakhpur 2,83
EFS-YES BANK-L B NAGAR,124
EFS-YES BANK-Nagpur - Byramji Town,199
EFS-YES BANK-Ratnagiri,199
"EFS-YES BANK-Mfar Manyata, Bangalore",196
EFS-YES BANK-Ahmedabad - Vastrapur,123
EFS-YES BANK-Ahmedabad - Vatwa,123
EFS-YES BANK-Surat - Pandasera GIDC,123
EFS-YES BANK-Lucknow - LDA Lucknow,83
EFS-YES BANK-Kurnool,124
"EFS-YES BANK-Saibaba Colony, Coimbatore",96
EFS-YES BANK-Haldwani,83
EFS-YES BANK-Malout,14
EFS-YES BANK-Adampur-HR,204
EFS-YES BANK-Abohar,14
"EFS-YES BANK-Indirapuri, Bhopal",129
"EFS-YES BANK-City Light, Surat",123
"EFS-YES BANK-Wagle Estate, Thane",199
EFS-YES BANK-Bundi,129
EFS-YES BANK-Keshoraipatan,129
EFS-YES BANK-Amloh,14
EFS-YES BANK-Jarg,14
"EFS-YES BANK-Baghapurana, Punjab",14
EFS-YES BANK-Padampur,129
EFS-YES BANK-Kesrisinghpur,129
EFS-YES BANK-Sadhu Vaswani Road â€“ Rajkot,123
"EFS-YES BANK-Pal Road, Jodhpur",129
"EFS-YES BANK-Saravanapatti, Coimbatore",96
EFS-YES BANK-Rania,204
"EFS-YES BANK-Paldi, Gujarat",123
EFS-YES BANK-Halvad,123
"EFS-YES BANK-Hauz Khas, Delhi",126
EFS-YES BANK-Karanpur,129
EFS-YES BANK-Valasaravakkam,96
"EFS-YES BANK-Adani Port branch, Mundra",123
"EFS-YES BANK-Alpha Market, Greater Noida",83
EFS-YES BANK-Shantigram Township- Ahmedabad,123
EFS-YES BANK-Selaiyur,96
"EFS-YES BANK-Sapna Sangeeta Road, Indore",129
EFS-YES BANK-Krishnapatnam Port,124
"EFS-YES BANK-Gachibowli Branch, Hyderabad",124
"EFS-YES BANK-Lokhandwala complex, Andheri (west) branch",199
EFS-YES BANK-Sector 78 Noida,83
"EFS-YES BANK-Varanasi, Ramkatora",83
EFS-YES BANK-CR Park,126
EFS-YES BANK-Nagaon Assam,19
EFS-YES BANK-Pipliyana,129
EFS-YES BANK-Tiruchengode,96
EFS-YES BANK-Sadashiva Nagar,196
EFS-YES BANK-Thaltej,123
EFS-YES BANK-Baner,10
EFS-YES BANK-Bhavani,96
EFS-YES BANK-Gobichettipalayam,96
EFS-YES BANK-Barbil,19
EFS-YES BANK-Talwandi - Kota,129
EFS-YES BANK-Siliguri -SF Road,19
EFS-YES BANK-Gariahat,19
EFS-YES BANK-Rajarajeshwari nagar,196
EFS-YES BANK-Ranebennur,196
EFS-YES BANK-Sirsi,196
EFS-YES BANK-Ashok Road-KA,196
EFS-YES BANK-Chennagiri,196
EFS-YES BANK-New Panvel,199
EFS-YES BANK-Sama Savli,123
EFS-YES BANK-Laskhar - Gwalior,129
EFS-YES BANK-Ambala city,204
EFS-YES BANK-Gangavathi,196
EFS-YES BANK-Mumbai - SEEPZ,199
EFS-YES BANK-Siana,83
EFS-YES BANK-Bhinmal,129
EFS-YES BANK-Kangra,14
EFS-YES BANK-Ghoti - Igatpuri,199
EFS-YES BANK-Bodeli,123
EFS-YES BANK-Khandevla,204
EFS-YES BANK-Kherla,204
EFS-YES BANK-Hayatpur,204
EFS-YES BANK-Nawada Fatehpur,204
EFS-YES BANK-Kabri,204
EFS-YES BANK-Kherka Gujar,204
EFS-YES BANK-Kanonda,204
EFS-YES BANK-Garhi Bazidpur,204
EFS-YES BANK-Navarangpur,204
EFS-YES BANK-Betul,129
EFS-YES BANK-Dhamar,204
EFS-YES BANK-Nilauthi,204
EFS-YES BANK-Dhor,204
EFS-YES BANK-Samchana,204
EFS-YES BANK-Sunderpur,204
EFS-YES BANK-Madurai,96
EFS-YES BANK-Greater Mumbai - Jacob Circle,199
EFS-YES BANK-Kannad,199
EFS-YES BANK-Karur,96
EFS-YES BANK-Fatehgarh Churiyan,14
EFS-YES BANK-Aklimpur,204
EFS-YES BANK-Pimpalgaon Wakhari,199
EFS-YES BANK-Pasina Khurd,204
EFS-YES BANK-Sambalpur,19
EFS-YES BANK-Bhubaneswar - Baramunda,19
EFS-YES BANK-Leh,14
EFS-YES BANK-Chennai - Neelankarai,96
EFS-YES BANK-Mandi Dabwali,204
EFS-YES BANK-Yes Bank House Santacruz,199
EFS-YES BANK-Muzaffarpur,82
EFS-YES BANK-Korba,129
EFS-YES BANK-Patia,19
EFS-YES BANK-Hospet,196
EFS-YES BANK-Namakkal,96
EFS-YES BANK-Dharmapuri,96
EFS-YES BANK-South Bopal,123
EFS-YES BANK-I C Colony Borivali,199
EFS-YES BANK-Raebareli,83
EFS-YES BANK-Malviya Nagar-RJ,129
EFS-YES BANK-Palakollu,124
EFS-YES BANK-Jagtial,124
EFS-YES BANK-Dadar East,199
EFS-YES BANK-Wanawadi,10
EFS-YES BANK-Thane Panchpakhdi,199
EFS-YES BANK-IP Extension,126
EFS-YES BANK-Sec 15 Rohini,126
"EFS-YES BANK-Focal Point, Ludhiana",14
EFS-YES BANK-Sonbhadra,83
EFS-YES BANK-Bellandur,196
EFS-YES BANK-Bhimavaram,124
EFS-YES BANK-Gudivada,124
EFS-YES BANK-Tanuku,124
EFS-YES BANK-Ponnur,124
EFS-YES BANK-Eluru,124
EFS-YES BANK-Nalgonda,124
EFS-YES BANK-Narasampet,124
EFS-YES BANK-Kodad,124
EFS-YES BANK-Miryalaguda,124
EFS-YES BANK-Kondapur,124
EFS-YES BANK-Idapaddi,96
EFS-YES BANK-Chanda nagar,124
EFS-YES BANK-Kakkanad,96
EFS-YES BANK-Egmore,96
EFS-YES BANK-Hisar,204
EFS-YES BANK-Sector 21 C,204
EFS-YES BANK-Shaikpet,124
EFS-YES BANK-Peddapalli,124
EFS-YES BANK-Sangareddy,124
Test Branch 1,83
Test Branch 2,123
CBRE-NIKE-Select City Mall-Saket-New Delhi,126
CBRE-NIKE-Ambience Mall-Vasant Kunj-New Delhi,126
CBRE-NIKE-Jawahar Nagar(Kamla Ngr)-Kamla Nagar-New Delhi,126
"CBRE-NIKE-Sec-8, Rohini-Rohini-New Delhi",126
CBRE-NIKE-South Ex-South Extn.-New Delhi,126
CBRE-NIKE-DLF Vasant Kunj-Vasant Kunj-New Delhi,126
CBRE-NIKE-CP New BDA Co,126
CBRE-NIKE-Vegas Mall-Dwarka-New Delhi,126
CBRE-NIKE-MGF Metropolitan Mall-Gurgaon-Gurgaon,204
CBRE-NIKE-Ambiance Mall -Gurgaon-Gurgaon,204
"CBRE-NIKE-Rise, Cyberhub-Gurgaon-Gurgaon",204
"CBRE-NIKE-The Forum, Bangalore-Hosur Road-Bangalore",196
CBRE-NIKE-Mantri Mall-Malleswaram-Bangalore,196
CBRE-NIKE-Jaya Nagar BLR-Jaya Nagar-Bangalore,196
CBRE-NIKE-Indra Nagar BLR-Indira Nagar-Bangalore,196
CBRE-NIKE-Orion Mall-Rajaji Nagar-Bangalore,196
CBRE-NIKE-Phoenix Mall-Dyavasandra-Bangalore,196
CBRE-NIKE-Brigade New-Brigade Road-Bangalore,196
CBRE-NIKE-JM Road-JM Road-Pune,10
"CBRE-NIKE-MG Road(308), Pune-MG Road-Pune",10
"CBRE-NIKE-Phoenix Market City,Pune-Viman Nagar-Pune",10
CBRE-NIKE-My Mall Pune (Pavellion Mall)-Shivaji Nagar-Pune,10
CBRE-NIKE-Colaba-Colaba-Mumbai,199
CBRE-NIKE-Linking1-Linking Road-Mumbai,199
CBRE-NIKE-Infinity Mall-Andheri-Mumbai,199
CBRE-NIKE-Phoenix Bandra Kurla (Mum)-Bandra Kurla-Mumbai,199
"CBRE-NIKE-Ramee Emerald,Linking Road-Linking Road-Mumbai",199
CBRE-NIKE-Ghatkopar-Ghatkopar-Mumbai,199
CBRE-NIKE-Colaba-4 (COCO)-Colaba-Mumbai,199
CBRE-NIKE-HSP Flagship Mumbai-Festival Square-Mumbai,199
CBRE-NIKE-JWD Mall Mumbai-Maker Maxity-Mumbai,199
CBRE-NIKE-Ahmedabad One Mall-Vastrapur-Ahmedabad,123
"CBRE-NIKE-CG Road, New Ahmedabad-C.G. Road-Ahmedabad",123
001 - Jaipur- Diageo,129
002 - Dehradun- Diageo,83
003 - Lucknow-Diageo,83
004 -Gurgaon-Diageo,204
005 - Goa-Diageo,10
006 -Chandigarh- Diageo,14
007-Daman-Diageo,123
001-AIRTEL Noida C24,83
002-AIRTEL Noida 57,83
"003-AIRTEL NSP, Delhi",126
004-AIRTEL Plot 4 GGN,204
005-AIRTEL SCO 20 FBD,204
Techxpert-Chandigarh,14
Techxpert-Karnataka,196
Techxpert-Kolkata,19
Techxpert-Bihar,82
Techxpert-MPCG,129
Techxpert-Pune,10
Techxpert-Ahmedabad,123
Techxpert-Hyderabad,124
Techxpert-Gurugram,204
SmartWorks Gurugram,204
SmartWorks Noida,83
Nyati Unitree - Pune,10
Mahavir Enclave,126
Summer Court - Pune,10
Pride Getaway - Pune,10
ASTP - Pune,10
AP 81 - Pune,10
Smartworks-Marisoft - Pune,10
Smartworks-M Agile - Pune,10
AMTP - Pune,10
Pride Gateway,10
ASTP,10
Airtel- Bhatinda,14
JLL-AIRTEL-R&M - GAYA- BHJ,82
JLL-AIRTEL-R&M-ASTHA TRADE-BHJ,82
JLL-AIRTEL-R&M -KANKARBAD-BHJ,82
JLL-AIRTEL-R&M-SHUMBHA COMPLEX-BHJ,82
JLL-AIRTEL R&M- PATLIPUTRA -BHJ,82
JLL-AIRTEL-R&M-HINOO-BHJ,82
JLL-AIRTEL-R&M-AOR Store Jind HAR,126
JLL-AIRTEL-R&M-COCO Gandhi Nagar Kullu,14
JLL-AIRTEL-R&M-AOR Store Sonipat HAR,126
JLL-AIRTEL-R&M-AOR_NAC Manimajra,14
JLL-AIRTEL-R&M-AOR Store Batala PB,14
JLL-AIRTEL-R&M-AOR Store Khanna PB,14
JLL-AIRTEL-R&M-AOR RK Road Ldh store,14
JLL-AIRTEL-R&M-AOR Store Karnal HAR,126
JLL-AIRTEL-R&M-AOR Store Sirsa HAR,126
JLL-AIRTEL-R&M-AOR Store Dharamshala HP,14
JLL-AIRTEL-R&M-AOR Store Sodal Road Jal PB,14
JLL-AIRTEL-R&M-AOR Store Sunder Nagar HP,14
JLL-AIRTEL-R&M-AOR Store Barnala PB,14
JLL-AIRTEL-R&M-AOR Store Faridkot PB,14
JLL-AIRTEL-R&M-AOR Store Moga PB,14
JLL-AIRTEL-R&M-AOR Store tripuri patiala,14
JLL-AIRTEL-R&M-AOR Store Nabha PB,14
JLL-AIRTEL-R&M-AOR Store Rajpura PB,14
JLL-AIRTEL-R&M-AOR Store Muktsar Store,14
JLL-AIRTEL-R&M-AOR Store Jamalpur PB,14
JLL-AIRTEL-R&M-AOR Store Mandi Gobindgarh PB,14
JLL-AIRTEL-R&M-AOR Store Ropar PB,14
JLL-AIRTEL-R&M-AOR Store Palwal HAR,126
JLL-AIRTEL-R&M-AOR Store Kaithal HAR,126
JLL-AIRTEL-R&M-AOR Bahadurgarh Store,126
JLL-AIRTEL-R&M-AOR Store Kharar PB,14
JLL-AIRTEL-R&M-AOR Store putligarh PB,14
JLL-AIRTEL-R&M-AOR Store Gurdaspur PB,14
JLL-AIRTEL-R&M-AOR Store Abohor PB,14
JLL-AIRTEL-R&M-AOR Store Rama Mandi PB,14
JLL-AIRTEL-R&M-AOR Store kapurthala PB,14
JLL-AIRTEL-R&M-AOR Store Humbra LDH PB,14
JLL-AIRTEL-R&M-AOR Store Sangrur PB,14
JLL-AIRTEL-R&M-AOR Store Sunder Nagar PB,14
JLL-AIRTEL-R&M-AOR Store Bhiwani HR,126
JLL-AIRTEL-R&M-AOR Baddi Store,14
"WTT , NOIDA",83
JLL-AIRTEL-R&M SION - AOR,11
JLL-AIRTEL-R&M Â AIROLI NGS 2 STN,50
JLL-AIRTEL-R&M Â AIROLI SEC 9,50
JLL-AIRTEL-R&M SEAWOOD NGS - AOR,50
JLL-AIRTEL-R&M KOPER KHAIRANE2,50
JLL-AIRTEL-R&M KURLA - AOR,50
JLL-AIRTEL-R&M MULUND - AOR,50
JLL-AIRTEL-R&M GHATKOPAR EAST - AOR,50
JLL-AIRTEL-R&M NEHRU ROAD - AOR,50
JLL-AIRTEL-R&M CHEMBUR NAKA NGS - AOR,50
JLL-AIRTEL-R&M MODEL TOWN PH 3 BTI -AOR,14
JLL-AIRTEL-R&M NAGORI GARDEN NGS - AOR,129
JLL-AIRTEL-R&M MOBILE CONCEPT GANDHI NAGAR - AOR,129
JLL-AIRTEL-R&M BHIWADI - AOR,129
JLL-AIRTEL-R&M SARDUL GANJ BKN - AOR,129
JLL-AIRTEL-R&M SEC 22 CHD - AOR,14
JLL-AIRTEL-R&M KELLYS NGS - AOR,96
JLL-AIRTEL-R&M AYANAVARAM - AOR,96
JLL-AIRTEL-R&M ROYAPURAM - AOR,96
JLL-AIRTEL-R&M MYLAPORE - AOR,96
JLL-AIRTEL-R&M ANNA NAGAR-2 K4 NGS - AOR,96
JLL-AIRTEL-R&M BHARTI TOWERS - AOR,96
JLL-AIRTEL-R&M HISAR HSR - AOR,126
JLL-AIRTEL-R&M JAYANAGAR RAGI NGS - AOR,196
JLL-AIRTEL-R&M VARTHUR - AOR NGS,196
JLL-AIRTEL-R&M RESIDENCY ROAD NGS - AOR,196
JLL-AIRTEL-R&M KAMANAHALLI-2 NGS - AOR,196
JLL-AIRTEL-R&M VIGNAN NAGAR - AOR,196
JLL-AIRTEL-R&M RT NAGAR - AOR,196
JLL-AIRTEL-R&M KR PURAM NGS - AOR,196
JLL-AIRTEL-R&M RV ROAD - AOR,196
JLL-AIRTEL-R&M BIDAR - AOR,196
JLL-AIRTEL-R&M BTM - 2 NGS - AOR,196
JLL-AIRTEL-R&M BANNERGHATTA ROAD - AOR,196
JLL-AIRTEL-R&M CHAMARAJAPET NGS - AOR,196
JLL-AIRTEL-R&M JAYANAGAR - AOR,196
JLL-AIRTEL-R&M HSR 3 NGS - AOR,196
JLL-AIRTEL-R&M HUBLI 2 - AOR,196
JLL-AIRTEL-R&M JP NAGAR - AOR,196
JLL-AIRTEL-R&M VIJAYNAGAR NGS - AOR,196
JLL-AIRTEL-R&M BELLARY - AOR,196
JLL-AIRTEL-R&M MARATAHALLI - AOR,196
JLL-AIRTEL-R&M THIPPASANDRA - AOR,196
JLL-AIRTEL-R&M KORAMANGALA - AOR,196
JLL-AIRTEL-R&M RAMAMURTHY NAGAR - AOR,196
JLL-AIRTEL-R&M RAICHUR - AOR,196
JLL-AIRTEL-R&M BOMMANAHALLI NGS - AOR,196
JLL-AIRTEL-R&M INDIRA NAGAR-AOR,196
JLL-AIRTEL-R&M WHITEFIELD BMTC - AOR,196
JLL-AIRTEL-R&M KORAMANGALA -3 NGS - AOR,196
JLL-AIRTEL-R&M BELGAUM_OR3 NGS - AOR,196
JLL-AIRTEL-R&M TIGERS CIRCLE - AOR,196
JLL-AIRTEL-R&M JAGDEOPATH - AOR,82
JLL-AIRTEL-R&M SAKCHI MARKET - AOR,82
JLL-AIRTEL-R&M MUZAFFARPUR - AOR,82
JLL-AIRTEL-R&M KANHANGAD - AOR,96
JLL-AIRTEL-R&M KOTTAKKAL NGS - AOR,96
JLL-AIRTEL-R&M TRISUR MG ROAD - AOR,96
JLL-AIRTEL-R&M NEXTGEN SCI CITY NGS- AOR,123
JLL-AIRTEL-R&M DAIRY ROAD - AOR,123
JLL-AIRTEL-R&M BILLIMORA - AOR,123
JLL-AIRTEL-R&M HIRABAG NGS - AOR,123
JLL-AIRTEL-R&M BORSAD NGS - AOR,123
JLL-AIRTEL-R&M MOTA VARACHA NGS - AOR,123
JLL-AIRTEL-R&M SLIVER PLAZA - AOR,123
JLL-AIRTEL-R&M BALAJI CHAWK - AOR,123
JLL-AIRTEL-R&M YOGI CHOWK NGS - AOR,123
JLL-AIRTEL-R&M GURUKUL - AOR,123
JLL-AIRTEL-R&M OLD CITY LUD - AOR,14
JLL-AIRTEL-R&M DHARAMPURA BZR PTL - AOR,14
JLL-AIRTEL-R&M SHIMLA LOBBY SHM - AOR,14
JLL-AIRTEL-R&M Bilaspur BSP,129
JLL-AIRTEL-R&M G D PLAZA RAI,129
JLL-AIRTEL-R&M Malviya Nagar BHO,129
JLL-AIRTEL-R&M Starlit Tower IDR,129
JLL-AIRTEL-R&M Kolar Road BHO,129
JLL-AIRTEL-R&M Civil Lines JAB,129
JLL-AIRTEL-R&M Pandri RAI,129
JLL-AIRTEL-R&M Bhilai BHI,129
JLL-AIRTEL-R&M Indraprastha Tower IDR,129
JLL-AIRTEL-R&M Sapna Sangeeta IDR,129
JLL-AIRTEL-R&M Orbit Mall IDR,129
JLL-AIRTEL-R&M Saket nagar IDR,129
JLL-AIRTEL-R&M Annpurna Store IDR,129
JLL-AIRTEL-R&M MP Nagar BHO,129
JLL-AIRTEL-R&M Gwalior Lobby GWL,129
JLL-AIRTEL-R&M Indrapuri-NGS Store,129
JLL-AIRTEL-R&M Lalganga-AOR,129
JLL-AIRTEL-R&M Freeganj-NGS Store,129
JLL-AIRTEL-R&M Dewas-AOR,129
JLL-AIRTEL-R&M Palika Plaza-AOR Store,129
JLL-AIRTEL-R&M Platinum Plaza- Aor Store,129
JLL-AIRTEL-R&M Guna-Aor Store,129
JLL-AIRTEL-R&M Katora Talab-Aor Store,129
JLL-AIRTEL-R&M Crystal Arcade,129
JLL-AIRTEL-R&M Sector 10,129
JLL-AIRTEL-R&M Sangham chowk,129
JLL-AIRTEL-R&M Arera Colony,129
JLL-AIRTEL-R&M Phoolbagh Store,129
JLL-AIRTEL-R&M Tansen Nagar Store,129
JLL-AIRTEL-R&M Chhatarpur Store,129
JLL-AIRTEL-R&M Vidisha Store,129
JLL-AIRTEL-R&M Satna Store,129
JLL-AIRTEL-R&M ndira Complex,129
JLL-AIRTEL-R&M Sagar,129
JLL-AIRTEL-R&M JABALPUR,129
AIRTEL-JLL-Sec 20 PCK,126
001 - Chennai TRIL,96
002 - Chennai OTP,96
003 - Hyderabad,124
004 - Bangalore EMC,196
005 - Bangalore EC1,196
006 - Bangalore KTP,196
JLL-AIRTEL-R&M DOMMASANDRA-AOR,196
JLL-AIRTEL-R&M KORAMANGALA -3 NGS - AOR,196
JLL-AIRTEL-R&M Crystal Arcade,129
JLL-AIRTEL-R&M-Ashok Vihar DEL-DEL,126
JLL-AIRTEL-R&M-Kirti Nagar DEL-DEL,126
JLL-AIRTEL-R&M-Vikaspuri DEL-DEL,126
JLL-AIRTEL-R&M-Paschim Vihar DEL-DEL,126
JLL-AIRTEL-R&M-Connaught place DEL-DEL,126
JLL-AIRTEL-R&M-Rohini DEL-DEL,126
JLL-AIRTEL-R&M Burari DEL,126
JLL-AIRTEL-R&M-Karkarduma DEL-DEL,126
JLL-AIRTEL-R&M Mayur Vihar DEL,126
JLL-AIRTEL-R&M Vaishali GZB,126
JLL-AIRTEL-R&M RDC GZB,126
JLL-AIRTEL-R&M Navyug Market GZB,126
KOLKATA BRANCH - KANAK BUILDING : - 12690,19
COCHIN BRANCH - FOTOFAST HOUSE : - 13308,96
COIMBATORE - TRISTAR TOWERS : - 13309,96
PEDDAR ROAD BRANCH - PARAG APTS : - 13451,199
BARODA BRANCH - PELICAN : - 13487,123
DLF SQUARE,204
ANNA SALAI BRANCH - CHENNAI : - 41758,96
AHMEDABAD BRANCH : - 42440,123
PUNE BRANCH - ONYX : - 44054,10
NEVILLE TOWER : - 46890,96
EON FREE ZONE : - 49344,10
RANGA COMPLEX : - 49389,196
NIRLON KNOWLEDGE PARK BLOCK B6 : - 50908,199
NIRLON KNOWLEDGE PARK BLOCK B4-B5 : - 61022,199
NIRLON KNOWLEDGE PARK BLOCK B2 : - 61752,199
CAMBRIDGE TOWER : - 61858,96
BRIGADE MAGNUM : - 61862,196
CHANDIGARH NEW BRANCH : - 61881,14
HIRANANDANI SIGNATURE : - 62085,123
EON FREE ZONE II : - 62086,10
DLF CYBERCITY : - 62130,96
JLL-AIRTEL-R&M Sector 15 GGN,126
JLL-AIRTEL-R&M Sahara Mall GGN,126
JLL-AIRTEL-R&M Hongkong Bazar GGN,126
JLL-AIRTEL-R&M M3M Urbana GGN,126
JLL-AIRTEL-R&M-NFC DEL-DEL,126
JLL-AIRTEL-R&M-Sarita Vihar DEL-DEL,126
JLL-AIRTEL-R&M-CR Park DEL-DEL,126
JLL-AIRTEL-R&M-Lajpat Nagar DEL-DEL,126
JLL-AIRTEL-R&M-Sarojini Nagar DEL-DEL,126
JLL-AIRTEL-R&M-Adchini DEL-DEL,126
JLL-AIRTEL-R&M-Alaknanda DEL-DEL,126
JLL-AIRTEL-R&M-Saket DEL-DEL,126
JLL-AIRTEL-R&M-Kalkaji DEL-DEL,126
JLL-AIRTEL-R&M-Malviya Nagar DEL-DEL,126
JLL-AIRTEL-R&M-Green Park DEL-DEL,126
JLL-AIRTEL-R&M-Laxmi Nagar DEL-DEL,126
JLL-AIRTEL-R&M-Vikas Marg DEL-DEL,126
JLL-AIRTEL-R&M Vasant Vihar DEL,126
JLL-AIRTEL-R&M Nehru Place DEL,126
JLL-AIRTEL-R&M Khanpur DEL,126
JLL-AIRTEL-R&M Dilshad Garden DEL,126
JLL-AIRTEL-R&M Mahipal Pur DEL,126
JLL-AIRTEL-R&M-Sec 21C FDB-DEL,126
JLL-AIRTEL-R&M-Sector 29 FDB-DEL,126
JLL-AIRTEL-R&M-Sec 15 FDB-DEL,126
JLL-AIRTEL-R&M-NIT FDB-DEL,126
JLL-AIRTEL-R&M Faridabad sec-37,126
JLL-AIRTEL-R&M Faridabad Neelam Bata NIT,126
JLL-AIRTEL-R&M Faridabad sec-16,126
JLL-AIRTEL-R&M Faridabad Sec-7,126
JLL-AIRTEL-R&M Green Fild GGN,126
1-Rajiv Gandhi Technology Park,14
2-District Shopping Complex,14
3-Kotwali Bazaar,14
4-SCO-36-37,204
5-New Jawahar Nagar,126
6-Bahu Plaza,14
7-BRS Nagar,14
8-Chaman Commercial Complex,14
9-Rohtak Office,204
10-Saha MSC,204
11-SDA Complex,14
12-Batwara House,14
13-Srinagar MSC,14
14-Jammu MSC,14
15-Karnal MSC,204
16-C-34 Mohali,14
1-NASHIK,199
2-PATNA,82
3-VADODARA,123
4-Urban-Vizag,124
5-VIJAYAWADA,124
6-SULTANPUR,126
7-Bhubaneshwar,19
8-Coimbatore,96
9-URBAN-Guwahati,19
10-Urban-Indore,129
11-JAIPUR,129
12-KANPUR,83
13-Lucknow,83
14-Bangalore Painting,196
15-Urban-Bangalore AC,196
16-Urban-Hyderabad,124
17-Urban-Kurla,199
18- Noida,83
19-URBAN-Chennai,96
20-Urban-HYD Main Office,124
21-Mumbai,199
22-PUNE,10
23-AHMEDABAD,123
24-URBAN-KOLKATA,19
25-Urban-Gurgaon,204
JLL-AIRTEL-R&M-PARVATPATIYA- NGS-GUJ,123
JLL-AIRTEL-R&M-BASHEERBAGH-HYD,124
CBRE-WIPRO - INFOTECH PARK - PUNE - MH,10
CBRE-AIRTEL-NOIDA,83
CBRE-AIRTEL-DEL,126
CBRE-AIRTEL-GGN-HR,204
C&W-AIRTEL-TAMINADU,96
DLF SQUARE : - 14759,204
EFS-YES-BANK-KK,196
EFS -YES BANK - PODAR SALANI -WB,19
CBRE-WIPRO - SEZ - KK,196
CBRE-AIRTEL - UDHYOG VIHAR - GGN,204
CBRE-AIRTEL-MOHALI-PUN,14
CBRE-AIRTEL-J&K,14
CBRE-APPLE -HYD,124
CBRE-CAPGEMINI-MUM-MH,199
CBRE-DELL- VIPUL TECH SQUARE- GGN,204
CBRE-DXC-NOI,83
CBRE-DXC-GANDHI SALAI - TN,96
CBRE-DXC OLYMPIA TN,96
CBRE-DXC-TECH PARK-KK,196
CBRE-GODREJ - BKC -BANDRA -MH,199
CBRE-HONEYWELL-MFG -GGN,204
CBRE-IDFC FRIST BANK-BANDRA-MH,199
CBRE-JC PENNY-KK,196
CBRE-OPTUM GLOBAL-GGN,204
CBRE-UNITED SPRIT-KK,196
CBRE-UNITED SPRIT-ESTARN-MALL JH,82
TCL-MG ROAD MUMBAI-MH,199
TCL-ALANDI-PUNE MH,10
Vodafone Idea-Gandhi Nagar-AHM,123
DLF CAPITOL POINT : - 61744,126
SOM DATT TOWER : - 48406,83
NIRMAL BUILDING : - 40974,199
LITTLEWOOD TOWER : - 61004,96
S P INFOCITY : - 44297,204
NIRLON KNOWLEDGE PARK BLOCK B7 : - 44559,199
001-Augusta Point Gurugram,204
FIFC : - 48677,199
EFS-YES BANK-SANTACRUZ EAST-MUM,199
EFS-YES BANK-GREEN HOUSE JAIPUR RJ,129
JLL-SCHINEIDER-ELECTRIC-CYBER CITY GGN,204
CBRE-DXC-DLF 3C GALAXY-NOIDA,83
CBRE-CAPGEMINI-TTC INDUSTRIAL AREA -MUM,199
CBRE-DXC-KONAPPA VILLAGE-KK,196
CBRE-DXC-EC1-CAMPUS-KK,196
CBRE-DXC-KALYANI-PLATINA-KK,196
JLL- SCHINEIDER - ELECTRIC-LUCKNOW,83
JLL- DBS BANK- KHODRA BHUVNESHWAR - WB,19
JLL- DBS BANK-PANDRI - RAIPUR,129
CBRE-DXC- AVENUE - HOSUR - KK,196
JLL-AIRTEL-R&M-TELIBANDA- RAIPUR-CHH,129
VENUS STRATUM - k k,123
GTP TOWER C- kk,196
GOLDEN MILLENIUM- KK,196
SIRIUS - KK,196
SARGOD IMPERIAL - KK,196
GTP TOWER D - KK,196
DSR TECHNO CUBE - KK,196
PRESTIGE ZEENATH - KK,196
THE CUBE CARLE - KK,196
CBRE - AIRTEL - BARAMUNDA KHURDA -ODISHA,19
UNITED SPRIT - MM SILVER PLAZA - CHHATTISHGARH,129
CBRE - WIPRO - METAGALLI - KK,196
EFS-YES BANK - OBEYLISK - MUNCIPAL - KK,196
TRIDENT ENGINEERS - GEETANJALI PARK - DEL,204
JLL - BLACK ROCK - DLF CYBER CITI PHASE 3 GGN,204
JLL - ALCON - LABORATORIES - DEL,126
SMART - WORK - VICTORIA - PARK - KOLKATA,19
UNITED SPRIT - KFC ULUBARI - GUWAHATI,19
CBRE - WIPRO - NAVRANGPURA AHM - GUJ,123
CANBERRA BLOCK,196
QUEENS PLAZA : - 31322,124
URBAN - COMPANY - NOIDA SEC 16,83
CBRE - WIPRO - INFO PARK SEZ- KOCCHIN - KER,96
UNITED SPRIT - MADHAPUR - HYD,124
CBRE - OPTUM - SEC 59 - NOI,83
CBRE - OPTUM - SEC 144 B - NOIDA,83
CBRE - OPTUM - SEC 144 - NOI -A,83
PANCHKULA SEC-22,204
CBRE - CAPGEMINI - SEZ UNIT 1 - GGN,204
test_branch 3,83
JLL-AIRTEL-R&M- YOUSUFGUDA - HYD,124
JLL-AIRTEL-R&M - SUCHITRA - HYD,124
JLL-AIRTEL-R&M - ASIF NAGAR - HYD,124
JLL-AIRTEL-R&M - DELHI CANT -DEL,126
JLL-AIRTEL-R&M - KPHB - HYD,124
JLL-AIRTEL-R&M - KACHIGUDA - HYD,124
JLL-AIRTEL-R&M - NARAYANGUDA - HYD,124
JLL-AIRTEL-R&M - TRIMURTI CHOCK - ROM,50
SMART WORK - VAISHNAVI TECH PARK - KK,196
TCL - BANDRA KURLA - MH,199
008-GUWAHATI-Diageo,19
CHRE - LORIAL - CANNAUGHT PLACE -DEL,126
JLL-AIRTEL R&M SEC 22 GGN,126
URBAN - SEC121 GGN,204
JLL-AIRTEL-R&M-Ashok Vihar DEL-DEL,126
JLL-AIRTEL-R&M-Kirti Nagar DEL-DEL,126
JLL-AIRTEL-R&M-Vikaspuri DEL-DEL,126
JLL-AIRTEL-R&M-Model town DEL-DEL,126
JLL-AIRTEL-R&M-Paschim Vihar DEL-DEL,126
JLL-AIRTEL-R&M-Cannaught place DEL-DEL,126
JLL-AIRTEL-R&M-Naraina DEL-DEL,126
JLL-AIRTEL-R&M-Darya Ganj DEL-DEL,126
JLL-AIRTEL-R&M-Netaji Subhash Place DEL-DEL,126
JLL-AIRTEL-R&M-Rajouri Garden DEL-DEL,126
JLL-AIRTEL-R&M-Rohini Sec 9 DEL-DEL,126
JLL-AIRTEL-R&M-Janakpuri DEL-DEL,126
JLL-AIRTEL-R&M-East Patel Nagar DEL-DEL,126
JLL-AIRTEL-R&M-Shalimar Bagh DEL-DEL,126
JLL-AIRTEL-R&M Roop Nagar DEL,126
JLL-AIRTEL-R&M-Punjabi Bagh Central Mkt DEL-DEL,126
JLL-AIRTEL-R&M-Rohini DEL-DEL,126
JLL-AIRTEL-R&M Rohini Sec-24,126
JLL-AIRTEL-R&M Karol Bagh -AOR,126
JLL-AIRTEL-R&M-Mukherjee Nagar DEL-DEL,126
JLL-AIRTEL-R&M Rani Bagh DEL,126
JLL-AIRTEL-R&M Narela DEL,126
JLL-AIRTEL-R&M Burari DEL,126
JLL-AIRTEL-R&M Subhash Nagar DEL,126
JLL-AIRTEL-R&M Peeragarhi DEL,126
JLL-AIRTEL-R&M Aadarsh Nagar DEL,126
JLL-AIRTEL-R&M Rohini Sec 4 DEL,126
JLL-AIRTEL-R&M-Geeta Colony DEL-DEL,126
JLL-AIRTEL-R&M-Karkarduma DEL-DEL,126
JLL-AIRTEL-R&M Mayur Vihar Phase 2 DEL,126
JLL-AIRTEL-R&M Mayur Vihar DEL,126
JLL-AIRTEL-R&M Mayur Vihar DEL,126
JLL-AIRTEL-R&M Indirapuram GZB,126
JLL-AIRTEL-R&M Vaishali GZB,126
JLL-AIRTEL-R&M RDC GZB,126
JLL-AIRTEL-R&M Navyug Market GZB,126
JLL-AIRTEL-R&M Gandhi Nagar GZB,126
JLL-AIRTEL-R&M Crossing Republic GZB,126
JLL-AIRTEL-R&M Arya Nagar GZB,126
JLL-AIRTEL-R&M Vasundhara sec-13,126
JLL-AIRTEL-R&M Rajendra Nagar Sector 5,126
JLL-AIRTEL-R&M Shastri Nagar GZB,126
JLL-AIRTEL-R&M Saya Zion NOI,126
JLL-AIRTEL-R&M Sec 137 NOI,126
JLL-AIRTEL-R&M Sec 12 NOI,126
JLL-AIRTEL-R&M Sec 18 NOI,126
JLL-AIRTEL-R&M Sec 50 NOI,126
JLL-AIRTEL-R&M Alfa Commercial NOI,126
JLL-AIRTEL-R&M Sec 63 NOI,126
JLL-AIRTEL-R&M Jalvayu Vihar NOI sec-25,126
JLL-AIRTEL-R&M Sec 120 NOI New store,126
JLL-AIRTEL-R&M Geater Noida Supertech,126
JLL-AIRTEL-R&M-AOR-Dwarka Sec-7-DEL,126
JLL-AIRTEL-R&M-Dwarka Sec 10 DEL-DEL,126
JLL-AIRTEL-R&M-Najafgarh DEL-DEL,126
JLL-AIRTEL-A&M South Ex DEL,126
JLL-AIRTEL-R&M Dwarka Sec 11 DEL,126
JLL-AIRTEL-R&M East of Kailash DEL,126
JLL-AIRTEL-R&M Dwarka Sec 4 DEL,126
JLL-AIRTEL-R&M Uttam Nagar DEL,126
JLL-AIRTEL-R&M Nawada DEL,126
JLL-AIRTEL-R&M Pankha Road DEL,126
JLL-AIRTEL-R&M Mangla Puri DEL,126
JLL-AIRTEL-R&M Delhi Cantt DEL,126
a_sanjeev14.kumar@airtel.com,126
JLL-AIRTEL R&M Vatika Town Square GGN,126
JLL-AIRTEL-R&M Sector 31 GGN,126
JLL-AIRTEL-R&M Sector 14 GGN,126
JLL-AIRTEL-R&M Sahara Mall GGN,126
JLL-AIRTEL-R&M Sohna Road GGN,126
JLL-AIRTEL-R&M Good Earth GGN,126
JLL-AIRTEL-R&M Hongkong Bazar GGN,126
JLL-AIRTEL-R&M Galleria GGN,126
JLL-AIRTEL-R&M Sec 10 GGN,126
JLL-AIRTEL-Palam Vihar GGN,126
JLL-AIRTEL-R&M IMT Manaser GGN,126
JLL-AIRTEL-R&M Urbana GGN,126
JLL-AIRTEL-R&M SECTOR 109 GGN,126
JLL-AIRTEL-R&M Qutub Plaza - AOR,126
JLL-AIRTEL-R&M OLD RAILWAY ROAD GGN,126
JLL-AIRTEL-R&M Gurudwara Road Sohna Chowk GGN,126
JLL-AIRTEL R&M SEC 22 GGN,126
JLL-AIRTEL-R&M-NFC DEL-DEL,126
JLL-AIRTEL-R&M-Sarita Vihar DEL-DEL,126
JLL-AIRTEL-R&M-CR Park DEL-DEL,126
JLL-AIRTEL-R&M-Lajpat Nagar DEL-DEL,126
JLL-AIRTEL-R&M-Sarojini Nagar DEL-DEL,126
JLL-AIRTEL-R&M-Adchini DEL-DEL,126
JLL-AIRTEL-R&M-Alaknanda DEL-DEL,126
JLL-AIRTEL-R&M-Saket DEL-DEL,126
JLL-AIRTEL-R&M-Kalkaji DEL-DEL,126
JLL-AIRTEL-R&M-Malviya Nagar DEL-DEL,126
JLL-AIRTEL-R&M-Green Park DEL-DEL,126
JLL-AIRTEL-R&M-Laxmi Nagar DEL-DEL,126
JLL-AIRTEL-R&M-Vikas Marg DEL-DEL,126
JLL-AIRTEL-R&M Vasant Vihar DEL,126
JLL-AIRTEL-R&M Nehru Place DEL,126
JLL-AIRTEL-R&M Khanpur DEL,126
JLL-AIRTEL-R&M Dilshad Garden DEL,126
JLL-AIRTEL-R&M Chhatarpur Delhi DEL,126
JLL-AIRTEL-R&M Mahipal Pur DEL,126
JLL-AIRTEL-R&M-Sec 21C FDB-DEL,126
JLL-AIRTEL-R&M-Sector 29 FDB-DEL,126
JLL-AIRTEL-R&M-Sec 15 FDB-DEL,126
JLL-AIRTEL-R&M-NIT FDB-DEL,126
JLL-AIRTEL-R&M Faridabad sec-37,126
JLL-AIRTEL-R&M Faridabad Neelam Bata NIT,126
JLL-AIRTEL-R&M Faridabad sec-16,126
JLL-AIRTEL-R&M Faridabad Sec-7,126
JLL-AIRTEL-R&M Green Fild GGN,126
009-KOLKATA-Diageo,19
JLL - AIRTEL R&M KALAMBOLI,11
JLL AIRTEL R&M SIMMAKKAL -TN,96
JLL- AIRTEL - R&M SHESHADRIPURAM OR,196
JLL- AIRTEL- R&M- SANJAY NAGAR OR,196
JLL- AIRTEL - R&M GUEST HOUSE INDORE,129
JLL- AIRTEL- R&M KANCHIPURAM NGS,96
JLL- AIRTEL - R&M THOPPUMPADY AOR,96
HDFC - BANK - VASAI EAST- MUM,238
HDFC -BANK- VIRAR - MUM,238
HDFC-BANK- BORIVALI-MUM,238
HDFC-BANK-BOISAR-MUM,238
HDFC-BANK-DAHANU,238
HDFC-BANK-KANDIVALI-THAKURCOMPLEX-MUM,238
HDFC-BANK-MAHAVIR NAGAR-KANDIVALI WEST-MUM,238
HDFC-BANK-MIRA ROAD-MUM,238
HDFC-BANK-VASAI WEST-MUM,238
HDFC-BANK-IC COLONY BORIVALI WEST-MUM,238
HDFC-BANK-KRISHNA NAGAR BORIVALI EAST-MUM,238
HDFC-BANK-KANDIVALI SV ROAD-MUM,238
HDFC-BANK-DAHISAR-MH,238
HDFC-BANK-SAIBABA NAGAR BORIVALI WEST-MH,238
HDFC-BANK-SIMPOLI JUNCTION BORIVALI WEST-MH,238
HDFC-BANK-KANDIVALI THAKUR VILLAGE-MH,238
HDFC-BANK-CHARKOP KANDIVALI WEST-MH,238
HDFC-BANK-NALASOPARA WEST-MH,238
HDFC-BANK-PALGHAR-MH,238
HDFC-BANK-MIRA ROAD SHANTI PARK-MH,238
HDFC-BANK-AKURLI ROAD-MH,238
HDFC-BANK-EKSAR ROAD-MH,238
HDFC-BANK-VIRAR EAST-MH,238
HDFC-BANK-CHIKOO WADI-MH,238
HDFC-BANK-NAIGOAN-MH,238
HDFC-BANK-BHAYANDER-MH,238
HDFC-BANK-MIRA ROAD-BEVERLY PARK-MH,238
HDFC-BANK-BORIVALI STATION EAST-MH,238
HDFC-BANK-BHAYANDER EAST-MH,238
HDFC-BANK-LOKHANDWALA-KANDIVALI EAST-MH,238
HDFC-BANK-DAHISAR WEST-MH,238
HDFC-BANK-THAKUR VILLAGE GANPATI TOWER-MH,238
HDFC-BANK-NAIGOAN EAST-MH,238
HDFC-BANK-NALASOPARA EAST-MH,238
HDFC-BANK-AGASHI-MH,238
HDFC-BANK-SAPHALE-MH,238
HDFC-BANK-BOISAR II-CHITRALAYA-MH,238
HDFC-BANK-BOISAR EAST-MH,238
HDFC-BANK-LINK ROAD-KANDIVALI(W)-MH,238
HDFC-BANK-VASAI WEST BABULA NAKA-MH,238
HDFC - BANK - VIKRAMGAD - MH,238
HDCF- BANK WADA MH,238
HDCF- BANK JAWHAR MH,238
HDCF- BANK PARNAKA - VASAI MH,238
HDCF- BANK NARIMAN PT - TULSIANI CHMBRS,238
HDCF- BANK BHULABHAI DESAI ROAD,238
HDCF- BANK PRABHADEVI,238
HDCF- BANK BANDRA WEST - PALI HILL,238
HDCF- BANK FORT - NANIK MOTWANI MARG,238
HDCF- BANK WORLI SEA FACE,238
HDCF- BANK DADAR,238
HDCF- BANK COLABA,238
HDCF- BANK CRAWFORD MARKET,238
HDCF- BANK SION EAST - SION CIRCLE,238
HDCF- BANK WORLI - SANDOZ HOUSE,238
HDCF- BANK NARIMAN PT - EXPRESS TOWERS,238
HDCF- BANK CST - MUMBAI VT,238
HDCF- BANK CHARNI ROAD - MAHARSIHI KARVE MARG,238
HDCF- BANK PAREL - DR SHIRODKAR MARG,238
HDCF- BANK GRANT ROAD - MOULANA SHAUKAT ALI RD,238
HDCF- BANK MATUNGA EAST,238
HDCF- BANK BANDRA WEST - HILL ROAD,238
HDCF- BANK CHURCHGATE INDUSTRY HOUSE,238
HDCF- BANK MUMBAI CENTRAL BRANCH,238
HDCF- BANK MAHIM WEST - BOMBAY SCOTTISH,238
HDCF- BANK TARDEO WADIA STREET,238
HDCF- BANK HUGHES ROAD,238
HDCF- BANK WORLI ADITYA BIRLA CENTRE EC,238
HDCF- BANK MALABAR HILL,238
HDCF- BANK NULL BAZAR,238
HDCF- BANK MOHAMED ALI ROAD,238
HDCF- BANK BYCULLA VICTORIA ROAD,238
HDCF- BANK BANDRA EAST - KALANAGAR,238
UNITED SPRIT - SEC 62 GGN,204
HDCF- BANK ZAVERI BAZAAR BRANCH,238
HDCF- BANK MATUNGA WEST-RAZMAH BUILDING,238
HDCF- BANK DADAR WEST - RANADE ROAD,238
HDCF- BANK DADAR WEST - TULSI PIPE ROAD,238
HDCF- BANK OPERA HOUSE CHOWPATTY,238
HDCF- BANK MARINE DRIVE - MITTAL COURT,238
HDCF- BANK BANDRA (WEST) BRANCH,238
HDCF- BANK WODE HOUSE ROAD - COLABA,238
HDCF- BANK NEW DADAR,238
HDCF- BANK WADALA,238
HDCF- BANK MAZGAON BRANCH,238
HDCF- BANK N M JOSHI MARG BRANCH,238
HDCF- BANK MALABAR HILL (LOCKER ROOM),238
HDCF- BANK BKC - BANDRA (EAST),238
HDCF- BANK KONKAN NAGAR - MAHIM WEST,238
HDCF- BANK NEW CUFFE PARADE - WADALA,238
HDCF- BANK MALAD,238
HDCF- BANK VISHAL HALL - ANDHERI (E),238
HDCF- BANK SHOPPERS STOP - ANDHERI (W),238
HDCF- BANK LOKHANDWALA,238
HDCF- BANK GOREGAON-EAST,238
HDCF- BANK GOREGAON (WEST),238
HDCF- BANK MALAD (EAST),238
HDCF- BANK MINDSPACE- MALAD (WEST),238
HDCF- BANK TOWN CENTER- MAROL,238
HDCF- BANK GOREGOAN EAST STATION ROAD,238
HDCF- BANK MMB-INDRALOK- ANDHERI (W),238
HDCF- BANK UPPER GOVIND NAGAR,238
HDCF- BANK SUNDER NAGAR- MALAD WEST,238
"HDCF- BANK CENTRAL ROAD, MIDC, ANDHERI (EAST)",238
"HDCF- BANK HANUMAN ROAD, VILE PARLE (E)",238
"HDCF- BANK S.V. ROAD, MALAD (W)",238
HDCF- BANK SAKI NAKA BRANCH,238
"HDCF- BANK S.V.ROAD,GOREGAON (W)",238
HDCF- BANK S V ROAD KHAR (W),238
HDCF- BANK VERSOVA ( GROUND +FIRST,238
HDCF- BANK SANTACRUZ (W) GROUND + FIRST,238
HDCF- BANK VILE PARLE (E),238
HDCF- BANK KHAR GABBANA,238
HDCF- BANK SEVEN BUNGLOWS,238
HDCF- BANK SAHAR ROAD,238
HDCF- BANK SHER-E-PUNJAB,238
HDCF- BANK VILE PARLE (W),238
HDCF- BANK SANTACRUZ WEST (ECBOP),238
HDCF- BANK J B NAGAR (ECBOP),238
HDCF- BANK J P ROAD ANDHERI (W),238
HDCF- BANK KALINA,238
HDCF- BANK JUHU TARA,238
HDCF- BANK AHURA MH,238
HDCF- BANK ANDHERI E JVLR,238
HDCF- BANK JOGESHWARI - EAST,238
HDCF- BANK JOGESHWARI - WEST,238
HDCF- BANK JOGESHWARI W OSHIWARA,238
"HDCF- BANK VIJAY NAGAR, MAROL",238
HDCF- BANK JUHU GULMOHAR,238
HDCF- BANK AIROLI,238
HDCF- BANK ALIBAUG,238
HDCF- BANK APMC,238
HDCF- BANK BELAPUR,238
HDCF- BANK BHIWANDI,238
HDCF- BANK CBD - BELAPUR,238
HDCF- BANK CHANDIALI FARM ROAD,238
HDCF- BANK CHEMBUR - SION TROMBAY,238
HDCF- BANK CHEMBUR (MAIN),238
HDCF- BANK CHEMBUR C. G. ROAD,123
HDCF- BANK CHINCHAWALI,238
HDCF- BANK DAKC,238
HDCF- BANK GHANSOLI - NOCIL,238
HDCF- BANK GHANSOLI WEST,238
HDCF- BANK KALAMBOLI,238
HDCF- BANK KARJAT,238
HDCF- BANK KHANDA COLONY â€“ PANVEL,238
HDCF- BANK KHARGHAR,238
HDCF- BANK KHATIVALI ( VASIND),238
HDCF- BANK KHOPOLI,238
HDCF- BANK KOPAR KHAIRANE,238
HDCF- BANK KAPURBAWDI,238
HDCF- BANK MAHAD,238
HDCF- BANK MANGAON,238
HDCF- BANK THANE MEADOWS,238
HDCF- BANK MHAPE,238
HDCF- BANK NAVASEVA,238
HDCF- BANK NERAL,238
HDCF- BANK NERUL,238
HDCF- BANK OLD PANVEL,238
HDCF- BANK PANVEL,238
HDCF- BANK PATALGANGA,238
HDCF- BANK - Peninsulla 10th floor,238
HDCF- BANK POWAI,238
HDCF- BANK ROHA,238
JLL- SCHINEIDER - ELECTRIC VADODARA GUJ,123
HDCF- BANK SANPADA,238
HDCF- BANK SEAWOOD,238
HDCF- BANK SHAHAPUR,238
HDCF- BANK TURBHE,238
HDCF- BANK URAN,238
HDCF- BANK VASHI SEC - 17,238
JLL- BLACK-ROCK - GOREGEOAN - EASRT- MUM,199
HDCF- BANK VASHI SEC-7,238
HDCF- BANK AIROLI 2,238
HDCF- BANK MAKHMALI TALAO,238
HDCF- BANK JUI NAGAR,238
HDCF- BANK KAMOTHE,238
"HDCF- BANK KHARGHAR, SECTOR - 12",238
HDCF- BANK NERUL (WEST),238
HDCF- BANK VASHI SEC 19,238
HDCF- BANK TALOJE MAJKUR,238
HDCF- BANK PADGHA,238
HDCF- BANK MANKOLI,238
HDCF- BANK SONALE,238
HDCF- BANK VASHI SEC 28,238
HDCF- BANK SHRIVARDHAN,238
"HDCF- BANK PALI, RAIGAD",238
HDCF- BANK ULAWE,238
HDCF- BANK MULUND WEST- SHANKARDHAN PLAZA,238
HDCF- BANK GHATKOPAR,238
HDCF- BANK THANE,238
HDCF- BANK VASANT VIHAR-THANE,238
HDCF- BANK MULUND (EAST),238
JLL-DBS-BANK - G B NAGAR NOI,83
HDCF- BANK VARTAK NAGAR,238
HDCF- BANK MULUND WEST - DEVIDAYAL ROAD,238
HDCF- BANK THANE GODBUNDER,238
HDCF- BANK KURLA,238
JLL-BLACK -ROCK - AHMEDABAD - GUJ,123
JLL- EXPEDIA - SEC 20 UDHYOG VIHAR GGN,204
HDCF- BANK BHANDUP,238
HDCF- BANK VIKHROLI,238
HDCF- BANK KOPRI,238
JLL-AIRTEL R&M - BHIWANDI - THANE,11
JLL-AIRTEL-R&M DAHISAR - WEST MUMBAI,11
JLL-AIRTEL-R&M HIGH COURT CHD -PB,14
JLL- AIRTEL- R&M LOTHU KUNTA - HYD,124
URBAN - SULTAN PUR DEL,126
WIPRO- HIRANANDANI POWAI MUM,199
HSBC - PEDDAR ROAD MUM,199
HDCF- BANK TEEN HATH NAKA,238
HDCF- BANK TILAK NAGAR - CHEMBUR,238
HDCF- BANK M.G.ROAD- GHATKOPAR (W),238
HDCF- BANK MULUND - PARMESHWARI PLAZA,238
HDCF- BANK KALWA,238
HDCF- BANK WAGLE ESTATE - THANE,238
HDCF- BANK SAKET THANE,238
HDCF- BANK MULUND SAGAR GARDEN - MUMBAI,238
HDCF- BANK KANJURMARG (WEST),238
HDCF- BANK THANE HIRANANDANI,238
"HDCF- BANK KAILASH CORP LOUNGE, VIKROLI (W)",238
HDCF- BANK KASARVADVALI,238
HDCF- BANK VEENA NAGAR,238
HDCF- BANK NAHUR,238
HDCF- BANK GHATKOPAR PANT NAGAR,238
"HDCF- BANK LBS, KURLA",238
HDCF- BANK SAKI VIHAR,238
HDCF- BANK NAGOTHANE,238
HDCF- BANK DOMBIVALI,238
HDCF- BANK KALYAN,238
HDCF- BANK ULHASNAGAR,238
HDCF- BANK AMBARNATH,238
HDCF- BANK KALYAN - KHADAKPADA,238
HDCF- BANK ULHASNAGAR CAMP4,238
HDCF- BANK BADLAPUR,238
HDCF- BANK DOMBIVALI (MIDC),238
HDCF- BANK ULHASNAGAR (FURNITURE MARKET BRANCH),238
HDCF- BANK KALYAN BAIL BAZAR,238
HDCF- BANK NILAJE,238
HDCF- BANK DOMBIVALI - GYM KHANA,238
HDCF- BANK BADLAPUR - WEST,238
HDCF- BANK KAMALA MILLS,238
HDCF- BANK VIDYAVIHAR,238
HDCF- BANK TALOJA PHASE I,238
HDCF- BANK DEONAR,238
HDCF- BANK MURUD,238
HDCF- BANK TITWALA,238
HDCF- BANK POLADPUR,238
"""HDCF- BANK AMBERNATH MIDC""",238
"HDCF- BANK KONGAON, KALYAN",238
HDCF- BANK MIRA ROAD (EAST),238
HDCF- BANK AMBOLI,238
"HDCF- BANK GORAI,Â BORIVALIÂ WEST",238
"""HDCF- BANK KALYAN EAST""",238
HDCF- BANK INDAPUR - MANGAON,238
HDCF- BANK KALHER BRANCH,238
HDCF- BANK LODHA AMARA,238
HDCF- BANK CUFFE PARADE,238
HDCF- BANK MALVANI MALAD WEST,238
"HDCF- BANK TURBHE MIDC, NAVI-MUMBAI",238
HDCF- BANK POYNAD - ALIBAG,238
HDCF- BANK DOMBIVALI WEST,238
HDCF- BANK KHARGHAR SECTOR 35E NAVI MUMBAI,238
"HDCF- BANK MANEKLAL ESTATE , GHATKOPAR WEST",238
HDCF- BANK PEDDAR ROAD,238
HDCF- BANK KALACHOWKY,238
HDCF- BANK KARANJADE,238
HDCF- BANK GOVANDI,238
"HDCF- BANK NAVROZE , PALI HILL , BANDRA W",238
HDCF- BANK GORAI,238
HDCF- BANK MIRA ROAD KASHIMIRA,238
HDCF- BANK MANPADA,238
HDCF- BANK PAREL,238
"HDCF- BANK KHARVAI , BADLAPUR",238
HDCF- BANK VASAI EAST SATIVALI,238
HDCF- BANK ANDHERI LINK ROAD,238
"HDCF- BANK MUMBRA, THANE",238
HDCF- BANK KARANGELE,238
JLL-AIRTEL - R&M - SEC 25 NOI,126
JLL-AIRTEL-R&M - PATILIPUTRA COLONY,82
JLL-AIRTEL-R&M - PONDICHERRY,96
AIRTEL - DWARKA SEC -4 DEL,126
DMI FINANCE -PANDAV NAGAR - DEL -3,126
INDUS TOWER - PATANA,82
INDUA - TOWER GUNA,129
UN-SORTING HAT-BR,82
CREDIT SUISSE SECURITIES - DEL,126
JLL-SCHINEIDER-ELECTRIC- PUNE,10
JLL-SCHINEIDER-ELECTRIC- AHMEDABAD,123
HDFC-BANK-Ernakulam-KERALA,96
CAMELLIAS-GOLF COURSE-GGN,204
UNITED SPRIT-RAJDANGA-KOL,19
SCHINEIDER-POWAI-MUM,199
CONCENTRIX-Bhubaneswar-ODI,19
BA-MALAD-MUM,199
JLL-CON-SEC-135-NOI,83
LORIAL-GHATKOPAR-MUM,199
CONCENTRIX-DLF Cyber City-GGN,204
GLOBEOP-AIROLI-MUM,199
INDUS TOWER-NOIDA SEC-62,83
PIRAMAL-MULUND-MH,199
CBRE-JOHN-PUNE-MH,10
CBRE-WIPRO-UDYOG VIHAR PH-III-GGN,204
CBRE-AIRTEL-KASUMPTI-SHIMLA,14
CBRE-UNITED SPRIT-LUCKNOW,83
JLL-AIRTEL-R&M - MEDIGUNADA -HYD,124
JLL-AIRTEL - R&M GOVERNORPET - HYD,124
JLL-AIRTEL - R&M MADINAGUDA- HYD,124
AIRTEL- JLL-R&M MOOSAPET - HYD,124
JLL-AIRTEL-R&M SHAHPURNAGAR-HYD,124
JLL-AIRTEL-R&M - MAREDPALLY AOR- HYD,124
JLL-AIRTEL - R&M - MANSOORABAD- HYD,124
JLL-AIRTEL-R&M - MANIKONDA- HYD,124
JLL-AIRTEL-R&M PATAMATA- HYD,124
JLL-AIRTEL-R&M - SANTOSH NAGAR- HYD,124
JLL-AIRTEL-R&M - SHRI KAKULAM- HYD,124
JLL-AIRTEL-R&M- ONGOLE - HYD,124
JLL-AIRTEL-R&M AMALAPURAM- HYD,124
JLL-AIRTEL-R&M-NIZAMPET-HYD,124
JLL-AIRTEL-R&M TANUKU-HYD,124
JLL-AIRTEL-R&M- SOMAJIGUDA,124
JLL-AIRTEL-R&M - NUZVEEDU-HYD,124
JLL-AIRTEL-R&M-DEVICHOCK,124
JLL-AIRTEL R&M - SHAMSHABAD- HYD,124
JLL-AIRTEL - R&M - HEGADE NAGAR AOR -KK,196
JLL-AIRTEL-R&M - GAYATRI COMPLEX,196
JLL-AIRTEL-R&M - BANASWADI - KK,196
JLL-AIRTEL-R&M- KR MOHALLA - AOR -KK,196
JLL-AIRTEL-R&M - WILSON GARDERN AOR-KK,196
JLL-AIRTEL-R&M - HOSA ROAD - KK,196
JLL-AIRTEL-R&M - SADASHIV NAGAR-KK,196
JLL-AIRTEL-R&M - HORAMAVU - KK,196
JLL- AIRTEL - R&M - NR COLONY,196
JLL-AIRTEL-R&M - MANYATA TECH- KK,196
JLL-AIRTEL-R&M- CHANDRA LAYOUT- KK,196
JLL-AIRTEL- R&M - DR RAJKUMAR RAOD - KK,196
JLL-AIRTEL-R&M-sec 25 NOI,126
JLL-AIRTEL-R&M-Vasundhara Ghaziabad,126
JLL-AIRTEL-R&M-South Ex II DL355,126
JLL-AIRTEL-R&M-Rohini Sector 24 DEL,126
JLL-AIRTEL-R&M-Pusa road,126
JLL-AIRTEL-R&M-Bhavnagar NGS,123
JLL-AIRTEL-R&M-Poddar Arcade NGS,123
JLL-AIRTEL-R&M-Rajender Nagar Ghaziabad DL343,126
JLL-AIRTEL-R&M-Morbi NGS,123
JLL-AIRTEL-R&M-Kamla Nagar DEL,126
JLL-AIRTEL-R&M-Rohini Sector 16 DEL,126
JLL-AIRTEL-R&M-Bopal NGS,123
JLL-AIRTEL-R&M-Valsad NGS,123
JLL-AIRTEL-R&M-Anand NGS,123
JLL-AIRTEL-R&M-South Bopal NGS,123
JLL-AIRTEL-R&M-Udhana NGS,123
JLL-AIRTEL-R&M-Gota NGS,123
JLL-AIRTEL-R&M-Kadi NGS,123
JLL-AIRTEL-R&M-New Ranip NGS,123
JLL-AIRTEL-R&M-OP Road VAD,123
JLL-AIRTEL-R&M-Gandhi Nagar GZB,126
JLL-AIRTEL-R&M-Sec 120 NOI,126
JLL-AIRTEL-R&M-Shahdara DEL,126
JLL-AIRTEL-R&M-Mahavir Enclave,126
JLL-AIRTEL-R&M-Subhash Nagar,129
JLL-AIRTEL-R&M-Shastri Nagar NGS,126
JLL-AIRTEL -R&M - MOOLAKADAI- TN,96
JLL-AIRTEL-R&M-KM PLAZA-TN,96
JLL-AIRTEL-R&M- PT RANJAN ROAD - TN,96
JLL-AIRTEL-R&M- NANGANALLUR - NGS,96
JLL- AIRTEL - R&M - LB ROAD ADYAR- TN,96
JLL-AIRTEL-R&M - THANJAVUR- TN,96
JLL-AIRTEL-R&M- BEACH STATION - TN,96
JLL-AIRTEL-R&M - SIVAKASI - TN,96
JLL-AIRTEL - R&M - HOPES COLLEGE - TN,96
JLL-AIRTEL-R&M - KOLATHUR - TN,96
JLL-AIRTEL-R&M - TRIL INFO PARK - TN,96
JLL-AIRTEL- R&M - IYYAPPAN - CHN - TN,96
JLL-AIRTEL - KOLATHUR - CHN - TN,96
JLL-AIRTEL- R&M - DINDIGUL - CHN - TN,96
JLL-AIRTEL- R&M KODAMBAKAM - CHN - TN,96
JLL-AIRTEL-R&M- KANAGU TOWERS,96
JLL- AIRTEL- R&M- ELAPILLAI- CHN - TN,96
JLL-AIRTEL-R&M - SHIVA KASI - CHN - TN,96
JLL-AIRTEL-R&M- KUNNOR - CHN-TN,96
JLL-AIRTEL-R&M- KADAPAKKADA-CHN-TN,96
JLL-AIRTEL-R&M-KARAMANA- CHN-TN,96
JLL-AIRTEL- KOTTYAM- CHN-TN,96
JLL-AIRTEL-R&M- OTTAPALAM -,96
JLL-AIRTEL-R&M- KOTTARAKKARA- KER-TN,96
JLL-AIRTEL-R&M- SHORNUR - CHN-TN,96
JLL-AIRTEL-R&M- MANJERI- CHN-TN,96
TCL-KAKKANAD-ERNAKULAM-KL,96
BA-LUCKNOW-UP,83
JLL-HBAP-PUNE-MH,10
CBRE-WIPRO-JAIPUR-RAJ,129
JLL-CGS-GGN,204
JLL-HBAP-AHMEDABAD-GUJ,123
JLL-Airtel Store-WARDHA-MH,50
JLL-Airtel Store-AKOLA-MH,50
JLL-Airtel Store-DHULE-MH,50
JLL-Airtel Store-Sanskriti-RJ,129
JLL-Airtel Store-Padivattom AOR-KL,96
JLL-Airtel Store-Shimoga-KA,196
JLL-New Circle office-TN,96
JLL-Airtel Store-Sector 16 FBD-HR,126
JLL-Airtel Store-Sasane Nagar Store-MH-MH,10
"JLL-Oceanic Tower (BAL Floors, 1st & 4th)-TN",96
JLL-Airtel Store-Wipro-KA,196
JLL-Airtel Store-Vellayambalam AOR-KE,96
JLL-Airtel Store-Gaya Manpur_AOR-JH,82
JLL-Airtel Store-Mavoor Road NGS-KE,96
JLL-Airtel Store-Kalamassery AOR-KE,96
JLL-Airtel Store-Ratanada OR-RJ,129
JLL-Airtel Store-MUVATTUPUZHA NGS-KE,96
JLL-Airtel Store-Thrippunithura NGS-KE,96
JLL-Airtel Store-Chakripuram-TS,124
JLL-Airtel Store-Padma Rao Nagar AOR-TS,124
JLL-Airtel Store-Prasadampadu OR-TS,124
JLL-Airtel Store-Sector 10 Faridabad-HR,126
JLL-Airtel Store-Katpadi NGS-TN,96
JLL-Airtel Store-Kottayam NGS-KL,96
JLL- Airtel Store-Katra-JK,14
JLL-Airtel Store-Moshi Store_MH,10
JLL-Airtel Store-Tuticorin NGS-TN,96
JLL-Airtel Store-Baramati-MH,10
JLL-Airtel Store-Seethamadhara AOR-AP,124
JLL-Airtel Store-Palam Vihar - DL309-GGN,126
JLL-Airtel Store-Vizianagaram OR-AP,124
JLL-Airtel Store-Tiruppur PN Road-TN,96
JLL-Airtel Store-Palladam NGS-TN,96
JLL-Airtel Store-Thennampalayam NGS Mini-TN,96
JLL-Airtel Store-AOR Arrah-BR,82
JLL-Airtel Store-Hajipur AOR-BR,82
JLL-Airtel Store-Nizamabad NGS-AP,124
INDUS-TOWER-Dehradun-UK,83
JLL-Airtel Store-Bhayander West-MH,11
JLL-Airtel Store-Mazgaon MUM,11
Mehta Traders-MH,199
CBRE-WIPRO-AIROLI MUM-MH,199
JLL-Airtel Store-Ambernath Store-MH,11
JLL-Aor Store-Chandrapur-MH,50
JLL-Airtel Store-Jalna-MH,50
JLL-Airtel Store-Kharadi Store PUNE-MH,10
CBRE-AKZO PUNE-MH,10
JLL-Airtel Store-Hanummangarh-RJ,129
JLL-Airtel Store-Vighyan Nagar-KOTA-RJ,129
JLL-Airtel Store-Cherthala NGS-KE,96
JLL-Airtel Store-Horamavu-KA,196
JLL-Airtel Store-Wilson Garden OR-KA,196
JLL-Airtel Store-Manyata Tech Park-KA,196
JLL-Airtel Store-Green Field Faridabad-HR,126
JLL-Airtel Store-Khamla Store-MH,50
JLL-Airtel Store-Shahpurnagar-TS,124
JLL-Airtel Store-Madinaguda OR-TS,124
JLL-Airtel Store-SHIV NAGAR UDHAMPUR-JK,14
JLL-Airtel Store-Beach Station NGS-TN,96
JLL-Airtel Store-Chittorgarh OR,129
JLL-Airtel Store-PUDUKKOTTAI NGS-TN,96
JLL-Airtel Store-Tuticorin NGS-TN,96
JLL-Airtel Store-Nagercoil NGS-TN,96
JLL-Airtel Store-NR Colony OR-KA,196
JLL-Airtel Store-Saibaba Colony AOR-TN,96
JLL-Airtel Store-Trichy Road CMB-TN,96
JLL-Airtel Store-Avinashi Road CMB-TN,96
JLL-Airtel Store-Bharathiar Road CMB-TN,96
JLL-Airtel Store-Srinivasa Tower CMB-TN,96
JLL-Airtel Store-D B Road CMB-TN,96
JLL-Airtel Store-Ulwe MUM-MH,11
JLL-Airtel Store-Kamothe MUM-MH,11
JLL-AIRTEL OFFICE-GGN-HR,126
JLL-AIRTEL AMRITSAR-PB,14
JLL-JAIPUR-RJ,129
JLL-OKHLA-DEL,126
JLL-AIRTEL Metro Tower INDORE-MP,129
BHARTI AIRTEL-MOHALI-PB,14
JLL-HBAP-GURGAON-HR,204
JLL-AIRTEL RANCHI-JH,82
JLL-CON-HYDERABAD-TS,124
MSIL-Kolkata,19
KEYSIGHT - UCP - GGN,204
CBRE-LORIAL-GURGAON-HR,204
CBRE-AIRTEL STORE PALAM VIHAR-DEL,126
CBRE-AIRTEL STORE OLD RAILWAY COLONY-GGN,204
CBRE-AIRTEL STORE SEC 37 FBD-HR,126
JLL-AIRTEL-Margaon Store -GOA,10
JLL-Airtel Store-Nellore AOR 2-AP,124
C&W-KING COURT- DLF-GGN,204
CBRE-SPG-NOIDA SEC 62-UP,83
DMI FINANCE-RATLAM-RJ,129
CBRE-SPG-AHEMDABAD-GJ,123
CBRE-SPG-GURGAON-HR,204
CBRE-CAPGEMINI-KOLKATA-WB,19
GeBBS-3F MINDSPACE THANE-MH,199
GeBBS-4F MINDSPACE THANE,199
USB BUSINESS HYD TEL,124
JLL-Airtel Store-Sambalpur 1 AOR-OR,19
JLL-Airtel Store-ID Market OR,19
CBRE - NEOVATIC - HYDERABAD - TS,124
JLL - Airtel Store-Nanded - MH,50
JLL - Airtel Store-Srirangam AOR - TN,96
JLL - Airtel Store-Arcot Road Porur CHN - TN,96
JLL - Airtel Store-Selaiyur CHN TN,96
JLL - Airtel Store-Jajpur AOR - OR,19
JLL - Airtel Store-Jhunjhunu - RJ,129
JLL - Airtel Store-Bhavanipuram AOR - AP,124
JLL - Airtel Store-Vidya nagar NGS - AP,124
HDFC - Currency Chest - MUMBAI,
JLL - Airtel Store-Kuniyamuthur NGS - TN,96
JLL - Airtel Store-MLB Road - MP,129
JLL - Airtel Store-Samba - JK,14
JLL - Airtel Store-Tarn Taran PB,14
JLL - Airtel Store-Darbhanga Lalbag AOR - BH,82
JLL - Airtel Store-Nerul MUM - MH,11
JLL - Airtel Store-Nahur MUM - MH,11
JLL - Airtel Store-Undri Store - MH,50
HDFC - Dhayari - PUNE - MH,10
HDFC - WAAKD - PUNE - MH,10
HDFC - Warje - PUNE - MH,10
HDFC - Baner - PUNE - MH,10
HDFC - Marathon IT Park - PUNE - MH,10
HDFC - Hyde Park - PUNE - MH,10
HDFC - Nighoje - PUNE - MH,10
HDFC - Dahanukar - PUNE - MH,10
HDFC - Shevgaon - PUNE - MH,10
HDFC - Shirur - PUNE - MH,10
HDFC - Pashan - PUNE -MH,10
HDFC - Hinjewadi Training Centre - PUNE - MH,10
HDFC - Sakuri - PUNE - MH,10
TCL - Meharuli - DL,126
CBRE - CAPGEMINI - Bhubaneswar - Orissa,19
PIRAMAL - THANE - MH,199
TVS - JAIPUR - RJ,129
C&W - KING COURT - DLF - GK2 - DL,126
JLL - Airtel Store-HYDERNAGAR AOR - TS,124
JLL - Airtel Store-Vivekananda Nagar OR - TS,124
CBRE - Airtel Store-Vikas Marg - DL,126
JLL - Airtel Store-Wagholi Store (Pune) - MH,10
JLL - Airtel Store-Wakad PUNE - MH,10
CBRE - AIRTEL STORE - SHAHDRA - DL,126
MICROSOFT INDIA - SEC-16 NOIDA - UP,83
NSE - Lucknow,83
INDUS TOWER - INDORE - MP,129
CITY - NIKE SOUTH EX -DL,126
INDUS TOWER - BILASPUR,129
VTP - Velankani Tech Park-Bangalore,196
UNITED SPIRIT - CHANDIGARH,14
BBP - Business Bay-Pune,10
MTP - Mahindra Tech Park-Jaipur,129
NKPB1 - Nirlon Knowledege Park-B1-Mumbai,199
MPP - Magarpatta- Pune,10
CAP - Capital-Mumbai,10
NKPB4 - Nirlon Knowledge Park-B4-Mumbai,199
NKPB7 - Nirlon Knowledge Park-B7-Mumbai,199
DBH - DB House-Mumbai,199
CIIH - CII House-Ahmedabad,123
SUR - Rajmal Lakhichand Jewellers Building-Surat,123
AUR - Aurangabad Business Centre-Aurangabad,199
KOL - Ashni-Kolhapur,10
RSP - Rachna Suprem-Pune,10
DLFS - DLF Square-Gurgaon,204
DLFI - DLF Infinity-Gurgaon,204
MOR - Moradabad,83
E&Y - AEROCITY - DL,126
LUD - Ludhiana,14
NOI - Noida - Somdutt Tower,83
"HTH - HT House, New Delhi",126
CHE - Sunny Side-Chennai,96
"SAL - Venkatathiri Nilayam, Salem",96
"VEL - RJ Plaza, Vellore",96
TRB - Raheja Tower-Bangalore,196
"BHK - Brooke House, Kolkatta",19
KHA - Sidrah-Khar-Mumbai,199
GIF - Gift City - Ahmedabad,123
HDFC - Kolshet Bramhand - MH,
JLL - Airtel Store-Sec 37 FBD - DL,126
JLL - AIRTEL STORE - BORIVALI VIHANA - MH,11
URBAN - KIRTI NAGAR - DL,126
C&W - AIRTEL MAHARASTRA,11
JLL - Airtel Store - T Dasarahalli OR,124
JLL - Airtel Store-Mahalakshmi Layout OR,196
JLL - Airtel Store-KPHB2 OR,124
JLL - Airtel Store - Kathua J&K,14
JLL - Airtel Store-Odhav NGS AHM - GJ,123
JLL - Airtel Store-Bhandup MUM - MH,11
JLL - Geethika Archade - TN,96
JLL - Airtel Store-Nalstop - MH,10
TCL - Hyderabad - TS,124
JLL - Airtel Store-Vastral NGS - GJ,123
JLL - Airtel Store-truth OR Jaipur - RJ,129
JLL - Airtel Store-Nextgen Navsari Surat - GJ,123
Capgemini - Nsez Noida - UP,83
Eros Metro Mall - Dwarka - DL,126
Infosys - Chandigarh,14
JLL - Airtel Store-Karad - MH,11
JLL - Airtel Store-Anjar NGS - GJ,123
010 Bhubaneshwar - OD - Diageo,19
CBRE - Airtel Store - Green Park - DL,126
JLL - Airtel Store-Palanpur NGS - GJ,123
JLL - Airtel Store-Thudiyalur NGS - TN,96
Infosys - Bhubaneshwar,19
Infosys - Indore,129
JLL - Airtel Store-Bapu Bazaar OR Udaipur - RJ,129
CBRE - Airtel Store - Rohini Sec-4 - DL,126
JLL - Airtel Store-Sec 79 Faridabad - HR,126
JLL - Airtel Store-Dahisar East - MH,11
C&W - AIRTEL - Fort MUM,11
C&W - AIRTEL - Kopar Khairane NGS (Mumbai),11
C&W - AIRTEL - Kalyan 2 MUM (Mumbai),11
C&W - AIRTEL - Thane West (Mumbai),11
C&W - AIRTEL - Lokhandwala MUM (Mumbai),11
C&W - AIRTEL - Kamothe MUM (Mumbai),11
C&W - AIRTEL - Belapur MUM (Mumbai),11
Tablespace - DLF - GGN,204
JLL - Airtel Store-KalachowkiÂ  MUM - MH,11
JLL - Airtel Store-Bhankrota JPR - RJ,129
Infosys - Hyderabad,124
HDFC - Trade Star Mum - MH,
JLL - Bushido Towers Coimbatore - TN,96
INDUS TOWER - KHANDWA - MP,129
WIPRO - KNOWLEDGE PARK IV NOIDA - up,83
TCL - JAMSHEDPUR - JH,82
URBAN - CHANDIGARH - PB,14
URBAN - VIKROLI MUM - MH,199
CBRE - Airtel Store - Laxmi Nagar DEL - DL,126
F1 INFO SOLUTIONS - CHD,14
BNP - Mumbai - MH,199
JLL - Airtel Store-Kothi NGS Vadodara - GJ,123
CBRE - AIR INDIA GGN,204
EXPEDIA - GGN,204
JLL - Airtel Store-Thane MK Plaza MUM - MH,11
SKOOTER - CP - DL,126
CONCENTRIX - Bangalore - KA,196
CBRE - Airtel Store - Darya Ganj DEL - DL,126
VIAVI - GGN - HR,204
Capgemini - Bellandur - KA,196
JLL - Airtel Store-Alfa Commercial - UP,126
JLL - Airtel Store-VIP Road NGS - GJ,123
JLL - Airtel Store-Alleppey Aor - KE,96
Capgemini - Thane - MH,199
HDFC - Gokhale Road - MH,238
HDFC - Narhe Pune - MH,10
HDFC - Apte Road Pune - MH,10
HDFC - Dhankawad Pune - MH,10
HDFC - Shivane Pune - MH,10
HDFC - Kalyani nagar Pune - MH,10
"HDFC - Manorama, Mangalwar Peth Pune - MH",10
HDFC - Nigdi Pune - MH,10
HDFC - Navi Peth Pune - MH,10
PIRAMAL - BYCULLA EAST- MH,199
11 - Hyderabad - TS,124
Smartworks - Jaipur - RJ,129
MSIL - Jaipur,129
Infosys BPM - Hyderabad - TS,124
JLL - Cognizant - Hyderabad -TS,124
PRL - Mulund - MH,199
CBRE - Diageo - Bangalore - KA,196
Google - Pune - MH,10
JLL - Airtel Store-KANNUR NGS - KE,96
JLL - Airtel Store-Ichalkaranji - MH,11
CBRE - Diageo - Mumbai - MH,199
HDFC - Zenith House - MH,238
MUFG - Bandra - MH,199
JLL - Airtel Store-Bandra Lucky Hotel,11
JLL - Airtel Store-Cuttack CDA-6 - OR,19
JLL - Airtel Store-Bomanahalli OR - KA,196
Urban - Bangalore Proms,196
Urban - Bangalore Krimson,196
Urban - Mumbai Painting,199
15-Urban-Bangalore CL,196
JLL - Airtel Store-Dwarka Sec 10 DEL,126
JLL - Airtel Store-Bhuj NGS,123
JLL - Airtel Store-Kandivali Thakur Village MUM,11
JLL - Airtel Store-Mandya OR - KA,196
JLL - Airtel Store-Patlipura Colony PTN - BH,82
JLL - Airtel Store-Chembur station MUM - MH,11
JLL - Airtel Store-Goregaon Filmcity MUM,11
JLL - Airtel Store-Station Road - KA,196
BNP - Chennai - TN,96
Capgemini - Bhubaneswar - OD,19
JLL - AIRTEL STORE-CROSSING REPUBLIC GZB (GAZIABAD),126
JLL - AIRTEL STORE-NIIT FBD (FARIDABAD),126
JLL - Airtel Store-Virar East OR - MH,50
JLL - Airtel Store-Sanjaynagar OR - KA,196
CBRE - DXC - BRIGADE CENTRE - KA,196
JLL - Airtel Store-Neelam Chowk Faridabad - DL320,126
JLL - Airtel Store-Sangli - MH,11
JLL - Airtel Store-East of Kailash DEL,126
JLL - Airtel Store-Kirti Nagar DEL,126
JLL - Airtel Store-Kurla Bhabha Hospital MUM,11
"JLL - Airtel Store-Sector 4, Rohini - DL319",126
JLL - Airtel Store-PALARIVATTOM NGS - KE,96
CBRE - DXC - DLF Cyber Green - GGN,204
CBRE - Price water house Coopers Service - Kolkata - WB,19
CBRE - Price water house Coopers Service - Bangalore - KA,196
JLL - Airtel Store-Perundurai NGS - TN,96
JLL - Airtel Store-KANGEYAM ROAD NGS - TN,96
JLL - Airtel Store-Krishnagiri NGS - TN,96
JLL - Airtel Store-Villupuram AOR - TN,96
JLL - Airtel Store-Jogeshwari West MUM - MH,11
JLL - Airtel Store-Poonamallee NGS - TN,96
JLL - Airtel Store-Vasant Kunj - DL,126
CBRE-NIKE- ASIA MALL -BANGALORE,196
JLL - Airtel Store-East Maredpally OR - TS,124
JLL - Airtel Store-Kandivali Hindustan naka - MH,11
JLL - Airtel Store-Sanpada MUM - MH,11
Capgemini - Gurgaon - HR,204
CBRE - Juniper - DLF Centre - DL,126
JLL - Airtel Store-Andheri West SP Road 2 MUM - MH,11
JLL - Airtel Store-Palakkad NGS - KE,96
JLL - Airtel Store-Kurmannapalem - AP,124
BA - Udhyog Vihar GGN - HR,204
Capgemini - Technopark - KA,196
CBRE - IDFC Juinagar Mumbai - MH,199
Infosys - Nagpur,199
Infosys - Gurgaon,204
CBRE - SPG - Bangalore - KA,196
JLL - Sec 21C FDB (Faridabad) - HR,126
Aryadi - GeBBS Airoli Mum - MH,199
CBRE - IDFC Indore - MP,129
JLL - Airtel Store-NFC DEL - DL,126
URBAN - Varanasi - UP,83
HDFC - Vallabh Nagar Pune - MH,10
JLL - BA Continuum - DLF Cyber Park GGN - HR,204
Gebbs - Airoli,199
JLL - Airtel Store-Hanumakonda - TS,124
JLL - Airtel Store-Tobin Road AOR - WB,19
JLL - Airtel Store-Siliguri SF Road AOR - WB,19
JLL - Airtel Store-Asansol2 AOR -WB,19
JLL - Airtel Store-KALYANI AOR - WB,19
JLL - Airtel Store-Konnagar AOR - WB,19
JLL - Airtel Store-Kalighat AOR - WB,19
JLL - Airtel Store-Burdwan AOR - WB,19
JLL - Airtel Store-Alaknanda DEL - DL,126
JLL - Airtel Store-Dombivali West MUM - MH,11
JLL - Airtel Store-Dombivali Palava MUM - MH,11
