BranchSite,Account Branch Manager
JLL-AIRTEL-R&M Sahara Mall GGN,DINESH KUMAR
JLL-AIRTEL-R&M Vasant Vihar DEL,DINESH KUMAR
JLL-AIRTEL-R&M Nehru Place DEL,DINESH KUMAR
JLL-AIRTEL-R&M Mahipal Pur DEL,DINESH KUMAR
JLL-AIRTEL-R&M-Kirti Nagar DEL-DEL,DINESH KUMAR
JLL-AIRTEL-R&M-NFC DEL-DEL,DINESH KUMAR
JLL-AIRTEL-R&M-Sarita Vihar DEL-DEL,DINESH KUMAR
JLL-AIRTEL-R&M-CR Park DEL-DEL,DINESH KUMAR
JLL-AIRTEL-R&M-Lajpat Nagar DEL-DEL,DINESH KUMAR
JLL-AIRTEL-R&M-Sarojini Nagar DEL-DEL,DINESH KUMAR
JLL-AIRTEL-R&M-Adchini DEL-DEL,DINESH KUMAR
JLL-AIRTEL-R&M-Alaknanda DEL-DEL,DINESH KUMAR
JLL-AIRTEL-R&M-Saket DEL-DEL,DINESH KUMAR
JLL-AIRTEL-R&M-Kalkaji DEL-DEL,DINESH KUMAR
JLL-AIRTEL-R&M-Malviya Nagar DEL-DEL,DINESH KUMAR
JLL-AIRTEL-R&M-Green Park DEL-DEL,DINESH KUMAR
JLL-AIRTEL-R&M-Laxmi Nagar DEL-DEL,DINESH KUMAR
JLL-AIRTEL-R&M-Vikas Marg DEL-DEL,DINESH KUMAR
JLL-AIRTEL-R&M-Sec 21C FDB-DEL,DINESH KUMAR
JLL-AIRTEL-R&M-Sector 29 FDB-DEL,DINESH KUMAR
JLL-AIRTEL-R&M-Sec 15 FDB-DEL,DINESH KUMAR
JLL-AIRTEL-R&M-NIT FDB-DEL,DINESH KUMAR
JLL-AIRTEL-R&M Faridabad Neelam Bata NIT,DINESH KUMAR
WeWork 9A,RAJVEER SINGH
WeWork Prestige Tech Park,Anshu Kumar Maurya
WeWork Roshni Tech Hub,Anshu Kumar Maurya
WeWork Olympia Cyberspace,PADAM LOCHAN MALLICK
WeWork Eldeco Centre,DINESH KUMAR
WeWork Raheja Mindspace,DIWAKAR PANDIT
WeWork RMZ Spire,DIWAKAR PANDIT
WeWork Vaswani Chambers,SHILPA MORE
WeWork Chromium,SHILPA MORE
IDFC - THAKUR VILLAGE KANDIVALI E BRANCH,MANISH KUMAR SHARMA
IDFC - Sion Trombay Road,MANISH KUMAR SHARMA
IDFC - DRIVE IN ROAD BRANCH,RAJESH DAVE
IDFC - AHMEDABAD NIKOL BRANCH,RAJESH DAVE
IDFC - AHMEDABAD ASHRAMROAD BRANCH,RAJESH DAVE
IDFC - AHMEDABAD SINDHUBHAVAN BRANCH,RAJESH DAVE
IDFC - AHMEDABAD SHYAMAL BRANCH,RAJESH DAVE
IDFC - AJMER - 90 DEGREES,Mahindra Kumar Tiwari
IDFC - TURANGA BRANCH,Satyaprajna Jena
IDFC - BAYAD BRANCH,RAJESH DAVE
IDFC - MODASA BRANCH,RAJESH DAVE
IDFC - BALANGIR BRANCH,Satyaprajna Jena
IDFC - REMUNA BRANCH,Satyaprajna Jena
IDFC - Jaleswar,Satyaprajna Jena
IDFC - BHATAPARA BRANCH,BALA JEE SHARMA
IDFC - BALODA BAZAR BRANCH,BALA JEE SHARMA
IDFC - BALOD BRANCH,BALA JEE SHARMA
IDFC - BARGARH BRANCH,Satyaprajna Jena
"IDFC - Adhan Nagar, Chhatisgarh Kanker",BALA JEE SHARMA
"IDFC - Raipur Road, Bemetara, Chattisgarh Bemetara",BALA JEE SHARMA
IDFC - BHADRAK BRANCH,Satyaprajna Jena
IDFC - RATANPUR BRANCH,BALA JEE SHARMA
IDFC - BILASPUR BRANCH,BALA JEE SHARMA
IDFC - SEEPAT ROAD BRANCH,BALA JEE SHARMA
IDFC - CUTTACK- ROYAL TOWER,Satyaprajna Jena
IDFC - CUTTACK - CUTTACK MAIN BRANCH,Satyaprajna Jena
IDFC - CHOUDWAR BRANCH,Satyaprajna Jena
IDFC - Naya Bazar,Satyaprajna Jena
IDFC - SILIGURI-M-SQUARE,Barsha Kumari Singh
IDFC - SILIGURI,Barsha Kumari Singh
IDFC - NEW DELHI SAKET BRANCH,RAVI MISHRA
IDFC - NEW DELHI PRASHANT VIHAR BRANCH,RAVI MISHRA
IDFC - NEW DELHI KALKAJI BRANCH,RAVI MISHRA
IDFC - Hauz Khas Delhi,RAVI MISHRA
IDFC - Mbl - Dilshad Colony,RAVI MISHRA
IDFC - Kashmeeri Gate Delhi,RAVI MISHRA
IDFC - DHAMTARI BRANCH,BALA JEE SHARMA
IDFC - MBL - DHANDBAD,BALA JEE SHARMA
IDFC - DHENKENAL BRANCH,Satyaprajna Jena
"IDFC - FARIDABAD SECTOR -21 C, BRANCH",RAVI MISHRA
IDFC - HINJILICUT BRANCH,Satyaprajna Jena
IDFC - BHANJANAGAR BRANCH,Satyaprajna Jena
IDFC - Berhampur,Satyaprajna Jena
IDFC - RAJIM BRANCH,BALA JEE SHARMA
IDFC - GURGAON SEC 82 BRANCH,RAVI MISHRA
IDFC - GURGAON MANESAR BRANCH,RAVI MISHRA
IDFC - TIMURNI BRANCH,KAMAL PRAJAPATI
IDFC - UDA BRANCH,KAMAL PRAJAPATI
IDFC - TAJPURA BRANCH,KAMAL PRAJAPATI
IDFC - JAGATSINGHPUR BRANCH,Satyaprajna Jena
IDFC - JAIPUR TONK ROAD BRANCH,Mahindra Kumar Tiwari
IDFC - JAJPUR ROAD BRANCH,Satyaprajna Jena
IDFC - JALANDHAR VIJAY NAGAR BRANCH,SUNIL THAKUR
IDFC - JAMMU BAHU PLAZA BRANCH,SUNIL THAKUR
IDFC - CHAMPA BRANCH,BALA JEE SHARMA
IDFC - SHIVRINARAYAN BRANCH,BALA JEE SHARMA
IDFC - PATHALGAON BRANCH,BALA JEE SHARMA
IDFC - JASHPUR BRANCH,BALA JEE SHARMA
IDFC - Jehanabad,BALA JEE SHARMA
IDFC - JHARSUGUDA BRANCH,Satyaprajna Jena
IDFC - BHAWANIPATNA BRANCH,Satyaprajna Jena
IDFC - KENDRAPARA BRANCH,Satyaprajna Jena
IDFC - KENDUJHAR -DBU BRANCH,Satyaprajna Jena
IDFC - PARK STREET BRANCH,Barsha Kumari Singh
IDFC - DALHOUSIE BRANCH,Barsha Kumari Singh
IDFC - KOLKATA-BEHALA CHOWRST,Barsha Kumari Singh
"IDFC - SALT LAKE, SEC- 1, WEST BENGAL",Barsha Kumari Singh
IDFC - KOLKATA BELEGHATA BRANCH,Barsha Kumari Singh
IDFC - KOLKATA-NEW ALIPORE BRANCH,Barsha Kumari Singh
IDFC - KOLKATA-SARAT BOSE ROAD BRANCH,Barsha Kumari Singh
IDFC - KOLKATA-KASBA BRANCH BRANCH,Barsha Kumari Singh
IDFC - MBL-HOWRAH,Barsha Kumari Singh
IDFC - MBL-DUNLOP,Barsha Kumari Singh
IDFC - KOLKATA- VIP ROAD BRANCH,Barsha Kumari Singh
IDFC - KOLKATA - BEHALA BRANCH,Barsha Kumari Singh
IDFC - KOLKATA-R N MUKHERJEE ROAD BRANCH,Barsha Kumari Singh
IDFC - PRINCE ANWAR SHAH,Barsha Kumari Singh
IDFC - KOLKATA SALES HUB,Barsha Kumari Singh
IDFC - Shyambazaar Bata Showroom,Barsha Kumari Singh
IDFC - Burrabazar,Barsha Kumari Singh
"IDFC - BT Road, Dunlop, Kolkata Landmark Dunlop",Barsha Kumari Singh
IDFC - MBL - NAGERBAZAR,Barsha Kumari Singh
IDFC - KATGHORA BRANCH,BALA JEE SHARMA
"IDFC - Kosabadi, Korba, Chattisgarh Niharika",BALA JEE SHARMA
IDFC - MANENDRAGARH BRANCH,BALA JEE SHARMA
IDFC - LUCKNOW -MUNSHIPULLIA BRANCH,GOVIND KUMAR SINGH
IDFC - Doraha Punjab,SUNIL THAKUR
IDFC - MAHASAMUND BRANCH,BALA JEE SHARMA
IDFC - BASNA BRANCH,BALA JEE SHARMA
IDFC - MALDAH,Barsha Kumari Singh
IDFC - BARIPADA BRANCH,Satyaprajna Jena
IDFC - Muzaffarpur,BALA JEE SHARMA
IDFC - MBL - CHAKDAH,Barsha Kumari Singh
IDFC - SOHSARIA BRANCH,BALA JEE SHARMA
IDFC - PIMPALGAON NASHIK,VINOD GANPAT SURYAWANSHI
IDFC - Newada,BALA JEE SHARMA
IDFC - NAYAGARH BRANCH,Satyaprajna Jena
IDFC - SALT LAKE- KOLKATA BRANCH,Barsha Kumari Singh
IDFC - KOLKATA-SALT LAKE SECTOR 2 BRANCH,Barsha Kumari Singh
IDFC - KOLKATA - LAKE TOWN BRANCH,Barsha Kumari Singh
IDFC - MBL - MADHYAMGRAM,Barsha Kumari Singh
IDFC - BARASAT BRANCH,Barsha Kumari Singh
IDFC - MBL - BARASAT,Barsha Kumari Singh
IDFC - MBL - HABRA,Barsha Kumari Singh
IDFC - PANCHKULA SECTOR 20 BRANCH,SUNIL THAKUR
IDFC - MBL-ASANSOL,Barsha Kumari Singh
IDFC - DURGAPUR - KARUKRIT HOUSE,Barsha Kumari Singh
"IDFC - Paschim Bardhaman, Durgapur, West Bengal",Barsha Kumari Singh
IDFC - KHARAGPUR BRANCH,Barsha Kumari Singh
IDFC - PATNA - KANKARBAGH BRANCH,BALA JEE SHARMA
IDFC - PATNA-EXHIBITION ROAD BRANCH,BALA JEE SHARMA
IDFC - PATNA-ASHIANA DIGHA ROAD BRANCH,BALA JEE SHARMA
IDFC - MBL - PATNA,BALA JEE SHARMA
IDFC - Bihta,BALA JEE SHARMA
IDFC - Barh,BALA JEE SHARMA
IDFC - PUNE NIGDI BRANCH,VINOD GANPAT SURYAWANSHI
IDFC - MBL - BURDWAN CITY,Barsha Kumari Singh
IDFC - CHANDANPUR BRANCH,Satyaprajna Jena
IDFC - RAIGARH BRANCH,BALA JEE SHARMA
IDFC - KHARSIA BRANCH,BALA JEE SHARMA
IDFC - SARANGARH BRANCH,BALA JEE SHARMA
IDFC - RAIPUR BRANCH,BALA JEE SHARMA
IDFC - RAIPUR-DB CITY,BALA JEE SHARMA
IDFC - RAIPUR-G. E ROAD BRANCH,BALA JEE SHARMA
IDFC - RAIPUR-TAGORE NAGAR BRANCH,BALA JEE SHARMA
IDFC - Bhanpuri,BALA JEE SHARMA
IDFC - RAIPUR REGIONAL OFFICE,BALA JEE SHARMA
IDFC - MBL - RAJKOT - GONDAL ROAD,RAJESH DAVE
IDFC - RAJKOT BHAKTI NAGAR BRANCH,RAJESH DAVE
IDFC - RAJNANDGAON BRANCH,BALA JEE SHARMA
IDFC - RANCHI BRANCH,BALA JEE SHARMA
IDFC - RANCHI-PACIFIC HEIGHTS,BALA JEE SHARMA
IDFC - RANCHI- LALPUR BRANCH,BALA JEE SHARMA
IDFC - HIRAKUD ROAD BRANCH,Satyaprajna Jena
IDFC - KOLKATA-GARIA BRANCH,Barsha Kumari Singh
IDFC - MBL - GARIA,Barsha Kumari Singh
IDFC - PANPOSH ROAD BRANCH,Satyaprajna Jena
IDFC - ROURKELA,Satyaprajna Jena
IDFC - SURAJPUR BRANCH,BALA JEE SHARMA
IDFC - SURAT ADAJAN BRANCH,RAJESH DAVE
IDFC - VARACHHA BRANCH,RAJESH DAVE
IDFC - AMBIKAPUR BRANCH,BALA JEE SHARMA
IDFC - QUANTUM THANE HIRANANDANI ESTATE,MANISH KUMAR SHARMA
IDFC - UDAIPUR HIRAN MAGRI BRANCH,Mahindra Kumar Tiwari
IDFC - VADODARA VASNA BHAYLIBRANCH,RAJESH DAVE
IDFC - SAHYOG ATRIUM VADODARA,RAJESH DAVE
IDFC - Merlin House,Barsha Kumari Singh
IDFC - Girish Park,Barsha Kumari Singh
IDFC - PATNA CITY BRANCH,BALA JEE SHARMA
IDFC - Kanke,BALA JEE SHARMA
IDFC - Cuttack-CDA,Satyaprajna Jena
IDFC - PURI/ GRAND ROAD,Satyaprajna Jena
IDFC - DHANBAD,BALA JEE SHARMA
IDFC - DIBRUGARH THANA CHARIALI/ HH ROAD,Barsha Kumari Singh
IDFC - GAYA GANDHI MAIDAN,BALA JEE SHARMA
IDFC - COOCH BEHAR,Barsha Kumari Singh
IDFC - PATNA RURAL REGIONAL OFFICE,BALA JEE SHARMA
IDFC - KANPUR M CORP. OGKidwai Nagar,GOVIND KUMAR SINGH
IDFC - Bhawanipur/ Chowringhee Road- Kolkata,Barsha Kumari Singh
IDFC - Mughalsarai Chandauli UP,GOVIND KUMAR SINGH
IDFC - UTAI BRANCH,BALA JEE SHARMA
IDFC - BHILAI BRANCH,BALA JEE SHARMA
IDFC - MBL - BHILAI,BALA JEE SHARMA
IDFC - PENDRA ROAD BRANCH,BALA JEE SHARMA
IDFC - MBL - HAZARIBAUG,BALA JEE SHARMA
IDFC - GUWAHATI- ITAG PLAZA,Barsha Kumari Singh
IDFC - BHUBANESWAR BRANCH,Satyaprajna Jena
IDFC - BHUBANESWAR-MODI BHAWAN,Satyaprajna Jena
IDFC - Baramunda,Satyaprajna Jena
IDFC - KHORDHA BRANCH,Satyaprajna Jena
IDFC - SINGESWAR,Satyaprajna Jena
IDFC - RASULGARH BRANCH,Satyaprajna Jena
IDFC - BHUBANESWAR REGIONAL OFFICE,Satyaprajna Jena
IDFC - LUNAWADA BRANCH,RAJESH DAVE
IDFC - PIPARIYA BRANCH,KAMAL PRAJAPATI
IDFC - SEONI MALWA BRANCH,KAMAL PRAJAPATI
IDFC - JAMSHEDPUR-HEMKALI TOWER,BALA JEE SHARMA
IDFC - JAMSHEDPUR - JAMSHEDPUR MAIN BRANCH,BALA JEE SHARMA
IDFC - Durg,BALA JEE SHARMA
IDFC - LEWIS ROAD,Satyaprajna Jena
IDFC - Khanna,SUNIL THAKUR
IDFC - BANGALORE RESIDENCY ROAD BRANCH,Anshu Kumar Maurya
IDFC - HYDERABAD JUBILEE TOWN BRANCH,DIWAKAR PANDIT
IDFC - CHENNAI - KRM TOWERS,PADAM LOCHAN MALLICK
IDFC - NUNGAMBAKKAM BRANCH,PADAM LOCHAN MALLICK
IDFC - HUBBALLI BRANCH,Anshu Kumar Maurya
IDFC - HUBLI - REGIONAL OFFICE,Anshu Kumar Maurya
IDFC - PRIDE HULKUL - BANGALORE CONSUMER SALES HUB,Anshu Kumar Maurya
IDFC - KOTTURPURAM - CHENNAI CONSUMER SALES HUB,PADAM LOCHAN MALLICK
IDFC - GUNTUR BRANCH,DIWAKAR PANDIT
IDFC - VIJAYWADA BRANCH,DIWAKAR PANDIT
IDFC - BELAGAVI BRANCH,Anshu Kumar Maurya
IDFC - RAJAHMUNDRY BRANCH,DIWAKAR PANDIT
IDFC - HOSUR BRANCH,Anshu Kumar Maurya
IDFC - TIRUCHIRAPPALLI BRANCH,PADAM LOCHAN MALLICK
IDFC - SHIVAMOGGA BRANCH,Anshu Kumar Maurya
IDFC - VIJAYAWADA GAYATRI NAGAR BRANCH,DIWAKAR PANDIT
IDFC - COIMBATORE BRANCH,PADAM LOCHAN MALLICK
IDFC - MADURAI BRANCH,PADAM LOCHAN MALLICK
IDFC - SALEM BRANCH,PADAM LOCHAN MALLICK
IDFC - DHARWAD BRANCH,Anshu Kumar Maurya
IDFC - HYDERABAD - JUBILEE HILLS ROAD NO. 36 BRANCH,DIWAKAR PANDIT
IDFC - PARRYS CORNER BRANCH,PADAM LOCHAN MALLICK
IDFC - KORAMANGALA BRANCH,Anshu Kumar Maurya
IDFC - MALLESWARAM BRANCH,Anshu Kumar Maurya
IDFC - ANNA NAGAR BRANCH,PADAM LOCHAN MALLICK
IDFC - ADYAR BRANCH,PADAM LOCHAN MALLICK
IDFC - RA PURAM BRANCH,PADAM LOCHAN MALLICK
IDFC - WHITEFIELD BRANCH,Anshu Kumar Maurya
IDFC - JAYANAGAR BRANCH,Anshu Kumar Maurya
IDFC - INDIRANAGAR BRANCH,Anshu Kumar Maurya
IDFC - PARADISE SECUNDERABAD BRANCH,DIWAKAR PANDIT
IDFC - KALYAN NAGAR BRANCH,Anshu Kumar Maurya
IDFC - SARJAPURA ROAD BRANCH,Anshu Kumar Maurya
IDFC - GACHIBOWLI BRANCH,DIWAKAR PANDIT
IDFC - SOMAJIGUDA BRANCH,DIWAKAR PANDIT
IDFC - T NAGAR BRANCH,PADAM LOCHAN MALLICK
IDFC - EGATTUR BRANCH,PADAM LOCHAN MALLICK
IDFC - BANGALORE-KCA ENCLAVE,Anshu Kumar Maurya
IDFC - BANGALORE-VIJAYNAGAR,Anshu Kumar Maurya
IDFC - BANGLORE-VG COMPLEX,Anshu Kumar Maurya
IDFC - BELGAUM - MEENAKSHI TOWER,Anshu Kumar Maurya
IDFC - CHENNAI-AMARASRI 1ST FLR 3RD FLR - 2 FLRS,PADAM LOCHAN MALLICK
IDFC - CHENNAI-AMBATTUR,PADAM LOCHAN MALLICK
IDFC - CHENNAI-PERAMBUR,PADAM LOCHAN MALLICK
IDFC - CHENNAI-TAMBARAM,PADAM LOCHAN MALLICK
IDFC - COCHIN-GRACE CORNER,PADAM LOCHAN MALLICK
IDFC - COIMBATORE- PEELAMEDU,PADAM LOCHAN MALLICK
IDFC - GUNTUR-WEST KRISHNA PLAZA,DIWAKAR PANDIT
IDFC - HOSUR-GKV TOWERS,PADAM LOCHAN MALLICK
IDFC - HUBLI-CHALLAMARAD BUILDING,Anshu Kumar Maurya
IDFC - HYDERABAD- BN REDDY NAGAR,DIWAKAR PANDIT
IDFC - HYDERABAD-BHEL,DIWAKAR PANDIT
IDFC - VEER CHAMBERS LOAN CENTRE,DIWAKAR PANDIT
IDFC - KAKINADA-PJR COMPLEX,DIWAKAR PANDIT
IDFC - MADURAI-BYPASS ROAD,PADAM LOCHAN MALLICK
IDFC - PONDICHERRY-VALLALAR SALAI,PADAM LOCHAN MALLICK
IDFC - RAJAHMUNDRY-SAI SRI COMPLEX,DIWAKAR PANDIT
IDFC - SALEM-BHIMARATHA ARACADE,PADAM LOCHAN MALLICK
IDFC - TIRUCHIRAPPALLI ASSET OUTLET,PADAM LOCHAN MALLICK
IDFC - TRIVANDRUM-FELICITY SQUARE,PADAM LOCHAN MALLICK
IDFC - VELLORE ASSET OUTLET,PADAM LOCHAN MALLICK
IDFC - VIJAYWADA-LABBIPET,DIWAKAR PANDIT
IDFC - VISAKAPATNAM-DWARAKA PLAZA,DIWAKAR PANDIT
IDFC - TIRUPATHI,DIWAKAR PANDIT
IDFC - NAGERCOIL,PADAM LOCHAN MALLICK
IDFC - R T NAGAR BRANCH,Anshu Kumar Maurya
IDFC - BANASHANKARI 3RD STAGE BRANCH,Anshu Kumar Maurya
IDFC - RAJAJINAGAR BRANCH,Anshu Kumar Maurya
IDFC - KILPAUK BRANCH,PADAM LOCHAN MALLICK
IDFC - ASHOK NAGAR BRANCH,PADAM LOCHAN MALLICK
IDFC - HSR LAYOUT BRANCH,Anshu Kumar Maurya
IDFC - BASAVANAGUDI BRANCH,Anshu Kumar Maurya
IDFC - DR. RADHAKRISHNAN SALAI BRANCH,PADAM LOCHAN MALLICK
IDFC - THUBARAHALLI BRANCH,Anshu Kumar Maurya
IDFC - FRAZER TOWN BRANCH,Anshu Kumar Maurya
IDFC - KK NAGAR BRANCH,PADAM LOCHAN MALLICK
IDFC - GANDHI NAGAR- ADYAR BRIDGE ROAD BRANCH,PADAM LOCHAN MALLICK
IDFC - CUNNINGHAM ROAD BRANCH,Anshu Kumar Maurya
IDFC - SANJAY NAGAR BRANCH,Anshu Kumar Maurya
IDFC - BANGALORE-RP PRIDE -KORAMANGALA,Anshu Kumar Maurya
IDFC - MAHINDRA WORLD CITY PARANUR BRANCH,PADAM LOCHAN MALLICK
IDFC - CHANDRA LAYOUT BRANCH,Anshu Kumar Maurya
IDFC - ITPB BRANCH,Anshu Kumar Maurya
IDFC - VIDYARANYAPURA BRANCH,Anshu Kumar Maurya
IDFC - BTM LAYOUT BRANCH,Anshu Kumar Maurya
IDFC - BANGALORE - SAHAKAR NAGAR BRANCH,Anshu Kumar Maurya
IDFC - JEEVAN BIMA NAGAR BRANCH,Anshu Kumar Maurya
IDFC - BANGALORE JP NAGAR 7TH PHASE BRANCH,Anshu Kumar Maurya
IDFC - BANGALORE - RAJA RAJESHWARI NAGAR BRANCH,Anshu Kumar Maurya
IDFC - BESANT NAGAR BRANCH,PADAM LOCHAN MALLICK
IDFC - VELACHERY BRANCH,PADAM LOCHAN MALLICK
IDFC - THIRUVANMIYUR BRANCH,PADAM LOCHAN MALLICK
IDFC - CHENNAI - TEYNAMPET BRANCH,PADAM LOCHAN MALLICK
IDFC - CHENNAI KODAMBAKKAM BRANCH,PADAM LOCHAN MALLICK
IDFC - ANNA NAGAR WEST BRANCH,PADAM LOCHAN MALLICK
IDFC - PERAMBUR BRANCH,PADAM LOCHAN MALLICK
IDFC - CHENNAI - ARUMBAKKAM BRANCH,PADAM LOCHAN MALLICK
IDFC - HYDERABAD KUKATPALLY BRANCH,DIWAKAR PANDIT
IDFC - MANIKONDA BRANCH,DIWAKAR PANDIT
IDFC - HYDERABAD-KARKHANA BRANCH,DIWAKAR PANDIT
IDFC - HYDERABAD TOLI CHOWKI BRANCH,DIWAKAR PANDIT
IDFC - HYDERABAD - HIMAYAT NAGAR BRANCH,DIWAKAR PANDIT
IDFC - HI TECH CITYBRANCH,DIWAKAR PANDIT
IDFC - HYDERABAD-BANJARA HILLS ROAD NO. 12 BRANCH,DIWAKAR PANDIT
IDFC - EAST MARREDPALLY BRANCH,DIWAKAR PANDIT
IDFC - HYDERABAD - S.R.NAGAR BRANCH,DIWAKAR PANDIT
"IDFC - M.G. ROAD, KOCHI BRANCH",PADAM LOCHAN MALLICK
IDFC - THIRUVANANTHAPURAM BRANCH,PADAM LOCHAN MALLICK
IDFC - CALICUT BRANCH,PADAM LOCHAN MALLICK
"IDFC - AUROBINDO GALAXY - 14, 15 20th FLRS",DIWAKAR PANDIT
IDFC - TIRUPPUR BRANCH,PADAM LOCHAN MALLICK
IDFC - ERODE BRANCH,PADAM LOCHAN MALLICK
IDFC - MANYATA EMBASSY TECH PARK BRANCH,Anshu Kumar Maurya
IDFC - BANGALORE - KADUGODI BRANCH,Anshu Kumar Maurya
IDFC - SADASHIVA NAGAR BRANCH,Anshu Kumar Maurya
IDFC - BANGALORE - ELECTRONIC CITY BRANCH,Anshu Kumar Maurya
IDFC - VALASARAVAKKAM BRANCH,PADAM LOCHAN MALLICK
IDFC - NANGANALLUR BRANCH,PADAM LOCHAN MALLICK
IDFC - CHENNAI - KOTTIVAKKAM BRANCH,PADAM LOCHAN MALLICK
IDFC - NUZVID BRANCH,DIWAKAR PANDIT
IDFC - BANGALORE - YELAHANKA BRANCH,Anshu Kumar Maurya
IDFC - BANGALORE - BANNERGHATTA ROADBRANCH,Anshu Kumar Maurya
IDFC - CHENNAI - EGMORE BRANCH,PADAM LOCHAN MALLICK
IDFC - NIZAMABAD BRANCH,DIWAKAR PANDIT
IDFC - MBL- VUYYUR,DIWAKAR PANDIT
IDFC - MBL - BANGALORE-YAHALANKA NEW TOWN,Anshu Kumar Maurya
IDFC - MBL - RAMMOORTHY NAGAR,Anshu Kumar Maurya
IDFC - VIJAYWADA - REGIONAL OFFICE,DIWAKAR PANDIT
IDFC - COIMBATORE - AVINASHI ROAD BRANCH,PADAM LOCHAN MALLICK
IDFC - NELLORE BRANCH,DIWAKAR PANDIT
IDFC - CHENNAI - MOGAPPAIR BRANCH,PADAM LOCHAN MALLICK
IDFC - HYDERABAD -NALLAGANDLA BRANCH,DIWAKAR PANDIT
IDFC - SALES HUB - HSR LAYOUT,Anshu Kumar Maurya
IDFC - HYDERABAD - JNTU BRANCH,DIWAKAR PANDIT
IDFC - VELLORE BRANCH,PADAM LOCHAN MALLICK
IDFC - BANGALORE - LANGFORD ROAD BRANCH,Anshu Kumar Maurya
IDFC - BANGALORE UTTARAHALLI BRANCH,Anshu Kumar Maurya
IDFC - KAKINADA BRANCH,DIWAKAR PANDIT
IDFC - HYDERABAD - KAVURI HILLS BRANCH,DIWAKAR PANDIT
IDFC - KOLLAM BRANCH,PADAM LOCHAN MALLICK
IDFC - KOTTAYAM BRANCH,PADAM LOCHAN MALLICK
IDFC - PALAKKAD BRANCH,PADAM LOCHAN MALLICK
IDFC - TIRUNELVELI - VANNARAPETTAI BRANCH,PADAM LOCHAN MALLICK
IDFC - BANGALORE - JP NAGAR 5TH PHASE BRANCH,Anshu Kumar Maurya
IDFC - BANGALORE -BANASHANKARI BRANCH,Anshu Kumar Maurya
IDFC - JALAHALLI CROSS BRANCH,Anshu Kumar Maurya
IDFC - BANGALORE - BASAVESHWARA NAGAR BRANCH,Anshu Kumar Maurya
IDFC - BANGALORE - AECS LAYOUT BRANCH,Anshu Kumar Maurya
IDFC - BANGALORE - KASTURI NAGAR BRANCH,Anshu Kumar Maurya
IDFC - CHENNAI THURAIPAKKAM BRANCH,PADAM LOCHAN MALLICK
IDFC - CHENNAI - PURASAWALKAM BRANCH,PADAM LOCHAN MALLICK
IDFC - COIMBATORE - SAIBABA COLONY BRANCH,PADAM LOCHAN MALLICK
IDFC - BANGALORE - VIJAYANAGAR BRANCH,Anshu Kumar Maurya
IDFC - KENGERI SATELLITE TOWN BRANCH,Anshu Kumar Maurya
IDFC - BANGALORE - NAGARBHAVI BRANCH,Anshu Kumar Maurya
IDFC - BANGALORE - JAYANAGAR 7TH BLOCK BRANCH,Anshu Kumar Maurya
IDFC - KOLHAPUR CIRCLE BELAGAVI,Anshu Kumar Maurya
IDFC - MBL - VISHAKAHAPATNAM GAJUWAKA,DIWAKAR PANDIT
IDFC - MBL - TUMKUR,Anshu Kumar Maurya
IDFC - MBL - ERODE,PADAM LOCHAN MALLICK
IDFC - MBL - DINDIGUL,PADAM LOCHAN MALLICK
IDFC - MBL - KARUR,PADAM LOCHAN MALLICK
IDFC - MBL - KUMBAKONAM,PADAM LOCHAN MALLICK
IDFC - MBL - WARANGAL,DIWAKAR PANDIT
IDFC - MBL - NELLOR,DIWAKAR PANDIT
IDFC - MBL - ELURU,DIWAKAR PANDIT
IDFC - MBL - VIJAYAWADA BHAVANIPURAM,DIWAKAR PANDIT
IDFC - MBL - PUDUKOTAI,PADAM LOCHAN MALLICK
IDFC - MBL - SULUR,PADAM LOCHAN MALLICK
IDFC - K G ROAD BRANCH,Anshu Kumar Maurya
IDFC - NALGONDA BRANCH,DIWAKAR PANDIT
IDFC - MIRYALAGUDA BRANCH,DIWAKAR PANDIT
IDFC - HYDERABAD-KOTHAPET BRANCH,DIWAKAR PANDIT
IDFC - HYDERABAD - A S RAO NAGAR BRANCH,DIWAKAR PANDIT
IDFC - RAICHUR BRANCH,Anshu Kumar Maurya
IDFC - SALEM - GUGAI BRANCH,PADAM LOCHAN MALLICK
IDFC - CHENNAI IYYAPANTHANGAL BRANCH,PADAM LOCHAN MALLICK
IDFC - HYDERABAD-UPPAL BRANCH,DIWAKAR PANDIT
IDFC - CHENNAI - MOUNT ROAD BRANCH,PADAM LOCHAN MALLICK
IDFC - BANGALORE - JAKKUR BRANCH,Anshu Kumar Maurya
IDFC - Kokapet,DIWAKAR PANDIT
IDFC - BANGALORE - HSR LAYOUT SECTOR 3 BRANCH,Anshu Kumar Maurya
IDFC - HYDERABAD - BEGUMPET BRANCH,DIWAKAR PANDIT
IDFC - CHENNAI - NEELANKARAI BRANCH,PADAM LOCHAN MALLICK
IDFC - BANGALORE - KORAMANGALA 7TH BLOCK BRANCH,Anshu Kumar Maurya
IDFC - Bangalore Girinagar Branch,Anshu Kumar Maurya
"IDFC - Bangalore Kanakapura Road, Raghuvanahalli Branch",Anshu Kumar Maurya
IDFC - Bangalore Banaswadi Branch,Anshu Kumar Maurya
IDFC - Karimnagar,DIWAKAR PANDIT
IDFC - Bangalore Seshadripuram Branch.,Anshu Kumar Maurya
IDFC - Hubli,Anshu Kumar Maurya
IDFC - Bellary,Anshu Kumar Maurya
IDFC - Kochi Thrippunithura,PADAM LOCHAN MALLICK
IDFC - Kannur Urban Branch,PADAM LOCHAN MALLICK
IDFC - Thrissur Patturakkal Urban branch,PADAM LOCHAN MALLICK
IDFC - Pollachi,PADAM LOCHAN MALLICK
IDFC - Sembakkam Branch,PADAM LOCHAN MALLICK
IDFC - HYDERABAD - MIYAPUR BRANCH,DIWAKAR PANDIT
IDFC - Kondapur,DIWAKAR PANDIT
IDFC - Chintal,DIWAKAR PANDIT
IDFC - WARANGAL BRANCH,DIWAKAR PANDIT
IDFC - Anantapur,DIWAKAR PANDIT
IDFC - MVP Colony,DIWAKAR PANDIT
IDFC - COIMBATORE KAMARAJ ROAD,PADAM LOCHAN MALLICK
IDFC - PATTOM,PADAM LOCHAN MALLICK
IDFC - CHENNAI TECH HUB,PADAM LOCHAN MALLICK
IDFC - Sowcarpet,PADAM LOCHAN MALLICK
IDFC - Calavalas Centenary Centre - Chennai,PADAM LOCHAN MALLICK
IDFC - Fortius Origin,Anshu Kumar Maurya
IDFC - CHIKKODI BRANCH,Anshu Kumar Maurya
IDFC - GOKAK BRANCH,Anshu Kumar Maurya
IDFC - HONAGA BRANCH,Anshu Kumar Maurya
IDFC - SHIGGAON BRANCH,Anshu Kumar Maurya
IDFC - MAKARVALLI BRANCH,Anshu Kumar Maurya
IDFC - JAMKHANDI BRANCH,Anshu Kumar Maurya
IDFC - RAMDURGA BRANCH,Anshu Kumar Maurya
IDFC - KOPPAL BRANCH,Anshu Kumar Maurya
IDFC - GANGAWATI BRANCH,Anshu Kumar Maurya
IDFC - HAVERI BRANCH,Anshu Kumar Maurya
IDFC - RANEBENNUR BRANCH,Anshu Kumar Maurya
IDFC - MUCHANDI BRANCH,Anshu Kumar Maurya
IDFC - KUSHTAGI BRANCH,Anshu Kumar Maurya
IDFC - MUDHOL BRANCH,Anshu Kumar Maurya
IDFC - BETADUR BRANCH,Anshu Kumar Maurya
IDFC - DAVANGERE BRANCH,Anshu Kumar Maurya
IDFC - VIZAG BRANCH,DIWAKAR PANDIT
IDFC - ATHANI BRANCH,Anshu Kumar Maurya
IDFC - CHANNAGIRI BRANCH,Anshu Kumar Maurya
IDFC - HUVINAHADAGALI BRANCH,Anshu Kumar Maurya
IDFC - HONALLI BRANCH,Anshu Kumar Maurya
IDFC - BAILAHONGAL BRANCH,Anshu Kumar Maurya
IDFC - VISAKHAPATNAM - DABA GARDEN BRANCH,DIWAKAR PANDIT
IDFC - AMALAPURUM BRANCH,DIWAKAR PANDIT
IDFC - ANAKAPALLI BRANCH,DIWAKAR PANDIT
IDFC - KOTTURU BRANCH,Anshu Kumar Maurya
IDFC - SHIKARIPURA BRANCH,Anshu Kumar Maurya
IDFC - MANGALURU BRANCH,Anshu Kumar Maurya
IDFC - DHARMAVARAM BRANCH,DIWAKAR PANDIT
IDFC - BASAVANA BAGEWADI BRANCH,Anshu Kumar Maurya
IDFC - SANKESHWAR BRANCH,Anshu Kumar Maurya
IDFC - KARATAGI BRANCH,Anshu Kumar Maurya
IDFC - BILAGI BRANCH,Anshu Kumar Maurya
IDFC - BANHATTI BRANCH,Anshu Kumar Maurya
IDFC - MUNDARGI BRANCH,Anshu Kumar Maurya
IDFC - SAGARA BRANCH,Anshu Kumar Maurya
IDFC - CHIKMANGLUR BRANCH,Anshu Kumar Maurya
IDFC - KADUR BRANCH,Anshu Kumar Maurya
IDFC - SIRSI BRANCH,Anshu Kumar Maurya
IDFC - HOSADURGA BRANCH,Anshu Kumar Maurya
IDFC - JAGTIAL BRANCH,DIWAKAR PANDIT
IDFC - KAMAREDDY BRANCH,DIWAKAR PANDIT
IDFC - CHITRADURGA BRANCH,Anshu Kumar Maurya
IDFC - HIRIYUR BRANCH,Anshu Kumar Maurya
IDFC - TARIKERE BRANCH,Anshu Kumar Maurya
IDFC - HANUMAN JUNCTION BRANCH,DIWAKAR PANDIT
IDFC - JAGGAYYAPET BRANCH,DIWAKAR PANDIT
IDFC - JANGAREDDYGUDEM BRANCH,DIWAKAR PANDIT
IDFC - GADAG BRANCH,Anshu Kumar Maurya
IDFC - MACHILIPATNAM BRANCH,DIWAKAR PANDIT
IDFC - GUDIVADA BRANCH,DIWAKAR PANDIT
IDFC - NARASARAOPET BRANCH,DIWAKAR PANDIT
IDFC - CHILAKALURIPET BRANCH,DIWAKAR PANDIT
IDFC - TENALI BRANCH,DIWAKAR PANDIT
IDFC - MANGALAGIRI BRANCH,DIWAKAR PANDIT
IDFC - TANUKU BRANCH,DIWAKAR PANDIT
IDFC - IBRAHIMPATNAM GOLLAPUDI BRANCH,DIWAKAR PANDIT
IDFC - CHINAMIRAM BRANCH,DIWAKAR PANDIT
IDFC - KARWAR BRANCH,Anshu Kumar Maurya
IDFC - BAGALKOT BRANCH,Anshu Kumar Maurya
IDFC - HOSAPETE BRANCH,Anshu Kumar Maurya
IDFC - CHIRALA BRANCH,DIWAKAR PANDIT
IDFC - MBL - BIDADI,Anshu Kumar Maurya
IDFC - MBL - JIGANI,Anshu Kumar Maurya
IDFC - MBL - THIRUVALLUR,PADAM LOCHAN MALLICK
IDFC - THOOTHUKUDI BRANCH,PADAM LOCHAN MALLICK
IDFC - UDUPI BRANCH,Anshu Kumar Maurya
IDFC - KAVALI BRANCH,DIWAKAR PANDIT
IDFC - GUDUR BRANCH,DIWAKAR PANDIT
IDFC - MADANAPALLE BRANCH,DIWAKAR PANDIT
IDFC - MBL - TIRUPATTUR,PADAM LOCHAN MALLICK
IDFC - MBL - KRISHNAGIRI,PADAM LOCHAN MALLICK
IDFC - MBL - NAMAKKAL,PADAM LOCHAN MALLICK
IDFC - MBL - SIVAKASI,PADAM LOCHAN MALLICK
IDFC - MBL - THENI,PADAM LOCHAN MALLICK
IDFC - MBL - THANJAVUR,PADAM LOCHAN MALLICK
IDFC - MBL - PERAMBALUR,PADAM LOCHAN MALLICK
IDFC - MBL - TIRUVANNAMALAI,PADAM LOCHAN MALLICK
IDFC - MBL - SIDDIPET,DIWAKAR PANDIT
IDFC - MANCHERIAL BRANCH,DIWAKAR PANDIT
IDFC - MBL - KANCHIPURAM,PADAM LOCHAN MALLICK
IDFC - MAHABUBNAGAR BRANCH,DIWAKAR PANDIT
IDFC - MANDAPETA BRANCH,DIWAKAR PANDIT
IDFC - NARASAPURAM BRANCH,DIWAKAR PANDIT
IDFC - MBL - ONGOLE,DIWAKAR PANDIT
IDFC - PEDDAPALLI BRANCH,DIWAKAR PANDIT
IDFC - MYSURU BRANCH,Anshu Kumar Maurya
IDFC - MYSORE- SIDDU COMPLEX,Anshu Kumar Maurya
IDFC - MBL - KUMARAPALYAM,PADAM LOCHAN MALLICK
IDFC - MBL - POLLACHI,PADAM LOCHAN MALLICK
IDFC - MBL - THIRUCHEGODU,PADAM LOCHAN MALLICK
IDFC - MBL - THIRUMANGALAM,PADAM LOCHAN MALLICK
IDFC - MBL - RASIPURAM,PADAM LOCHAN MALLICK
IDFC - MBL - KARAIKUDI,PADAM LOCHAN MALLICK
IDFC - MBL - GUDIAYATHAM,PADAM LOCHAN MALLICK
IDFC - MBL - CHENGALPET,PADAM LOCHAN MALLICK
IDFC - MBL - AVINASHI,PADAM LOCHAN MALLICK
IDFC - MBL - VILLUPURAM,PADAM LOCHAN MALLICK
IDFC - MBL - DHARMAPURI,PADAM LOCHAN MALLICK
IDFC - MBL - KALLAKURICHI,PADAM LOCHAN MALLICK
IDFC - MBL - ATTUR,PADAM LOCHAN MALLICK
IDFC - MBL - PERIYANAKAPALAYAM,PADAM LOCHAN MALLICK
IDFC - MBL - MAHBUBNAGAR,DIWAKAR PANDIT
IDFC - KARNATAKA-DEVARAJA URS ROAD BRANCH,Anshu Kumar Maurya
IDFC - ERNAKULAM BRANCH,PADAM LOCHAN MALLICK
IDFC - SURYAPET BRANCH,DIWAKAR PANDIT
IDFC - PONDICHERRY BRANCH,PADAM LOCHAN MALLICK
IDFC - LINGSUGUR BRANCH,Anshu Kumar Maurya
IDFC - JANGAON BRANCH,DIWAKAR PANDIT
IDFC - BAILHONGAL - OFFICE - RURAL,Anshu Kumar Maurya
IDFC - RAMDURGA - OFFICE - RURAL,Anshu Kumar Maurya
IDFC - MBL - TADEPALLIGUDEM,DIWAKAR PANDIT
IDFC - ADILABAD BRANCH,DIWAKAR PANDIT
IDFC - SIDDIPET BRANCH,DIWAKAR PANDIT
IDFC - YADGIR BRANCH,Anshu Kumar Maurya
IDFC - TADPATRI BRANCH,DIWAKAR PANDIT
IDFC - MBL - KARIMNAGAR,DIWAKAR PANDIT
IDFC - THRISSUR - EAST FORT THRISSUR BRANCH,PADAM LOCHAN MALLICK
IDFC - GHATKESAR BRANCH,DIWAKAR PANDIT
IDFC - Tirupati,DIWAKAR PANDIT
IDFC - KOCHI - KAKKANAD BRANCH,PADAM LOCHAN MALLICK
IDFC - TUNI BRANCH,DIWAKAR PANDIT
IDFC - Vijayapura Branch,Anshu Kumar Maurya
IDFC - HINDUPUR BRANCH,DIWAKAR PANDIT
