TECHXPERT SOLUTION INDIA,,,,,,,,,,,,,,,,,,,,
,,,,,,,,,,,,,,,,,,,,
,,,,,,,,,,,,,,,,,,,,
,,,,,,,,,,,,,,,,,,,,
S.NO.,Name,EPF No.,UAN,ESIC No,Employee ID,DOJ,Site,Basic,Hra,Conveyance Allow.,Other,Bonus,Gross Pay,Medical Insurance Amt.,ESIC Amt.,EPF Amt.,VPF, Net Pay ,Latitude,Longitude
1,SUNIL KUMAR,10020,101329306546,N/A,TECHX0125,01-08-2018,Chandigarh- Airtel,21000,10216,3000,3000,584,37800,0,0,1800,0,36000,30.66143,76.86320
2,SATBIR SINGH,10026,101345280778,N/A,TECHX0003,07-08-2018,Chandigarh- Airtel,18000,7500,2500,3216,584,31800,0,0,1800,0,30000,30.66143,76.86320
3,BISHUDHANAND PATHAK,NA,NA,N/A,TECHX0004,10-08-2018,Office,36000,9500,5000,2416,584,53500,0,0,0,0,53500,,
4,PARSHANT BHARTI,10109,101217207466,N/A,TECHX0007,14-05-2019,Office,35000,10000,4000,2216,584,51800,0,0,1800,0,50000,28.61219,77.367164
5,BARGE DEVIDAS RAMCHANDRA,10281,100588792334,N/A,TECHX0011,01-08-2022,Mumbai,23500,6500,2000,4216,584,36800,0,0,1800,0,35000,19.188567,72.976393
6,SURAJ TANAJI GAIKWAD,10165,100670166409,N/A,TECHX0012,01-07-2021,Mumbai,65000,25000,10400,815,584,101799,0,0,1800,0,99999,19.188567,72.976393
7,NITIN KUMAR YADAV,10169,101639545984,N/A,TECHX0013,26-07-2021,Karnataka ,65000,25000,10400,815,584,101799,0,0,1800,0,99999,12.9362408,77.6145897
8,SANJEEV KUMAR,10174,100464279414,2015640376,TECHX0015,26-07-2021,Chandigarh- Airtel,15500,1500,1649,843,584,20076,0,139,1800,0,18137,30.66143,76.86320
9,PUNIT KUMAR,10193,101178971487,N/A,TECHX0020,08-11-2021,Delhi/NCR,42080,12540,8500,3096,584,66800,0,0,1800,0,65000,28.61219,77.367164
10,SUNIL KUMAR GUPTA,10194,100459641084,N/A,TECHX0021,01-09-2021,Delhi/NCR,21500,8416,3600,5200,584,39300,0,0,1800,0,37500,28.504488,77.068853
11,YASHVINDER SINGH,NA,NA,N/A,TECHX0028,01-10-2021,Delhi-NCR,49400,15000,5000,7016,584,77000,0,0,0,0,77000,28.504488,77.068853
12,SANTOSH RAMCHANDRA SALVE,10214,101127267926,N/A,TECHX0031,03-02-2022,Mumbai,15187,2600,2000,2929,584,23300,0,0,1800,0,21500,19.188567,72.976393
13,SATISH BALLU KORI,10257,100580496660,N/A,TECHX0053,15-05-2022,MUMBAI,21000,4716,2000,500,584,28800,0,0,1800,0,27000,19.188567,72.976393
14,SHIVANI BHAKLAN,10253,101824779342,N/A,TECHX0055,01-06-2022,NOIDA- Office ,17700,5038,2000,678,584,26000,0,0,1800,0,24200,28.61219,77.367164
15,MANISH KUMAR SAW,10278,101872918983,N/A,TECHX0073,01-09-2022,KOLKATA,21000,1712,2000,504,584,25800,0,0,1800,0,24000,22.617778,88.434648
16,MANISH KUMAR SHARMA ,10371,102239307607,N/A,TECHX0116,19-09-2022,MAHARATRA-MUMBAI ,36500,8500,3800,2416,584,51800,0,0,1800,0,50000,19.188567,72.976393
17,DHARMENDRA JENA,10289,"	101154528481",N/A,TECHX0139,01-01-2022,Delhi ,16310,4451,3600,455,584,25400,0,0,1800,0,23600,28.504488,77.068853
18,RUPALI ANKUSH KODAG,10293,101922285073,N/A,TECHX0050,01-02-2023,MAHARATRA-MUMBAI ,18051,1661,2000,504,584,22800,0,0,1800,0,21000,19.188567,72.976393
19,SONU PRAJAPATI,10297,101922285104,N/A,TECHX0088,01-02-2023,MAHARATRA-MUMBAI ,18477,2739,0,2000,584,23800,0,0,1800,0,22000,19.188567,72.976393
20,DINESH KUMAR,10292,100139089756,N/A,TECHX0126,01-02-2023,DELHI,21500,8000,3857,859,584,34800,0,0,1800,0,33000,28.61219,77.367164
21, SHILPA SHRIKANT MORE,10307,"	101822076407",N/A,TECHX0199,01-07-2023,Mumbai,20500,4000,1865,1851,584,28800,0,0,1800,0,27000,19.188567,72.976393
22,SATYAM SHUKLA,10319,101411907827,6718140385,TECHX0408,01-12-2023,Noida- Slipwell,15876,2165,1108,504,584,20237,0,144,1800,0,18293,,
23,SURAJ KUMAR,10312,101523438352,1324287304,,01-08-2023,Noida- Slipwell,14173,1165,941,1500,584,18363,0,131,1800,0,16432,,
24,SATYAPRAJNA JENA,10317,101117679913,N/A,TECHX0231,01-12-2023,KOLKATA,18500,2787,2000,1851,584,25722,0,0,1800,0,23922,22.617778,88.434648
25,MOMTAJ ALI,10321,101676735523,"2018932641	",TECHX0411,07-02-2024,Noida- Slipwell,15876,2165,1108,504,584,20237,0,144,1800,0,18293,,
26,PARDUMAN JADAV,N/A,N/A,N/A,TECHX0038,06-05-2024,BANGLORE,17500,6500,0,2416,584,27000,0,0,0,0,27000,12.9362408,77.6145897
27,SURENDRA KUMAR,10325,"	102088863449",N/A,TECHX0272,01-06-2024,Gujrat ,16171,1041,3500,504,584,21800,0,0,1800,0,20000,23.01278353795975,72.52287724202975
28,RAJ KUMAR SHARMA,10329,102089995253,N/A,TECHX0274,26-06-2024,Noida ,18374,4999,2000,843,584,26800,0,0,1800,0,25000,,
29,PRACHI NAMDEV MENGANE,10335,102102252021,N/A,TECHX0252,01-07-2024,Mumbai,14000,5000,1500,1716,584,22800,0,0,1800,0,21000,19.188567,72.976393
30,RAVI SHANKAR MISHRA ,10334,"	100991909062",N/A,TECHX0129,09-07-2024,Gujrat ,29000,5000,5016,2200,584,41800,0,0,1800,0,40000,23.01278353795975,72.52287724202975
31,SANJAY PATEL,10330,"	100724659307",N/A,TECHX0084,22-07-2024,DELHI-NCR,19374,0,3500,842,584,24300,0,0,1800,0,22500,,
32,ASHOK KUMAR SINGH,10333,100955647467,2214165746,,19-07-2024,Noida- Slipwell,15876,2165,1108,504,584,20237,0,144,1800,0,18293,,
33,ASHUTOSH KUMAR DUBEY,10338,101303521471,N/A,TECHX0337,01-08-2024,GURUGRAM ,20500,6212,3000,1504,584,31800,0,0,1800,0,30000,28.61219,77.367164
34,PARBHANJAN BEHERA ,10366,101239988970,0,TECHX0305,01-08-2024,BANGLORE ,19300,3500,3000,2416,584,28800,0,0,1800,0,27000,12.9362408,77.6145897
35,BARSHA KUMARI SINGH,10343,101737133302,2215151041,TECHX0241,15/10/2024,KOLKATA,12000,1170,2300,252,584,16306,0,106,1800,0,14400,22.617778,88.434648
36,JITENDER ,10342,102132766661,N/A,TECHX0404,16/10/2024,LUCKNOW,22374,4500,2000,842,584,30300,0,0,1800,0,28500,,
37,VIVEK VIJAY MORE ,N/A,N/A,N/A,TECHX0554,28-01-2025,MAHARATRA-MUMBAI ,36080,16240,5000,3096,584,61000,0,0,0,0,61000,19.188567,72.976393
38,HITESH DESHMUKH ,10347,101445533819,N/A,TECHX0468,01-03-2025,MAHARATRA-PUNE,18547,2165,5000,504,584,26800,0,0,1800,0,25000,18.603922,73.753279
39,PAWAN KUMAR,10350,100947115274,N/A,TECHX0475,25/04/2025,Noida,25712,3000,2000,504,584,31800,0,0,1800,0,30000,28.61219,77.367164
40,ANIL KUMAR,10352,100789797253,N/A,TECHX0495,23/05/2025,Chandigarh,23500,4000,3212,504,584,31800,0,0,1800,0,30000,30.66143,76.86320
41,DHARMENDRA KUMAR ,10357,101922285087,N/A,TECHX0504,06-02-2025,KOLKATA ,21000,0,0,216,584,21800,0,0,1800,0,20000,22.617778,88.434648
42,MD ASLAM ,10359,101694906280,N/A,TECHX0507,18/6/2025,HARYANA ,21000,4000,3248,4068,584,32900,0,0,1800,0,31100,28.504488,77.068853
43,PARTHA GANGULY ,N/A,N/A,N/A,TECHX0509,13-06-2025,KOLKATA,21000,5500,5000,2916,584,35000,0,0,0,0,35000,22.617778,88.434648
44,EKRAM MOHD AKHTAR HUSAIN SHAIKH,N/A,N/A,N/A,TECHX0547,07-11-2025,MUMBAI,21000,416,0,0,584,22000,0,0,0,0,22000,19.188567,72.976393
45,MANIKA DUTTA,10373,102243810822,2215241094,TECHX0421,09-01-2025,KOLKATA,12500,1000,0,0,584,14084,0,106,1690,0,12288,22.617778,88.434648
46,MD ISLAM,10374,100224983070,2215241139,TECHX0259,09-01-2025,KOLKATA,12500,1340,2000,0,584,16424,0,124,1800,0,14500,22.617778,88.434648
47,SOURAV DAS,10376,102243831161,2215241164,TECHX0442,09-01-2025,KOLKATA,12500,1336,1500,0,584,15920,0,120,1800,0,14000,22.617778,88.434648
48,BISWORANJAN NAYAK,10377,102243829014,2215241116,TECHX0285,09-01-2025,KOLKATA,12500,1000,816,0,584,14900,0,122,1788,0,13000,22.617778,88.434648
49,ASHOK RENUSE,N/A,N/A,N/A,TECHX0557,16/10/2025,MUMBAI,24000,10000,2000,416,584,37000,0,0,0,0,37000,19.188567,72.976393
50,SHANKAR B,N/A,N/A,N/A,TECHX0562,12-01-2025,CHENNAI,22000,5000,2000,416,584,30000,0,0,0,0,30000,13.090536,80.290108
51, KARAN KUMAR KANAUJIYA,10324,"	101407896067",N/A,TECHX0248,01-06-2024,Gujrat ,21000,2065,2000,1851,584,27500,0,0,1800,0,25700,23.01278353795975,72.52287724202975
52,NARENDRA PRAJAPATI,10379,102291404823,N/A,TECHX0575,01-01-2026,MUMBAI,21000,1712,2000,504,584,25800,0,0,1800,0,24000,19.188567,72.976393
