ID,Company ID,Branch Site,BranchCode,Branch Email,Account Branch Manager
6,2,Techxpert-Jaipur,005-Jaipur,ceo@techxpertindia.in,AMAN KUMAR SINGH
44,4,TCL - Jaipur - Rajasthan,TCLN009,Ram.Narayan2@contractor.tatacommunications.com,MAHENDRA TIWARI
97,8,JLL-AIRTEL-R&M-NextGen Wall City-RAJ,11401-NextGen Wall City,Rajaor.facilities@Airtel.com,MAHENDRA TIWARI
99,8,JLL-AIRTEL-R&M-NextGen Ajmer Road RJ-RAJ,11428-NextGen Ajmer Road RJ,Rajaor.facilities@Airtel.com,MAHENDRA TIWARI
100,8,JLL-AIRTEL-R&M-NextGen Raja Park RJ-RAJ,11429-NextGen Raja Park RJ,Rajaor.facilities@Airtel.com,MAHENDRA TIWARI
131,8,JLL-AIRTEL-R&M-Sikar SIK-RAJ,11893-Sikar SIK,Rajaor.facilities@Airtel.com,MAHENDRA TIWARI
154,8,JLL-AIRTEL-R&M-Gandhi Path JPR-RAJ,13378-Gandhi Path JPR,Rajaor.facilities@Airtel.com,MAHENDRA TIWARI
228,8,JLL-AIRTEL-R&M-Pali PAL-RAJ,16484-Pali PAL,Rajaor.facilities@Airtel.com,MAHENDRA TIWARI
239,8,JLL-AIRTEL-R&M-Kalwar Road JPR-RAJ,16594-Kalwar Road JPR,Rajaor.facilities@Airtel.com,MAHENDRA TIWARI
243,8,JLL-AIRTEL-R&M-Barmer BRM-RAJ,16629-Barmer BRM,Rajaor.facilities@Airtel.com,MAHENDRA TIWARI
247,8,JLL-AIRTEL-R&M-Dadabari KOT-RAJ,16714-Dadabari KOT,Rajaor.facilities@Airtel.com,MAHENDRA TIWARI
277,8,JLL-AIRTEL-R&M-Sri Ganganagar SGN-RAJ,17473-Sri Ganganagar SGN,Rajaor.facilities@Airtel.com,MAHENDRA TIWARI
304,8,JLL-AIRTEL-R&M-Sardarpura UDP-RAJ,18051-Sardarpura UDP,Rajaor.facilities@Airtel.com,MAHENDRA TIWARI
305,8,JLL-AIRTEL-R&M-Bhilwara BLW-RAJ,18052-Bhilwara BLW,Rajaor.facilities@Airtel.com,MAHENDRA TIWARI
321,8,JLL-AIRTEL-R&M-Pratap Nagar JPR-RAJ,18513-Pratap Nagar JPR,Rajaor.facilities@Airtel.com,MAHENDRA TIWARI
329,8,JLL-AIRTEL-R&M-Ridhi Sidhi Chowk JPR-RAJ,18588-Ridhi Sidhi Chowk JPR,Rajaor.facilities@Airtel.com,MAHENDRA TIWARI
341,8,JLL-AIRTEL-R&M-Kalpataru JOD-RAJ,18901-Kalpataru JOD,Rajaor.facilities@Airtel.com,MAHENDRA TIWARI
356,8,JLL-AIRTEL-R&M-Sardul Ganj BKN-RAJ,19175-Sardul Ganj BKN,Rajaor.facilities@Airtel.com,MAHENDRA TIWARI
367,8,JLL-AIRTEL-R&M-Vaishali Nagar AJM-RAJ,19291-Vaishali Nagar AJM,Rajaor.facilities@Airtel.com,MAHENDRA TIWARI
374,8,JLL-AIRTEL-R&M-Valabh Nagar Extn KOT-RAJ,19562-Valabh Nagar Extn KOT,Rajaor.facilities@Airtel.com,MAHENDRA TIWARI
400,8,JLL-AIRTEL-R&M-NextGen Tonk Road-RAJ,21562-NextGen Tonk Road,Rajaor.facilities@Airtel.com,MAHENDRA TIWARI
445,8,JLL-AIRTEL-R&M-MI Road JPR-RAJ,5652-MI Road JPR,Rajaor.facilities@Airtel.com,MAHENDRA TIWARI
455,8,JLL-AIRTEL-R&M-Vaishali JPR-RAJ,5959-Vaishali JPR,Rajaor.facilities@Airtel.com,MAHENDRA TIWARI
511,8,JLL-AIRTEL-R&M-Raja Park JPR-RAJ,623-Raja Park JPR,Rajaor.facilities@Airtel.com,MAHENDRA TIWARI
565,8,JLL-AIRTEL-R&M-TONK Road JPR-RAJ,372-TONK Road JPR,Rajaor.facilities@Airtel.com,MAHENDRA TIWARI
571,8,JLL-AIRTEL-R&M-Mansarovar JPR-RAJ,444-Mansarovar JPR,Rajaor.facilities@Airtel.com,MAHENDRA TIWARI
596,8,JLL-AIRTEL-R&M-B S Circle ALW-RAJ,619-B S Circle ALW,Rajaor.facilities@Airtel.com,MAHENDRA TIWARI
606,8,JLL-AIRTEL-R&M-Vidhyadhar Nagar JPR-RAJ,764-Vidhyadhar Nagar JPR,Rajaor.facilities@Airtel.com,MAHENDRA TIWARI
620,8,JLL-AIRTEL-R&M-Arcade Mall JPR-RAJ,884-Arcade Mall JPR,Rajaor.facilities@Airtel.com,MAHENDRA TIWARI
643,8,JLL-AIRTEL-R&M-Sanganer JPR-RAJ,100-Sanganer JPR,Rajaor.facilities@Airtel.com,MAHENDRA TIWARI
674,8,JLL-AIRTEL-R&M-Chopasani Road JOD-RAJ,886-Chopasani Road JOD,Rajaor.facilities@Airtel.com,MAHENDRA TIWARI
679,8,JLL-AIRTEL-R&M-Malviya Nagar JPR-RAJ,954-Malviya Nagar JPR,Rajaor.facilities@Airtel.com,MAHENDRA TIWARI
1711,10,EFS-YES BANK-Malviya Nagar-RJ,1233-Malviya Nagar,Vengad.Eswaran@efsme.com,AMAN KUMAR SINGH
1782,6,DIAGEO - Jaipur,1,Manish.Ferma@diageo.com,AMAN KUMAR SINGH
1872,8,JLL-AIRTEL-R&M NAGORI GARDEN NGS - AOR ,-10248,Harkeert.Singh@airtel.com,MAHENDRA TIWARI
1873,8,JLL-AIRTEL-R&M MOBILE CONCEPT GANDHI NAGAR - AOR,-18052,Kashish.Singh@airtel.com,MAHENDRA TIWARI
1874,8,JLL-AIRTEL-R&M BHIWADI - AOR ,-10278,Kanchan1.Khanduri@airtel.com,MAHENDRA TIWARI
1875,8,JLL-AIRTEL-R&M SARDUL GANJ BKN - AOR,-19175,Yasin.Khan@airtel.com,MAHENDRA TIWARI
2149,21,11 - Urban - Jaipur - AMC,11,tanishqbhatt@urbancompany.com,MAHENDRA TIWARI
2211,10,EFS-YES BANK-GREEN HOUSE JAIPUR RJ,,Akhilesh.Chaturvedi@efsme.com,AMAN KUMAR SINGH
2752,8,JLL-AIRTEL-R&M-Subhash Nagar,,a_AMIT.AMIT@airtel.com,MAHENDRA TIWARI
2783,22,CBRE-WIPRO-JAIPUR-RAJ,,shivam.shrivastava7@wipro.com,AMAN KUMAR SINGH
2789,8, JLL-Airtel Store-Sanskriti-RJ,,Rajaor.facilities@Airtel.com,MAHENDRA TIWARI
2801,8,JLL-Airtel Store-Ratanada OR-RJ,,Rajaor.facilities@Airtel.com,MAHENDRA TIWARI
2833,8, JLL-Airtel Store-Hanummangarh-RJ,,Rajaor.facilities@Airtel.com,MAHENDRA TIWARI
2834,8,JLL-Airtel Store-Vighyan Nagar-KOTA-RJ,,Rajaor.facilities@Airtel.com,MAHENDRA TIWARI
2845,8,JLL-Airtel Store-Chittorgarh OR,,Rajaor.facilities@Airtel.com,MAHENDRA TIWARI
2860,8,JLL-JAIPUR-RJ,,Rajaor.facilities@Airtel.com,AMAN KUMAR SINGH
2893,8,JLL - Airtel Store-Jhunjhunu - RJ,,Rajaor.facilities@Airtel.com,MAHENDRA TIWARI
2921,71,TVS - JAIPUR - RJ,,prerna.vashishtha@tvscredit.com,AMAN KUMAR SINGH
2937,75,MTP - Mahindra Tech Park-Jaipur ,,citisupport@techxpertgroup.in,AMAN KUMAR SINGH
2978,8,JLL - Airtel Store-truth OR Jaipur - RJ,,techxpertjaipur@techxpertindia.in,MAHENDRA TIWARI
2992,8,JLL - Airtel Store-Bapu Bazaar OR Udaipur - RJ,,techxpertjaipur@techxpertindia.in,MAHENDRA TIWARI
3006,8,JLL - Airtel Store-Bhankrota JPR - RJ,,techxpertjaipur@techxpertindia.in,MAHENDRA TIWARI
3044,15,Smartworks - Jaipur - RJ,,chandra.saini@sworks.co.in,AMAN KUMAR SINGH
3045,64,MSIL - Jaipur,,snehal.bobade@db.com,AMAN KUMAR SINGH
3153,98,PFL-Bikaner,PFL-025,ajay.mehra@cbre.com,AMAN KUMAR SINGH
3154,98,PFL-Jodhpur,PFL-026,ajay.mehra@cbre.com,AMAN KUMAR SINGH
3166,98,PFL-Ajmer,PFL-038,ajay.mehra@cbre.com,AMAN KUMAR SINGH
3167,98,PFL-Alwar,PFL-039,ajay.mehra@cbre.com,AMAN KUMAR SINGH
3168,98,PFL-Jaipur,PFL-040,ajay.mehra@cbre.com,AMAN KUMAR SINGH
3169,98,PFL-Kota,PFL-041,ajay.mehra@cbre.com,AMAN KUMAR SINGH
3170,98,PFL-Udaipur,PFL-042,ajay.mehra@cbre.com,AMAN KUMAR SINGH
3270,8,JLL - Airtel Store-Sindhu Nagar OR - RJ,,techxpertjaipur@techxpertindia.in,MAHENDRA TIWARI
3291,8,JLL - Airtel Store-Beawar OR - RJ,,techxpertjaipur@techxpertindia.in,MAHENDRA TIWARI
3305,8,JLL - Airtel Store-Ashok Nagar OR - RJ,,techxpertjaipur@techxpertindia.in,MAHENDRA TIWARI
3341,8,JLL - Airtel Store-Paota OR - RJ,,techxpertjaipur@techxpertindia.in,MAHENDRA TIWARI
3352,8,JLL - Airtel Store-Rani Bazaar OR - RJ,,techxpertjaipur@techxpertindia.in,MAHENDRA TIWARI
3362,42,DMI - Jaipur-1,,techxpertjaipur@techxpertindia.in,MAHENDRA TIWARI
3370,42,DMI - Udaipur,,techxpertjaipur@techxpertindia.in,MAHENDRA TIWARI
3372,42,DMI - Jaipur-2,,techxpertjaipur@techxpertindia.in,MAHENDRA TIWARI
3373,42,DMI - Jodhpur,,techxpertjaipur@techxpertindia.in,MAHENDRA TIWARI
3386,42,DMI - Alwar,,techxpertjaipur@techxpertindia.in,MAHENDRA TIWARI
3388,42,DMI - Ajmer,,techxpertjaipur@techxpertindia.in,MAHENDRA TIWARI
3390,42,DMI - Kota,,techxpertjaipur@techxpertindia.in,MAHENDRA TIWARI
3448,71,TVS - UDAIPUR - RJ,,techxpertjaipur@techxpertindia.in,AMAN KUMAR SINGH
3475,127,Flipkart - Bhilwarahub - 6082,6082,amit.saini@flipkart.com,Mahendra Tiwari
3476,127,Flipkart - BikanerHub_BKB - 6093,6093,amit.saini@flipkart.com,Mahendra Tiwari
3547,127,Flipkart - Mansrover hub_JAI - 6085,6085,amit.saini@flipkart.com,Mahendra Tiwari
3548,127,Flipkart - Jhotawara hub - 6069,6069,amit.saini@flipkart.com,Mahendra Tiwari
3549,127,Flipkart - VKIAHub_JAI - 6071,6071,amit.saini@flipkart.com,Mahendra Tiwari
3550,127,Flipkart - MalviyaNagarhub_JAI - 6050,6050,amit.saini@flipkart.com,Mahendra Tiwari
3551,127,Flipkart - Jaipur hub - 6029,6029,amit.saini@flipkart.com,Mahendra Tiwari
3552,127,Flipkart - Pink City hub - 6086,6086,amit.saini@flipkart.com,Mahendra Tiwari
3553,127,Flipkart - Bhankrotahub - 6075,6075,amit.saini@flipkart.com,Mahendra Tiwari
3554,127,Flipkart - Hawamahalhub - 6081,6081,amit.saini@flipkart.com,Mahendra Tiwari
3555,127,Flipkart - Kalwarroadhub - 6079,6079,amit.saini@flipkart.com,Mahendra Tiwari
3556,127,Flipkart - Jaipur RO - 1553,1553,amit.saini@flipkart.com,Mahendra Tiwari
3557,127,Flipkart - Satellitehub_JAI - 6030,6030,amit.saini@flipkart.com,Mahendra Tiwari
3561,127,Flipkart - Jodhpur Hub - 6073,6073,amit.saini@flipkart.com,Mahendra Tiwari
3566,127,Flipkart - Kota Hub - 6083,6083,amit.saini@flipkart.com,Mahendra Tiwari
3599,127,Flipkart - Sitapura hub - A117,A117,amit.saini@flipkart.com,Mahendra Tiwari
3600,127,Flipkart - Sri Ganganagar - 6014,6014,amit.saini@flipkart.com,Mahendra Tiwari
3601,127,Flipkart - Udaipur Hub - 6022,6022,amit.saini@flipkart.com,Mahendra Tiwari
3687,8,JLL - Airtel Store-Suratgarh NGS - RJ,,techxpertjaipur@techxpertindia.in,MAHENDRA TIWARI
3782,143,Mahindra - Jaipur Tonk Road,,techxpertjaipur@techxpertindia.in,AMAN KUMAR SINGH
3783,143,Mahindra - Jaipur Ajmer Road,,techxpertjaipur@techxpertindia.in,AMAN KUMAR SINGH
3826,51,UN SORTING HAT RJ,RJ,techxpertjaipur@techxpertindia.in,AMAN KUMAR SINGH
3875,60, JLL-HBAP-JAIPUR-RJ,,procurement@techxpertindia.in,AMAN KUMAR SINGH
5836,152,IDFC - MBL - JAIPUR-SANGANER,42137,admin.raj@idfcfirstbank.com,MAHENDRA TIWARI
5837,152,IDFC - AJMER BRANCH,42181,admin.raj@idfcfirstbank.com,MAHENDRA TIWARI
5838,152,IDFC - BIJAINAGAR BRANCH,42182,admin.raj@idfcfirstbank.com,MAHENDRA TIWARI
5839,152,IDFC - AJMER -  90 DEGREES,42183,admin.raj@idfcfirstbank.com,MAHENDRA TIWARI
5840,152,IDFC - KEKRI BRANCH,42184,admin.raj@idfcfirstbank.com,MAHENDRA TIWARI
5841,152,IDFC - BEAWAR BRANCH,42185,admin.raj@idfcfirstbank.com,MAHENDRA TIWARI
5842,152,IDFC - AJMER VAISHALI NAGAR BRANCH,42186,admin.raj@idfcfirstbank.com,MAHENDRA TIWARI
5843,152,IDFC - MBL - AJMER,42188,admin.raj@idfcfirstbank.com,MAHENDRA TIWARI
5847,152,IDFC - BEHROR BRANCH,42983,admin.raj@idfcfirstbank.com,MAHENDRA TIWARI
5848,152,IDFC - MBL-ALWAR,42984,admin.raj@idfcfirstbank.com,MAHENDRA TIWARI
5849,152,IDFC - ALWAR BRANCH,42986,admin.raj@idfcfirstbank.com,MAHENDRA TIWARI
5884,152,IDFC - BALOTRA BRANCH,43241,admin.raj@idfcfirstbank.com,MAHENDRA TIWARI
5885,152,IDFC - MBL - BALOTRA,43242,admin.raj@idfcfirstbank.com,MAHENDRA TIWARI
5886,152,IDFC - MBL - BARMER,43243,admin.raj@idfcfirstbank.com,MAHENDRA TIWARI
5899,152,IDFC - BHILWARA BRANCH,42321,admin.raj@idfcfirstbank.com,MAHENDRA TIWARI
5900,152,IDFC - MBL- BHILWARA,42322,admin.raj@idfcfirstbank.com,MAHENDRA TIWARI
5909,152,IDFC - MBL-SADULGANJ,42602,admin.raj@idfcfirstbank.com,MAHENDRA TIWARI
5913,152,IDFC - BUNDI BRANCH,43471,admin.raj@idfcfirstbank.com,MAHENDRA TIWARI
5928,152,IDFC - CHITTORGARH BRANCH,42821,admin.raj@idfcfirstbank.com,MAHENDRA TIWARI
6114,152,IDFC - UGARIYAWAS BRANCH,42121,admin.raj@idfcfirstbank.com,MAHENDRA TIWARI
6115,152,IDFC - HARSOLI BRANCH,42122,admin.raj@idfcfirstbank.com,MAHENDRA TIWARI
6116,152,IDFC - MANGARH KHOKHAWALA BRANCH,42123,admin.raj@idfcfirstbank.com,MAHENDRA TIWARI
6117,152,IDFC - DURGAPURA BRANCH,42124,admin.raj@idfcfirstbank.com,MAHENDRA TIWARI
6118,152,IDFC - SHAHPURA BRANCH,42125,admin.raj@idfcfirstbank.com,MAHENDRA TIWARI
6119,152,IDFC - CHOMU BRANCH,42126,admin.raj@idfcfirstbank.com,MAHENDRA TIWARI
6120,152,IDFC - JAIPUR C- SCHEME BRANCH,42127,admin.raj@idfcfirstbank.com,MAHENDRA TIWARI
6121,152,IDFC - VAISHALI NAGAR BRANCH,42128,admin.raj@idfcfirstbank.com,MAHENDRA TIWARI
6123,152,IDFC - RAJA PARK JAIPUR BRANCH,42129,admin.raj@idfcfirstbank.com,MAHENDRA TIWARI
6124,152,IDFC - JAIPUR - MANUPASANA-5TH FLOOR-OFFICE NO. 501,42132,admin.raj@idfcfirstbank.com,MAHENDRA TIWARI
6125,152,IDFC - JAIPUR - VIDHYADHAR NAGAR BRANCH,42135,admin.raj@idfcfirstbank.com,MAHENDRA TIWARI
6126,152,IDFC - JAIPUR -MALVIYA NAGAR BRANCH,42136,admin.raj@idfcfirstbank.com,MAHENDRA TIWARI
6127,152,IDFC - MBL - JAIPUR-JHOTWARA,42138,admin.raj@idfcfirstbank.com,MAHENDRA TIWARI
6128,152,IDFC - MBL - JAIPUR-CHOMU,42139,admin.raj@idfcfirstbank.com,MAHENDRA TIWARI
6129,152,IDFC - JAIPUR  TONK ROAD BRANCH,43411,admin.raj@idfcfirstbank.com,MAHENDRA TIWARI
6130,152,IDFC - JAIPUR - JOHARI BAZAR BRANCH,43415,admin.raj@idfcfirstbank.com,MAHENDRA TIWARI
6131,152,IDFC - Mansarovar Branch,43416,admin.raj@idfcfirstbank.com,MAHENDRA TIWARI
6132,152,IDFC - JAIPUR- NEW SANGANER ROAD BRANCH,43417,admin.raj@idfcfirstbank.com,MAHENDRA TIWARI
6133,152,IDFC - BASSI BRANCH,43418,admin.raj@idfcfirstbank.com,MAHENDRA TIWARI
6134,152,IDFC - JAIPUR REGIONAL OFFICE,49103,admin.raj@idfcfirstbank.com,MAHENDRA TIWARI
6152,152,IDFC - JODHPUR BRANCH,42481,admin.raj@idfcfirstbank.com,MAHENDRA TIWARI
6153,152,IDFC - JODHPUR-JASODA TOWER,42482,admin.raj@idfcfirstbank.com,MAHENDRA TIWARI
6154,152,IDFC - NANDRI BRANCH,42483,admin.raj@idfcfirstbank.com,MAHENDRA TIWARI
6155,152,IDFC - JODHPUR - PAOTA BRANCH,42484,admin.raj@idfcfirstbank.com,MAHENDRA TIWARI
6198,152,IDFC - KOTA-GUMANPURA-NEW COLONY,42541,admin.raj@idfcfirstbank.com,MAHENDRA TIWARI
6199,152,IDFC - KOTA BRANCH,42542,admin.raj@idfcfirstbank.com,MAHENDRA TIWARI
6247,152,IDFC - DIDWANA BRANCH,42223,admin.raj@idfcfirstbank.com,MAHENDRA TIWARI
6248,152,IDFC - MERTA CITY BRANCH,43311,admin.raj@idfcfirstbank.com,MAHENDRA TIWARI
6249,152,IDFC - KUCHAMAN CITY BRANCH,43312,admin.raj@idfcfirstbank.com,MAHENDRA TIWARI
6250,152,IDFC - Nagaur Branch,43314,admin.raj@idfcfirstbank.com,MAHENDRA TIWARI
6296,152,IDFC - JAITARAN BRANCH,43101,admin.raj@idfcfirstbank.com,MAHENDRA TIWARI
6297,152,IDFC - SOJAT BRANCH,43102,admin.raj@idfcfirstbank.com,MAHENDRA TIWARI
6298,152,IDFC - SUMERPUR BRANCH,43103,admin.raj@idfcfirstbank.com,MAHENDRA TIWARI
6299,152,IDFC - PALI BRANCH,43104,admin.raj@idfcfirstbank.com,MAHENDRA TIWARI
6381,152,IDFC - RAJSAMAND BRANCH,42781,admin.raj@idfcfirstbank.com,MAHENDRA TIWARI
6407,152,IDFC - SIKAR BRANCH,42221,admin.raj@idfcfirstbank.com,MAHENDRA TIWARI
6408,152,IDFC - SRIMADHOPUR BRANCH,42222,admin.raj@idfcfirstbank.com,MAHENDRA TIWARI
6409,152,IDFC - NEEM KA THANA BRANCH,42224,admin.raj@idfcfirstbank.com,MAHENDRA TIWARI
6410,152,IDFC - FATEHPUR BRANCH,42225,admin.raj@idfcfirstbank.com,MAHENDRA TIWARI
6411,152,IDFC - MBL - SIKAR,42226,admin.raj@idfcfirstbank.com,MAHENDRA TIWARI
6424,152,IDFC - MBL - SRIGANGANAGAR,22071,admin.raj@idfcfirstbank.com,MAHENDRA TIWARI
6468,152,IDFC - UDAIPUR-APEX CHAMBER,42561,admin.raj@idfcfirstbank.com,MAHENDRA TIWARI
6469,152,IDFC - FATEHNAGAR BRANCH,42562,admin.raj@idfcfirstbank.com,MAHENDRA TIWARI
6470,152,IDFC - UDAIPUR BRANCH,42563,admin.raj@idfcfirstbank.com,MAHENDRA TIWARI
6471,152,IDFC - UDAIPUR  HIRAN MAGRI BRANCH,42564,admin.raj@idfcfirstbank.com,MAHENDRA TIWARI
6538,152,IDFC - Bhilwara,42326,admin.raj@idfcfirstbank.com,MAHENDRA TIWARI
6540,152,IDFC - Basni,42485,admin.raj@idfcfirstbank.com,MAHENDRA TIWARI
6541,152,IDFC - Bikaner,42604,admin.raj@idfcfirstbank.com,MAHENDRA TIWARI
6544,152,IDFC - Pratap Nagar Jaipur,43413,admin.raj@idfcfirstbank.com,MAHENDRA TIWARI
6579,152,IDFC - BARAN BRANCH,43431,admin.raj@idfcfirstbank.com,MAHENDRA TIWARI
6580,152,IDFC - CHHABRA BRANCH,43433,admin.raj@idfcfirstbank.com,MAHENDRA TIWARI
6587,152,IDFC - SUJANGARH BRANCH,43001,admin.raj@idfcfirstbank.com,MAHENDRA TIWARI
6602,152,IDFC - JALORE BRANCH,43221,admin.raj@idfcfirstbank.com,MAHENDRA TIWARI
6605,152,IDFC - JHALRAPATAN BRANCH,43451,admin.raj@idfcfirstbank.com,MAHENDRA TIWARI
6606,152,IDFC - JHUNJHUNU BRANCH,42301,admin.raj@idfcfirstbank.com,MAHENDRA TIWARI
6607,152,IDFC - SINGHANA BRANCH,42302,admin.raj@idfcfirstbank.com,MAHENDRA TIWARI
6659,152,IDFC - Newai Branch,43722,admin.raj@idfcfirstbank.com,MAHENDRA TIWARI
6719,152,IDFC - Jaipur Sales Hub,43419,Kishore.Sawant@jll.com,MAHENDRA TIWARI
6959,159,Tenon - Jaipur,,aman.singh@techxpertgroup.in,AMAN KUMAR SINGH
6960,159,Tenon - Jaipur,,aman.singh@techxpertgroup.in,AMAN KUMAR SINGH
7126,165,Samsung - Jaipur,,aman.singh@techxpertgroup.in,AMAN KUMAR SINGH
