Spare Part Code,Spare Part Name,Price,Categories,UOM,New 
PRD5,Nitrogen (N2) Gas,250,34,23,1
PRD7,SPLIT AC - Gas R-32 Per KG,1200,34,23,1
PRD8,SPLIT AC - Gas R-410 Per KG,1200,34,23,1
PRD10,SPLIT AC - BLOWER 2TR,2500,34,30,1
PRD11,SPLIT AC - PCB Card,2500,34,30,1
PRD12,Split Inverter AC - 1.5TR PCB Card,2500,34,30,1
PRD13,Split Inverter AC - 2TR PCB Card,2500,34,30,1
PRD14,SPLIT AC - ROOM AIR SENSOR,250,34,30,1
PRD15,SPLIT AC - COIL SENSOR,700,34,30,1
PRD0017,Swing Motor - Indoor,1000,34,30,1
PRD18,INDOOR UNIT MOTER - 1.5TR,1500,34,30,1
PRD19,INDOOR UNIT DC MOTER - 1.5TR,1500,34,30,1
PRD20,OUTDOOR UNIT FAN MOTOR - 1.5TR,2500,34,30,1
PRD22,OUTDOOR UNIT FAN MOTOR - 2TR,2500,34,30,1
PRD23,OUTDOOR FAN DC MOTOR - 2TR,2500,34,30,1
PRD24,CONTACTER 1&2 POLE - SINGLE PHASE,300,34,30,1
PRD25,NEW COMPRESSOR ( MAKE - ANY ),12000,34,30,1
PRD26,NEW COMPRESSOR R-22 ( MAKE - ANY ),9500,34,30,1
PRD27,"NEW COMPRESSOR R-22 , 2TR ( MAKE - ANY )",9500,34,30,1
PRD28,"NEW COMPRESSOR R-32 , 1TR ( MAKE - ANY )",2000,34,30,1
PRD29,"NEW COMPRESSOR R-32 , 1.5TR ( MAKE - ANY )",2000,34,30,1
PRD30,"NEW COMPRESSOR R-32 , 2TR ( MAKE - ANY )",2000,34,30,1
PRD31,CAPACITOR 45 MFD,450,34,30,1
PRD32,CAPACITOR 50 MFD,450,34,30,1
PRD33,CAPACITOR 60 MFD,450,34,30,1
PRD34,SPLIT AC - OUTDOOR PCB CARD,2500,34,30,1
PRD35,SPLIT AC - OUTDOOR INVERTER PCB CARD-1.5TR,2500,34,30,1
PRD38,SPLIT AC - OUTDOOR INVERTER PCB CARD - 2TR,2500,34,30,1
PRD39,CASSETTE AC - DRAIN PUMP,5500,34,30,1
PRD40,CASSETTE AC - ROOM AIR SENSOR,650,34,30,1
PRD41,CASSETTE AC - COIL SENSOR,700,34,30,1
PRD42,CASSETTE AC - INDOOR MOTOR - 1.5TR,1500,34,30,1
PRD43,CASSETTE AC - INDOOR MOTOR - 2TR,1500,34,30,1
PRD44,CASSETTE AC - INDOOR DC MOTOR - 1.5TR,2500,34,30,1
PRD46,CASSETTE AC - INDOOR DC MOTOR - 2TR,2500,34,30,1
PRD47,CASSETTE AC - INDOOR PCB 2TR,2500,34,30,1
PRD48,CASSETTE AC - INDOOR INVERTER PCB 2TR,3500,34,30,1
PRD49,CASSETTE AC - INDOOR INVERTER PCB 2.5TR,3500,34,30,1
PRD50,CASSETTE AC - INDOOR INVERTER PCB 3TR,3500,34,30,1
PRD0051,CASSETTE AC - INDOOR INVERTER PCB 4TR,3500,34,30,1
PRD0052,HD Dome Camera 2.4 MP,950,8,30,1
PRD0053,HD Bullet Camera 2.4 MP,950,8,30,1
PRD0054,IP Dome camera 2MPÂ ,900,8,30,1
PRD0055,IP Bullet camera 2MP,3500,8,30,1
PRD0068,IP Dome camera 4MP,4000,8,30,1
PRD0069,HDD 8 TB,13000,8,30,1
PRD0075,HDD 10 TB,15000,8,30,1
PRD0138,CCTV Cable -IP Camera,1200,8,30,1
PRD0139,SPLIT AC - 0.5TR GAS per KG R22,1200,34,23,1
PRD0140,SPLIT AC - 1TR GAS per KG R22,1200,34,23,1
PRD0142,SPLIT AC - 1.5TR GAS per KG R22,1200,34,23,1
PRD0143,SPLIT AC - 2.5TR GAS per KG R22,1200,34,23,1
PRD0144,SPLIT AC - 0.5TR GAS per KG R32,1200,34,23,1
PRD0145,SPLIT AC - 1TR GAS per KG R32,1200,34,23,1
PRD0146,SPLIT AC - 1.5TR GAS per KG R32,1200,34,23,1
PRD0147,SPLIT AC - 2TR GAS per KG R32,1200,34,23,1
PRD0148,SPLIT AC - 2.5TR GAS per KG R32,1200,34,23,1
PRD0149,SPLIT AC - 0.5TR BLOWER,2500,34,30,1
PRD0150,SPLIT AC - 1TR BLOWER,2500,34,30,1
PRD0153,SPLIT AC - 1.5TR BLOWER,2500,34,30,1
PRD0158,SPLIT AC - 0.5TR P.C.B,2500,34,30,1
PRD0159,SPLIT AC - 0.5TR Inverter P.C.B,2500,34,30,1
PRD0160,SPLIT AC - 1TR Inverter P.C.B,2500,34,30,1
PRD0161,SPLIT AC - 1.5TR Inverter P.C.B,2500,34,30,1
PRD0162,SPLIT AC - 2TR Inverter P.C.B,2500,34,30,1
PRD0163,SPLIT AC - 2.5TR Inverter P.C.B,2500,34,30,1
PRD0164,SPLIT AC - 0.5TR ROOM AIR SENSOR,250,34,30,1
PRD0165,SPLIT AC - 1TR ROOM AIR SENSOR,250,34,30,1
PRD0166,SPLIT AC - 1.5TR ROOM AIR SENSOR,250,34,30,1
PRD0167,SPLIT AC - 2TR ROOM AIR SENSOR,250,34,30,1
PRD0168,SPLIT AC - 2.5TR ROOM AIR SENSOR,250,34,30,1
PRD0169,SPLIT AC - 0.5TR COIL SENSOR,350,34,30,1
PRD0170,SPLIT AC - 1TR COIL SENSOR,350,34,30,1
PRD0171,SPLIT AC - 1.5TR COIL SENSOR,350,34,30,1
PRD0172,SPLIT AC - 2TR COIL SENSOR,300,34,30,1
PRD0173,SPLIT AC - 2.5TR COIL SENSOR,350,34,30,1
PRD0174,SPLIT AC - 0.5TR SWING MOTOR,800,34,30,1
PRD0175,SPLIT AC - 1TR SWING MOTOR,800,34,30,1
PRD0176,SPLIT AC - 1.5TR SWING MOTOR,800,34,30,1
PRD0178,SPLIT AC - 2TR SWING MOTOR,1000,34,30,1
PRD0179,SPLIT AC - 0.5TR INDOOR MOTOR,1000,34,30,1
PRD0180,SPLIT AC -1TR INDOOR MOTOR,1500,34,30,1
PRD0181,SPLIT AC - 1.5TR INDOOR MOTOR,1500,34,30,1
PRD0182,SPLIT AC - 2TR INDOOR MOTOR,1500,34,30,1
PRD0183,SPLIT AC - 2.5TR INDOOR MOTOR,1500,34,30,1
PRD0184,SPLIT AC - 0.5TR INDOOR DC MOTOR,1500,34,30,1
PRD0185,SPLIT AC - 1TR INDOOR DC MOTOR,1500,34,30,1
PRD0186,SPLIT AC - 1.5TR INDOOR DC MOTOR,1500,34,30,1
PRD0187,SPLIT AC - 2TR INDOOR DC MOTOR,1500,34,30,1
PRD0188,SPLIT AC - 2.5TR INDOOR DC MOTOR,1500,34,30,1
PRD0189,SPLIT AC - 0.5TR Swing Blade Flap,1200,34,30,1
PRD0190,SPLIT AC -1TR Swing Blade Flap,1200,34,30,1
PRD0191,SPLIT AC -1.5TR Swing Blade Flap,1400,34,30,1
PRD0193,SPLIT AC - 2.5TR Swing Blade Flap,1400,34,30,1
PRD0194,Split AC - Remote 0.5TR,780,34,30,1
PRD0202,Split AC - Remote,2500,34,30,1
PRD0203,SPLIT AC - 2.5TR Blower Motor,2500,34,30,1
PRD0204,SPLIT AC - 0.5TR Evaporator Copper Coil,950,34,30,1
PRD0205,SPLIT AC -1TR Evaporator Copper Coil,950,34,30,1
PRD0206,SPLIT AC - 1.5TR Evaporator Copper Coil,950,34,30,1
PRD0207,SPLIT AC - 2TR Evaporator Copper Coil,950,34,30,1
PRD0208,SPLIT AC - 2.5TR Evaporator Copper Coil,950,34,30,1
PRD0209,SPLIT AC - 0.5TR Automatic Switch Over Carrier AC Ti,800,34,30,1
PRD0210,SPLIT AC - 1TR Automatic Switch Over Carrier AC Time,800,34,30,1
PRD0211,SPLIT AC - 1.5TR Automatic Switch Over Carrier AC Ti,800,34,30,1
PRD0212,SPLIT AC - 2TR Automatic Switch Over Carrier AC Time,800,34,30,1
PRD0213,SPLIT AC - 2.5TR Automatic Switch Over Carrier AC Ti,800,34,30,1
PRD0215,SPLIT AC - 0.5TR OUTDOOR FAN MOTOR,1800,34,30,1
PRD0216,SPLIT AC -1.5TR OUTDOOR FAN MOTOR,1800,34,30,1
PRD0217,SPLIT AC - 2TR OUTDOOR FAN MOTOR,1800,34,30,1
PRD0218,SPLIT AC - 2.5TR OUTDOOR FAN MOTOR,1800,34,30,1
PRD0219,SPLIT AC - 0.5TR OUTDOOR FAN DC MOTOR,2000,34,30,1
PRD0220,SPLIT AC - 1TR OUTDOOR FAN DC MOTOR,2000,34,30,1
PRD0221,SPLIT AC - 1.5TR OUTDOOR FAN DC MOTOR,2500,34,30,1
PRD0223,SPLIT AC - 2TR OUTDOOR FAN DC MOTOR,2500,34,30,1
PRD0224,SPLIT AC - 0.5TR Relay Contactor,500,34,30,1
PRD0225,SPLIT AC - 1TR Relay Contactor,500,34,30,1
PRD0226,SPLIT AC - 1.5TR Relay Contactor,500,34,30,1
PRD0228,SPLIT AC - 2TR Relay Contactor,500,34,30,1
PRD0229,SPLIT AC - 0.5TR NEW COMPRESSOR R-22 Rotary & Recipr,2500,34,30,1
PRD0230,SPLIT AC - 1TR NEW COMPRESSOR R-22 Rotary & Reciproc,2500,34,30,1
PRD0231,SPLIT AC - 1.5TR NEW COMPRESSOR R-22 Rotary & Recipr,2500,34,30,1
PRD0232,SPLIT AC - 2TR NEW COMPRESSOR R-22 Rotary,2500,34,30,1
PRD0233,SPLIT AC - 2.5TR NEW COMPRESSOR R-22 Rotary,3500,34,30,1
PRD0234,SPLIT AC 0.5TR NEW COMPRESSOR R-32 Rotary & Recipe,2000,34,30,1
PRD0238,SPLIT AC - 1TR NEW COMPRESSOR R-32 Rotary,2000,34,30,1
PRD0239,SPLIT AC - 0.5TR CAPACITOR 6 MFD,500,34,30,1
PRD0240,SPLIT AC -1TR CAPACITOR 6 MFD,500,34,30,1
PRD0241,SPLIT AC -1.5 TR CAPACITOR 6 MFD,500,34,30,1
PRD0243,SPLIT AC - 2TR CAPACITOR 6 MFD,500,34,30,1
PRD0244,SPLIT AC - 2.5TR CAPACITOR 6 MFD,500,34,30,1
PRD0245,SPLIT AC - 0.5TR CAPACITOR 36 MFD,500,34,30,1
PRD0246,SPLIT AC - 1TR CAPACITOR 36 MFD,500,34,30,1
PRD0247,SPLIT AC -1.5TR CAPACITOR 36 MFD,500,34,30,1
PRD0248,SPLIT AC - 2TR CAPACITOR 36 MFD,500,34,30,1
PRD0249,SPLIT AC - 2.5TR CAPACITOR 36 MFD,500,34,30,1
PRD0250,SPLIT AC - 0.5TR CAPACITOR 45 MFD,500,34,30,1
PRD0251,SPLIT AC - 1TR CAPACITOR 45 MFD,500,34,30,1
PRD0252,SPLIT AC - 1.5TR CAPACITOR 45 MFD,500,34,30,1
PRD0253,SPLIT AC - 2TR CAPACITOR 45 MFD,500,34,30,1
PRD0254,SPLIT AC - 2.5TR CAPACITOR 45 MFD,500,34,30,1
PRD0255,SPLIT AC - 0.5TR CAPACITOR 50 MFD,500,34,30,1
PRD0256,SPLIT AC -1 TR CAPACITOR 50 MFD,500,34,30,1
PRD0257,SPLIT AC -1.5 TR CAPACITOR 50 MFD,500,34,30,1
PRD0258,SPLIT AC - 2TR CAPACITOR 50 MFD,500,34,30,1
PRD0259,SPLIT AC - 2.5 TR CAPACITOR 50 MFD,500,34,30,1
PRD0260,SPLIT AC - 0.5TR CAPACITOR 55 MFD,500,34,30,1
PRD0261,SPLIT AC - 1TR CAPACITOR 55 MFD,500,34,30,1
PRD0262,SPLIT AC - 1.5TR CAPACITOR 55 MFD,500,34,30,1
PRD0263,SPLIT AC 2TR CAPACITOR 55 MFD,500,34,30,1
PRD0264,SPLIT AC - 2.5TR CAPACITOR 55 MFD,500,34,30,1
PRD0265,SPLIT AC - 0.5TR CAPACITOR 60 MFD,500,34,30,1
PRD0266,SPLIT AC - 1TR CAPACITOR 60 MFD,500,34,30,1
PRD0267,SPLIT AC -1.5TR CAPACITOR 60 MFD,500,34,30,1
PRD0268,SPLIT AC - 2TR CAPACITOR 60 MFD,500,34,30,1
PRD0269,SPLIT AC - 2.5TR CAPACITOR 60 MFD,500,34,30,1
PRD0270,SPLIT AC - 0.5TR CAPACITOR 65 MFD,500,34,30,1
PRD0271,SPLIT AC - 1TR CAPACITOR 65 MFD,500,34,30,1
PRD0272,SPLIT AC - 1.5TR CAPACITOR 65 MFD,500,34,30,1
PRD0273,SPLIT AC - 2TR CAPACITOR 65 MFD,500,34,30,1
PRD0275,SPLIT AC - 2.5 TR CAPACITOR 65 MFD,500,34,30,1
PRD0276,SPLIT AC -1TRCAPACITOR 65 MFD,500,34,30,1
PRD0277,SPLIT AC - 1.5TR CAPACITOR 65 MFD,500,34,30,1
PRD0278,SPLIT AC - 2TR CAPACITOR 65 MFD,500,34,30,1
PRD0279,SPLIT AC - 2.5TR CAPACITOR 65 MFD,500,34,30,1
PRD0283,SPLIT AC - 0.5TR PCB CARD,2500,34,30,1
PRD0284,SPLIT AC - 2.5TR PCB CARD,2500,34,30,1
PRD0286,SPLIT AC - OUTDOOR 0.5TR Inverter P.C.B,2500,34,30,1
PRD0287,SPLIT AC OUTDOOR 1.5TR Inverter P.C.B,2500,34,30,1
PRD0288,SPLIT AC - OUTDOOR 2TR Inverter P.C.B,2500,34,30,1
PRD0289,SPLIT AC - OUTDOOR 2.5TR Inverter P.C.B,2500,34,30,1
PRD0290,SPLIT AC - OUTDOOR 0.5TR Fan Blade Plastic,1000,34,30,1
PRD0291,SPLIT AC - OUTDOOR 1TR Fan Blade Plastic,1000,34,30,1
PRD0294,SPLIT AC - OUTDOOR 1.5TR Fan Blade Plastic,1000,34,30,1
PRD0295,SPLIT AC - OUTDOOR 0.5TR Condenser Copper Coil,900,34,30,1
PRD0296,SPLIT AC - 1TR Outdoor Condenser Copper Coil,900,34,30,1
PRD0297,SPLIT AC - 1.5TR Outdoor Condenser Copper Coil,900,34,30,1
PRD0298,SPLIT AC - 2TR Outdoor Condenser Copper Coil,900,34,30,1
PRD0304,SPLIT AC - 2.5TR Outdoor Condenser Copper Coil,900,34,30,1
PRD0305,CASSETTE AC - INDOOR 2.5TR DRAIN PUMP,8500,34,30,1
PRD0307,CASSETTE AC INDOOR 3TR DRAIN PUMP,8500,34,30,1
PRD0308,CASSETTE AC - INDOOR 4TR DRAIN PUMP,8500,34,30,1
PRD0309,CASSETTE AC - INDOOR 2TR ROOM AIR SENSOR,250,34,30,1
PRD0310,CASSETTE AC - INDOOR 2.5TR ROOM AIR SENSOR,250,34,30,1
PRD0311,CASSETTE AC - INDOOR 3TR ROOM AIR SENSOR,650,34,30,1
PRD0312,CASSETTE AC INDOOR 4TR ROOM AIR SENSOR,450,34,30,1
PRD0313,CASSETTE AC INDDOR 2TR COIL SENSOR,350,34,30,1
PRD0314,CASSETTE AC INDDOR 2.5TR COIL SENSOR,350,34,30,1
PRD0315,CASSETTE AC INDDOR 3TR COIL SENSOR,350,34,30,1
PRD0316,CASSETTE AC INDDOR 4TR COIL SENSOR,700,34,30,1
PRD0317,CASSETTE AC 2TR INDOOR MOTOR,6500,34,30,1
PRD0318,CASSETTE AC 2.5TR INDOOR MOTOR,6500,34,30,1
PRD0319,CASSETTE AC 3TR INDOOR MOTOR,6500,34,30,1
PRD0320,CASSETTE AC 4TR INDOOR MOTOR,6500,34,30,1
PRD0321,CASSETTE AC INDOOR 2TR DC MOTOR,7500,34,30,1
PRD0322,CASSETTE AC INDOOR 2.5TR DC MOTOR,7500,34,30,1
PRD0323,CASSETTE AC INDOOR 3TR DC MOTOR,7500,34,30,1
PRD0324,CASSETTE AC INDOOR 4TR DC MOTOR,7500,34,30,1
PRD0325,CASSETTE AC INDOOR 2TR PCB CARD,3500,34,30,1
PRD0326,CASSETTE AC INDOOR 2.5TR PCB CARD,3500,34,30,1
PRD0327,CASSETTE AC INDOOR 3TR PCB CARD,9000,34,30,1
PRD0328,CASSETTE AC INDOOR 4TR PCB CARD,9000,34,30,1
PRD0332,CASSETTE AC INDDOR 2TR INVERTER P.C.B,2500,34,30,1
PRD0333,CASSATTE AC OUTDOOR 2TR FAN BLADE,1500,34,30,1
PRD0334,CASSATTE AC OUTDOOR 2.5TR FAN BLADE,1500,34,30,1
PRD0335,CASSATTE AC OUTDOOR 3TR FAN BLADE,1500,34,30,1
PRD0336,CASSATTE AC OUTDOOR 4TR FAN BLADE,1500,34,30,1
PRD0337,"CASSATTE AC OUTDOOR 2TR CAPACITOR36, 45,50,60,MFD",350,34,30,1
PRD0338,"CASSATTE AC OUTDOOR 2.5TR CAPACITOR36, 45,50,60,MF",550,34,30,1
PRD0339,"CASSATTE AC OUTDOOR 3TR CAPACITOR36, 45,50,60,MFD",350,34,30,1
PRD0340,"CASSATTE AC OUTDOOR 4TR CAPACITOR36, 45,50,60,MFD",350,34,30,1
PRD0341,CASSATTE AC OUTDOOR 2TR CONTACTOR 1&2 POLE,500,34,30,1
PRD0342,CASSATTE AC OUTDOOR 2.5TR CONTACTOR 1&2 POLE,500,34,30,1
PRD0343,CASSATTE AC OUTDOOR 3TR CONTACTOR 1&2 POLE,500,34,30,1
PRD0344,CASSATTE AC OUTDOOR 4TR CONTACTOR 1&2 POLE,500,34,30,1
PRD0345,CASSATTE AC OUTDOOR 2TR CONTACTOR 4 POLE,2550,34,30,1
PRD0346,CASSATTE AC OUTDOOR 2.5TR CONTACTOR 4 POLE,2550,34,30,1
PRD0347,CASSATTE AC OUTDOOR 3TR CONTACTOR 4 POLE,2550,34,30,1
PRD0348,CASSATTE AC OUTDOOR 4TR CONTACTOR 4 POLE,2550,34,30,1
PRD0349,CASSATTE AC OUTDOOR 2TR COMPRESSOR R-22,16500,34,30,1
PRD0350,CASSATTE AC OUTDOOR 2.5TR COMPRESSOR R-22,2500,34,30,1
PRD0351,CASSATTE AC OUTDOOR 3TR COMPRESSOR R-22,2500,34,30,1
PRD0352,CASSATTE AC OUTDOOR 4TR COMPRESSOR R-22,2500,34,30,1
PRD0354,CASSETTE AC OURDOOR 2TR COMPRESSOR R2 -32 & R-410,5000,34,30,1
PRD0355,CASSETTE AC OURDOOR 3TR COMPRESSOR R2 -32 & R-410,5000,34,30,1
PRD0356,CASSETTE AC OURDOOR 4TR COMPRESSOR R2 -32 & R-410,5000,34,30,1
PRD0357,CASSETTE AC OUTDOOR 2TR PCB CARD,7500,34,30,1
PRD0358,CASSETTE AC OUTDOOR 2.5TR PCB CARD,7500,34,30,1
PRD0359,CASSETTE AC OUTDOOR 3TR PCB CARD,9500,34,30,1
PRD0360,CASSETTE AC OUTDOOR 4TR PCB CARD,9500,34,30,1
PRD0361,CASSATTE AC OUTDOOR 2TR INVERTER P.C.B,6000,34,30,1
PRD0362,CASSATTE AC OUTDOOR 2.5TR Inverter P.C.B,6000,34,30,1
PRD0363,CASSATTE AC OUTDOOR 3TR Inverter P.C.B,6000,34,30,1
PRD0364,CASSATTE AC OUTDOOR 4TR Inverter P.C.B,6000,34,30,1
PRD0365,CASSATTE AC OUTDOOR 2TR FAN MOTER,6500,34,30,1
PRD0366,CASSTTE AC OUTDOOR 2.5TR FAN MOTER,6500,34,30,1
PRD0367,CASSTTE AC OUTDOOR 3TR FAN MOTER,6500,34,30,1
PRD0368,CASSTTE AC OUTDOOR 4TR FAN MOTER,6500,34,30,1
PRD0369,CASSATTE AC - OUTDOOR 2TR DC FAN MOTER,6500,34,30,1
PRD0370,CASSATTE AC OUTDOOR 2.5TR DC FAN MOTER,6500,34,30,1
PRD0371,CASSATTE AC OUTDOOR 3TR DC FAN MOTER,6500,34,30,1
PRD0372,CASSATTE AC OUTDOOR 4TR DC FAN MOTER,6500,34,30,1
PRD0373,CASSATTE AC OUTDOOR 2 TR PIN VALVE,350,34,30,1
PRD0374,CASSATTE AC OUTDOOR 2.5TR PIN VALVE,350,34,30,1
PRD0375,CASSATTE AC OUTDOOR 3TR PIN VALVE,350,34,30,1
PRD0376,CASSATTE AC OUTDOOR 4TR PIN VALVE,350,34,30,1
PRD0377,CASSATTE AC OUTDOOR 2TR 3PH CONTACTOR,1250,34,30,1
PRD0378,CASSATTE AC OUTDOOR 2.5TR 3PH CONTACTOR,1250,34,30,1
PRD0379,CASSATTE AC OUTDOOR 3TR 3PH CONTACTOR,1250,34,30,1
PRD0380,CASSATTE AC OUTDOOR 4TR 3PH CONTACTOR,1250,34,30,1
PRD0381,DUCTABLE AC - INDDOR 4 TR P.C.B CARD,6000,34,30,1
PRD0382,DUCTABLE AC - INDDOR 5.5TR P.C.B CARD,6000,34,30,1
PRD0383,DUCTABLE AC - INDDOR 8.5TR P.C.B CARD,6000,34,30,1
PRD0384,DUCTABLE AC - INDDOR 11TR P.C.B CARD,6000,34,30,1
PRD0386,DUCTABLE AC - INDDOR 16TR P.C.B CARD,6000,34,30,1
PRD0387,DUCTABLE AC - Indoor 5.5TR Gas R410A Per KG,1300,34,23,1
PRD0388,DUCTABLE AC - INDOOR 8.5TR GAS R410A,1200,34,30,1
PRD0389,DUCTABLE AC - INDOOR 11TR Gas R410A Per KG,1200,34,23,1
PRD0390,DUCTABLE AC - INDOOR 16TR GAS R410A,1200,34,23,1
PRD0391,DUCTABLE AC - INDOOR 4TR ROOM AIR SENSOR,650,34,30,1
PRD0392,DUCTABLE AC - INDOOR 5.5TR ROOM AIR SENSOR,650,34,30,1
PRD0393,DUCTABLE AC - INDOOR 8.5TR ROOM AIR SENSOR,650,34,30,1
PRD0394,DUCTABLE AC - INDOOR 11TR ROOM AIR SENSOR,650,34,30,1
PRD0396,DUCTABLE AC - INDOOR 16TR ROOM AIR SENSOR,650,34,30,1
PRD0397,DUCTABLE AC - INDOOR 5.5TR COIL SENSOR,700,34,30,1
PRD0398,DUCTABLE AC - INDOOR 8.5TR COIL SENSOR,700,34,30,1
PRD0399,DUCTABLE AC - INDOOR 11TR COIL SENSOR,700,34,30,1
PRD0400,DUCTABLE AC - INDOOR 16TR COIL SENSOR,700,34,30,1
PRD0401,DUCTABLE AC - INDOOR MOTER 4TR,1500,34,30,1
PRD0402,DUCTABLE AC - INDOOR MOTER 5.5TR,1500,34,30,1
PRD0403,DUCTABLE AC - INDOOR MOTER 8.5TR,1500,34,30,1
PRD0404,DUCTABLE AC - INDOOR MOTER 11TR,1500,34,30,1
PRD0405,DUCTABLE AC - INDOOR MOTER 16TR,1500,34,30,1
PRD0406,DUCTABLE AC - INDOOR 4TR Duct Drain Pump,4000,34,30,1
PRD0407,DUCTABLE AC - INDOOR 5.5TR Duct Drain Pump,4000,34,30,1
PRD0408,DUCTABLE AC - INDOOR 8.5TR Duct Drain Pump,4500,34,30,1
PRD0409,DUCTABLE AC - INDOOR 11TR Duct Drain Pump,8500,34,30,1
PRD0410,DUCTABLE AC - INDOOR 16TR Duct Drain Pump,4500,34,30,1
PRD0411,Ductable - AC INDOOR Corded Remote Control 4TR,2000,34,30,1
PRD0412,DUCTABLA AC - Indoor Corded Remote Control 5.5TR,2000,34,30,1
PRD0413,DUCTABLE AC - INDOOR Corded Remote Control 8.5TR,2000,34,30,1
PRD0414,DUCTABLE AC - INDOOR Corded Remote Control 11TR,2000,34,30,1
PRD0420,DUCTABLE AC - INDOOR Corded Remote Control 16TR,2000,34,30,1
PRD0421,Ductable AC - Outdoor FAN BLADE 4TR,1500,34,30,1
PRD0422,Ductable AC - Outdoor FAN BLADE 5.5TR,1500,34,30,1
PRD0423,Ductable AC - Outdoor FAN BLADE 8.5TR,1500,34,30,1
PRD0424,Ductable AC - Outdoor FAN BLADE 11TR,1500,34,30,1
PRD0425,Ductable AC - Outdoor FAN BLADE 16TR,1500,34,30,1
PRD0426,"Ductable AC - Outdoor CAPACITOR36, 45,50,60,MFD 4TR",350,34,30,1
PRD0427,"Ductable AC - Outdoor CAPACITOR36, 45,50,60,MFD 5.5T",350,34,30,1
PRD0428,"Ductable AC Outdoor CAPACITOR36, 45,50,60,MFD 8.5T",450,34,30,1
PRD0429,"Ductable AC - Outdoor CAPACITOR36, 45,50,60,MFD 11TR",450,34,30,1
PRD0430,"Ductable AC - Outdoor CAPACITOR36, 45,50,60,MFD 16TR",450,34,30,1
PRD0431,DUCTABLE AC - OUTDOOR CONTACTOR 4 POLE 4TR,2550,34,30,1
PRD0432,DUCTABLE AC -OUTDOOR CONTACTOR 4 POLE 5.5TR,2550,34,30,1
PRD0433,DUCTABLE AC - OUTDOOR CONTACTOR 4 POLE 8.5TR,2550,34,30,1
PRD0434,DUCTABLE AC - OUTDOOR CONTACTOR 4 POLE 11TR,2550,34,30,1
PRD0435,DUCTABLE AC - OUTDOOR CONTACTOR 4 POLE 16TR,2550,34,30,1
PRD0436,Ductable AC - Out Compressor Scroll - 4TR,5000,34,30,1
PRD0437,"5.5TR Duct AC Out Compressor Scroll,Rotary&Recipro",5000,34,30,1
PRD0438,"8.5TR Duct AC Out Compressor Scroll,Rotary&Recipro",7500,34,30,1
PRD0439,"11TR Duct AC Out Compressor Scroll,Rotary&Reciproc",7500,34,30,1
PRD0440,"16TR Duct AC Out Compressor Scroll,Rotary&Reciproc",8000,34,30,1
PRD0441,DUCTABLE AC - OUTDOOR FAN MOTOR 4TR,2500,34,30,1
PRD0442,DUCTABLE AC - OUTDOOR FAN MOTOR 5.5TR,2500,34,30,1
PRD0443,DUCTABLE AC - OUTDOOR FAN MOTOR 8.5TR,3000,34,30,1
PRD0444,DUCTABLE AC - OUTDOOR FAN MOTOR 11TR,3000,34,30,1
PRD0445,DUCTABLE AC - OUTDOOR FAN MOTOR 16TR,3500,34,30,1
PRD0446,DUCTABLE AC - OUTDOOR PIN VALVE 4TR,350,34,30,1
PRD0447,DUCTABLE AC - OUTDOOR PIN VALVE 5.5TR,350,34,30,1
PRD0448,DUCTABLE AC - OUTDOOR PIN VALVE 8.5TR,350,34,30,1
PRD0449,DUCTABLE AC - OUTDOOR PIN VALVE 11TR,350,34,30,1
PRD0450,DUCTABLE AC - OUTDOOR PIN VALVE 16TR,350,34,30,1
PRD0451,DUCTABLE AC - OUTDOOR HP LP SWITCH 4TR,850,34,30,1
PRD0452,DUCTABLE AC - OUTDOOR HP LP SWITCH 5.5TR,850,34,30,1
PRD0453,DUCTABLE AC - OUTDOOR HP LP SWITCH 8.5TR,850,34,30,1
PRD0454,DUCTABLE AC - OUTDOOR HP LP SWITCH 11TR,850,34,30,1
PRD0455,DUCTABLE AC - OUTDOOR HP LP SWITCH 16TR,850,34,30,1
PRD0456,Ductable AC - Outdoor Fan Blade Aluminum 4TR,1500,34,30,1
PRD0457,Ductable AC - Outdoor Fan Blade Aluminium 5.5TR,1500,34,30,1
PRD0458,Ductable AC - Outdoor Fan Blade Aluminum 8.5TR,1500,34,30,1
PRD0459,Ductable AC - Outdoor Fan Blade Aluminum 11TR,1500,34,30,1
PRD0460,Ductable AC - Outdoor Fan Blade Aluminum 16TR,1500,34,30,1
PRD0461,Ductable AC - 4TR Outdoor Condenser Copper Coil,2250,34,30,1
PRD0462,Ductable AC - 5.5TR Outdoor Condenser Copper Coil,3500,34,30,1
PRD0463,Ductable AC - 8.5TR Outdoor Condenser Copper Coil,3500,34,30,1
PRD0464,Ductable AC -11TR Outdoor Condenser Copper Coil,3500,34,30,1
PRD0465,Ductable AC - Outdoor Condenser Copper Coil 16TR,3500,34,30,1
PRD0466,Ductable AC - Outdoor PCB CARD 4TR,3500,34,30,1
PRD0467,Ductable AC -Outdoor PCB CARD 5.5TR,4500,34,30,1
PRD0468,Ductable AC - Outdoor PCB CARD 8.5TR,5000,34,30,1
PRD0469,Ductable AC - Outdoor PCB CARD 11TR,4000,34,30,1
PRD0470,Ductable AC - Outdoor PCB CARD 16TR,5000,34,30,1
PRD0471,Wall Mount Outdoor Bracket 19 inch Heavy Weight,350,34,30,1
PRD0472,"AC Stand Outdoor Unit Wall Mounting 4.4 kg 36"" Hea",350,34,30,1
PRD0474,PVC Insulated 4 mm 4 core Copper Wire,250,34,39,1
PRD0476,PVC Insulated 1 mm 3 core Copper Wire,90,34,39,1
PRD0478,PVC Insulated 2 mm 3 core Copper Wire,120,34,39,1
PRD0480,PVC Insulated 1.5 mm 3 core Copper Wire,120,34,39,1
PRD0483,PVC Insulated 2.5 mm 3 core Copper Wire,150,34,39,1
PRD0485,PVC Insulated 2.5 mm 4 core Copper Wire,210,34,39,1
PRD0486,PVC Insulated 2 mm 4 core Copper Wire,210,34,39,1
PRD0488,PVC Insulated 1 mm 4 core Copper Wire,80,34,39,1
PRD0491,PVC Insulated 1.5 mm 4 core Copper Wire,100,34,39,1
PRD0494,PVC Insulated 4 mm 3 core Copper Wire,210,34,39,1
PRD0495,Copper Tube 1/2 inch (13mm) with insulation,1380,34,39,1
PRD0496,Copper Tube 1/4 inch (6mm) with insulation,1380,34,30,1
PRD0497,Copper Tube 1.5 Inch (38mm) with insulation,1380,34,39,1
PRD0498,Copper Tube 3/4 inch (19mm) with Insulation,1380,34,39,1
PRD0499,Copper Tube 3/8 inch (10mm) with Insulation,1380,34,39,1
PRD0500,Copper Tube 5/8 inch (16mm) with insulation,1380,34,39,1
PRD0501,Copper Tube 6/8 inch (19mm) with insulation,2000,34,39,1
PRD0502,Copper Tube 7/8 inch (22mm) with insulation,2000,34,39,1
PRD0503,Copper Tube 2 Inch (51mm),3500,34,39,1
PRD0504,Copper Coupling Socket 1-5/8 inch,800,34,30,1
PRD0505,Copper Coupling Socket 1-1/2 inch,250,34,30,1
PRD0506,Copper Coupling Socket 1-3/8 inch,250,34,30,1
PRD0507,Copper Coupling Socket 1-1/4 inch,250,34,30,1
PRD0509,Copper Coupling Socket 1-1/8 inch,260,34,30,1
PRD0510,Copper Coupling Socket 7/8 inch,260,34,30,1
PRD0511,Copper Coupling Socket 3/4 inch,250,34,30,1
PRD0512,Copper Coupling Socket 5/8 inch,260,34,30,1
PRD0513,Copper Coupling Socket 1/2 inch,350,34,30,1
PRD0514,Copper Elbow 1-3/8 inch 90 deg.,250,34,30,1
PRD0515,Copper Elbow 1-1/4 inch 90 deg.,250,34,30,1
PRD0516,Copper Elbow 1-1/8 inch 90 deg.,250,34,30,1
PRD0517,Copper Elbow 7/8 inch 90 deg.,250,34,30,1
PRD0518,Copper Elbow 3/4 inch 90 deg.,250,34,30,1
PRD0519,Brass Flare Nut 1-1/8 inch (Pack of 5),100,34,30,1
PRD0520,Air Conditioner Outdoor Valve 1-3/8 Inch Straight (35mm),350,34,30,1
PRD0521,Air Conditioner Outdoor Valve 1-3/8 Inch L type (35mm),350,34,30,1
PRD0522,Air Conditioner Outdoor Valve 1.5 inch Straight (38mm),400,34,30,1
PRD0523,Air Conditioner Outdoor Valve 1.5 Inch L type (38mm),400,34,30,1
PRD0524,Brass Hex Condenser Union 3/4 inch,100,34,30,1
PRD0525,Brass Hex Condenser Union 5/8 inch,100,34,30,1
PRD0526,Brass Hex Condenser Union 1/2 inch,100,34,30,1
PRD0527,Brass Hex Condenser Union 3/8 inch,100,34,30,1
PRD0528,Air Conditioner Outdoor Valve 1.25 Inch L type (32,5280,34,30,1
PRD0529,Air Conditioner Outdoor Valve 1.25 Inch Straight (,4680,34,30,1
PRD0530,Air Conditioner Outdoor Valve 6/8 Inch Straight (1,1560,34,30,1
PRD0531,Air Conditioner Outdoor Valve 6/8 Inch L type (19m,1680,34,30,1
PRD0532,Air Conditioner Outdoor Valve 7/8 Inch Straight (2,2076,34,30,1
PRD0533,Air Conditioner Outdoor Valve 7/8 Inch L type (22m,2280,34,30,1
PRD0534,Air Conditioner Outdoor Valve 1 Inch Straight (25m,3288,34,30,1
PRD0535,Air Conditioner Outdoor Valve 1 Inch L type (25mm),3840,34,30,1
PRD0536,Air Conditioner R410A Outdoor Valve 1/2 inch L typ,660,34,30,1
PRD0537,Air Conditioner R410A Outdoor Valve 3/8 inch L typ,576,34,30,1
PRD0538,Air Conditioner R410A Outdoor Valve 5/8 inch L typ,828,34,30,1
PRD0539,Danfoss TEX-2 R22 TXV G2401.TEX2 Thermostatic Expa,3750,34,30,1
PRD0540,Danfoss TX 2 Thermostatic Expansion Valve,3582,34,30,1
PRD0541,Air Conditioner R410A Outdoor Valve 1/4 inch L typ,492,34,30,1
PRD0542,Brass Dead Nut 1/2 inch (Pack of 2),240,34,30,1
PRD0543,Brass Dead Nut 1/4 inch (Pack of 5),240,34,30,1
PRD0544,Brass Flare Union Connector 5/8 inch (Pack of 4),540,34,30,1
PRD0545,Brass Flare Union Connector 1/4 inch (Pack of 4),270,34,30,1
PRD0546,Brass Flare Union Connector 1/2 inch (Pack of 4),450,34,30,1
PRD0547,Brass Flare Union Connector 3/8 inch (Pack of 4),330,34,30,1
PRD0548,Brass Flare Union Connector 3/4 inch (Pack of 2),348,34,30,1
PRD0549,Brass Flare Union Connector 7/8 inch (Pack of 2),390,34,30,1
PRD0550,Brass C Cap 1/4 inch (Pack of 5),240,34,30,1
PRD0551,Brass C Cap 3/8 inch (Pack of 4),240,34,30,1
PRD0552,Brass C Cap 1/2 inch (Pack of 2),240,34,30,1
PRD0553,Brass C Cap 5/8 inch (Pack of 2),270,34,30,1
PRD0554,Carrier VRF - Outdoor condenser fan motor 25w to 150,5500,34,30,1
PRD0555,"Carrier VRF Outdoor condenser fan motor 220 V,",11050,34,30,1
PRD0556,Carrier VRF Outdoor condenser fan motor 440v,11050,34,30,1
PRD0557,Carrier indoor fan motor 1250 RPM 1 phase,1950,34,30,1
PRD0558,Blue star VRF aluminium coil Inverter PCB,23400,34,30,1
PRD0559,Carrier VRF - outdoor inverter PCB,5500,34,30,1
PRD0561,VRF Cassette AC drain pump,2405,34,30,1
PRD0562,Carrier 4 Way reversing valve (Solenoid valve) 3/4,10400,34,30,1
PRD0563,"Carrier,Voltas,Bluestar expansion valve",4940,34,30,1
PRD0565,VRF outdoor condenser Fan blade,1500,34,30,1
PRD0566,VRF Thermoster sensor,910,34,30,1
PRD0567,VRF solenoid valve,1500,34,30,1
PRD0568,VRF service valve,1150,34,30,1
PRD0570,Compressor 1TR,1500,34,30,1
PRD0571,Compressor -1 TR - SPLITE AC,2500,34,30,1
PRD0572,Condenser Coil -1 TR-SPLITE AC,2500,34,30,1
PRD0573,Evaporator-1 TR-SPLITE AC,5000,34,30,1
PRD0574,Cooling Coil (Indoor Coil)-1 TR-SPLITE AC,4500,34,30,1
PRD0575,Copper Pipes (Refrigerant Lines)-1 TR-SPLITE AC,4500,34,39,1
PRD0576,Pin Valve-1 TR-SPLITE AC,350,34,30,1
PRD0577,Indoor PCB (Main Circuit Board)-1 TR-SPLITE AC,2500,34,30,1
PRD0578,Outdoor PCB (Main Board)-1 TR-SPLITE AC,4500,34,30,1
PRD0579,Capacitors-1 TR-SPLITE AC,500,34,30,1
PRD0580,Contactor-1 TR-SPLITE AC,500,34,30,1
PRD0581,Sensors / Thermostat-1 TR-SPLITE AC,500,34,30,1
PRD0582,Remote Control & Receiver Module-1 TR-SPLITE AC,1200,34,30,1
PRD0583,Indoor Fan Motor (Blower Motor)-1 TR-SPLITE AC,1500,34,30,1
PRD0584,Fan Blades (Indoor & Outdoor)-1 TR-SPLITE AC,1200,34,30,1
PRD0585,Flap Motor-1 TR-SPLITE AC,1200,34,30,1
PRD0586,Filter Drier-1 TR-SPLITE AC,350,34,30,1
PRD0587,Insulation (for pipes)-1 TR-SPLITE AC,700,34,30,1
PRD0588,Drain Pipe & Tray-1 TR-SPLITE AC,45,34,30,1
PRD0589,Bracket-1 TR-SPLITE AC,700,34,30,1
PRD0590,Wiring-1 TR-SPLITE AC,700,34,30,1
PRD0591,Flare Nuts-1 TR-SPLITE AC,250,34,30,1
PRD0592,Dead Nuts-1 TR-SPLITE AC,200,34,30,1
PRD0593,Electrical Wires (3/4 core)-1 TR-SPLITE AC,120,34,39,1
PRD0595,Gas R32 -1 TR-SPLITE AC,1200,34,23,1
PRD0596,Compressor (Outdoor compressor)-1 TR-SPLITE AC,3700,34,30,1
PRD0597,Outdoor Fan Motor-1 TR-SPLITE AC,1600,34,30,1
PRD0598,Outdoor Fan Blade-1 TR-SPLITE AC,1500,34,30,1
PRD0599,Copper Refrigerant Pipes (Liquid )-1 TR-SPLITE AC,2500,34,30,1
PRD0600,Service Valve -1 TR-SPLITE AC,1150,34,30,1
PRD0601,Stop Valve-1 TR-SPLITE AC,100,34,30,1
PRD0602,Expansion Device -1 TR-SPLITE AC,2500,34,30,1
PRD0603,Capillary Tube-1 TR-SPLITE AC,900,34,39,1
PRD0604,Outdoor PCB (Main Control Board)-1 TR-SPLITE AC,4500,34,30,1
PRD0605,Compressor Start Relay-1 TR-SPLITE AC,500,34,30,1
PRD0606,Compressor Overload Protector-1 TR-SPLITE AC,1000,34,30,1
PRD0607,PTC Relay-1 TR-SPLITE AC,500,34,30,1
PRD0608,Compressor capacitor-1 TR-SPLITE AC,400,34,30,1
PRD0609,Fan motor capacitor-1 TR-SPLITE AC,500,34,30,1
PRD0611,Contactor - electrical switching-1 TR-SPLITE AC,4500,34,30,1
PRD0612,Pressure Sensors-1 TR-SPLITE AC,800,34,30,1
PRD0613,Thermistors-1 TR-SPLITE AC,500,34,30,1
PRD0619,Outdoor Unit Power Connector-1 TR-SPLITE AC,4800,34,30,1
PRD0621,Voltage Protector,800,34,30,1
PRD0622,Fuse-1 TR-SPLITE AC,300,34,30,1
PRD0623,Outdoor Unit Mounting Bracket -1 TR-SPLITE AC,350,34,30,1
PRD0624,Rubber Mounts -1 TR-SPLITE AC,500,34,30,1
PRD0625,Anti-Vibration Pads-1 TR-SPLITE AC,600,34,30,1
PRD0626,Mounting Bracket Stand-1 TR-SPLITE AC,700,34,30,1
PRD0627,Grille-1 TR-SPLITE AC,300,34,30,1
PRD0630,Gas Line-1 TR-SPLITE AC,2000,34,39,1
PRD0631,Insulation for Refrigerant Pipes-1 TR-SPLITE AC,220,34,39,1
PRD0632,Refrigerant Gas R410-1 TR-SPLITE AC,1200,34,39,1
PRD0633,Drain Hose-1 TR-SPLITE AC,250,34,30,1
PRD0634,Fasteners -1 TR-SPLITE AC,80,34,30,1
PRD0635,Compressor 1.5 TR-1.5 TR-SPLITE AC,9500,34,30,1
PRD0636,Condenser Coil-1.5 TR-SPLITE AC,2500,34,30,1
PRD0637,Outdoor Fan Blade-1.5 TR-SPLITE AC,1500,34,30,1
PRD0638,Stop Valve-1.5 TR-SPLITE AC,100,34,30,1
PRD0639,Compressor capacitor-1.5 TR-SPLITE AC,400,34,30,1
PRD0640,Outdoor fan capacitor-1.5 TR-SPLITE AC,350,34,30,1
PRD0641,Contactor-1.5 TR-SPLITE AC,1200,34,30,1
PRD0642,Compressor Start Relay-1.5 TR-SPLITE AC,200,34,30,1
PRD0643,Overload Protector & PTC Relay-1.5 TR-SPLITE AC,150,34,30,1
PRD0644,High-Pressure Switch-1.5 TR-SPLITE AC,2000,34,30,1
PRD0645,Low-Pressure Switch-1.5 TR-SPLITE AC,700,34,30,1
PRD0646,Outdoor Temperature-1.5 TR-SPLITE AC,2000,34,30,1
PRD0647,Pressure Sensors (Thermistors)-1.5 TR-SPLITE AC,800,34,30,1
PRD0648,Outdoor Wiring Harness-1.5 TR-SPLITE AC,150,34,30,1
PRD0649,Power Connector-1.5 TR-SPLITE AC,800,34,30,1
PRD0650,Mounting Bracket & Stand-1.5 TR-SPLITE AC,500,34,30,1
PRD0651,Indoor Blower Motor-1.5 TR-SPLITE AC,2000,34,30,1
PRD0652,Indoor Fan Blade (Blower Wheel)-1.5 TR-SPLITE AC,1500,34,30,1
PRD0653,Swing Motor & Louver Actuator-1.5 TR-SPLITE AC,800,34,30,1
PRD0654,Indoor PCB (Control Board)-1.5 TR-SPLITE AC,2000,34,30,1
PRD0655,Remote Control & Receiver Module-1.5 TR-SPLITE AC,700,34,30,1
PRD0656,Drain Pipe-1.5 TR-SPLITE AC,175,34,30,1
PRD0657,Insulation for Refrigerant Pipes-1.5 TR-SPLITE AC,1250,34,39,1
PRD0658,Refrigerant Gas R-22-1.5 TR-SPLITE AC,1200,34,23,1
PRD0659,Refrigerant Gas R-32-1.5 TR-SPLITE AC,1200,34,23,1
PRD0662,Refrigerant Gas R-410-1.5 TR-SPLITE AC,1200,34,23,1
PRD0663,Copper Refrigerant Pipes (Liquid)-1.5 TR-SPLITE AC,300,34,39,1
PRD0664,Connectors-1.5 TR-SPLITE AC,1500,34,30,1
PRD0665,"Fasteners (Screws, Clips, Clamps)-1.5 TR-SPLITE AC",250,34,30,1
PRD0666,Pipe Insulation Sleeves-1.5 TR-SPLITE AC,250,34,39,1
PRD0667,Compressor (2 TR)-2 TR-SPLITE AC,4500,34,30,1
PRD0668,Outdoor Fan Motor-2 TR-SPLITE AC,1600,34,30,1
PRD0669,Outdoor Fan Blade-2 TR-SPLITE AC,1500,34,30,1
PRD0670,Service Valve-2 TR-SPLITE AC,1150,34,30,1
PRD0671,Stop Valve-2 TR-SPLITE AC,150,34,30,1
PRD0672,Compressor capacitor-2 TR-SPLITE AC,400,34,30,1
PRD0673,Outdoor fan capacitor-2 TR-SPLITE AC,500,34,30,1
PRD0675,Contactor (Magnetic Switch)-2 TR-SPLITE AC,650,34,30,1
PRD0676,Compressor Start Relay-2 TR-SPLITE AC,300,34,30,1
PRD0679,High-Pressure Switch-2 TR-SPLITE AC,2000,34,30,1
PRD0680,Low-Pressure Switch-2 TR-SPLITE AC,700,34,30,1
PRD0684,Pressure Sensor-2 TR-SPLITE AC,800,34,30,1
PRD0686,Dead Nuts-1.5 TR-SPLITE AC,200,34,30,1
PRD0687,Electrical Wires & Connectors-1.5 TR-SPLITE AC,300,34,30,1
PRD0688,Outdoor PCB (Control Board)-2 TR-SPLITE AC,1500,34,30,1
PRD0689,Outdoor Wiring Harness-2 TR-SPLITE AC,150,34,30,1
PRD0690,Power Connector-2 TR-SPLITE AC,250,34,30,1
PRD0691,Anti-Vibration Pads-2 TR-SPLITE AC,600,34,30,1
PRD0692,Rubber Mounts-2 TR-SPLITE AC,500,34,30,1
PRD0693,Mounting Bracket-2 TR-SPLITE AC,500,34,30,1
PRD0694,Stand for Outdoor Unit-2 TR-SPLITE AC,800,34,30,1
PRD0697,Protective Grille-2 TR-SPLITE AC,800,34,30,1
PRD0698,Indoor Blower Motor (Fan Motor)-2 TR-SPLITE AC,2000,34,30,1
PRD0699,Swing Motor-2 TR-SPLITE AC,1000,34,30,1
PRD0700,Display Panel-2 TR-SPLITE AC,3500,34,30,1
PRD0701,User Interface Board-2 TR-SPLITE AC,1400,34,30,1
PRD0702,Remote Control-2 TR-SPLITE AC,800,34,30,1
PRD0703,IR Receiver Module-2 TR-SPLITE AC,350,34,30,1
PRD0704,Temperature Sensors-2 TR-SPLITE AC,900,34,30,1
PRD0705,Thermistors (Room & Coil)-2 TR-SPLITE AC,500,34,30,1
PRD0706,Air Filters -2 TR-SPLITE AC,350,34,30,1
PRD0709,Reusable Filters)-2 TR-SPLITE AC,350,34,30,1
PRD0710,Drain Pan & Drain Pipe-2 TR-SPLITE AC,500,34,30,1
PRD0711,Insulation for Refrigerant Pipes-2 TR-SPLITE AC,220,34,30,1
PRD0712,Flare Nuts-2 TR-SPLITE AC,250,34,30,1
PRD0713,Dead Nuts (Pipe Fittings)-2 TR-SPLITE AC,200,34,30,1
PRD0714,Expansion Device-2 TR-SPLITE AC,2500,34,30,1
PRD0716,Capillary Tube-2 TR-SPLITE AC,900,34,30,1
PRD0720,TXV (Thermal Expansion Valve)-2 TR-SPLITE AC,3750,34,30,1
PRD0721,Pipe Insulation Sleeves-2 TR-SPLITE AC,250,34,30,1
PRD0722,Electrical Wires -2 TR-SPLITE AC,120,34,39,1
PRD0723,Connector-2 TR-SPLITE AC,250,34,30,1
PRD0726,Voltage Protector-2 TR-SPLITE AC,800,34,30,1
PRD0727,Refrigerant Gas -R22-2 TR-SPLITE AC,1200,34,23,1
PRD0728,Refrigerant Gas - R32-2 TR-SPLITE AC,1200,34,23,1
PRD0729,Refrigerant Gas - R410-2 TR-SPLITE AC,1200,34,23,1
PRD0730,Condenser Coil -2.5 TR-SPLITE AC,2500,34,30,1
PRD0731,Outdoor Fan Motor-2.5 TR-SPLITE AC,1600,34,30,1
PRD0732,Outdoor Fan Blade-2.5 TR-SPLITE AC,1500,34,30,1
PRD0733,Service Valve-2.5 TR-SPLITE AC,1150,34,30,1
PRD0734,Stop Valve-2.5 TR-SPLITE AC,150,34,30,1
PRD0735,Compressor capacitor-2.5 TR-SPLITE AC,400,34,30,1
PRD0736,Split AC -2.5 TR-Compressor capacitor,400,34,30,1
PRD0737,Split AC -2.5 TR-Outdoor fan capacitor,500,34,30,1
PRD0738,Split AC -2.5 TR-Contactor (Magnetic Switch),650,34,30,1
PRD0740,Split AC -2.5 TR-Compressor Start Relay,100,34,30,1
PRD0741,Split AC -2.5 TR-Overload Protector,250,34,30,1
PRD0742,Split AC -2.5 TR-High-Pressure Switch,2000,34,30,1
PRD0744,Split AC -2.5 TR-Low-Pressure Switch,1000,34,30,1
PRD0745,Split AC -2.5 TR-Pressure Sensors,800,34,30,1
PRD0746,Split AC -2.5 TR-Outdoor PCB (Control Board),1500,34,30,1
PRD0747,Split AC -2.5 TR-Outdoor Wiring Harness,150,34,30,1
PRD0748,Split AC -2.5 TR-Anti-Vibration Pads,600,34,30,1
PRD0750,Split AC -2.5 TR-Rubber Mounts,500,34,30,1
PRD0751,Split AC -2.5 TR-Mounting Bracket,500,34,30,1
PRD0752,Split AC -2.5 TR-Stand for Outdoor Unit,800,34,30,1
PRD0753,Split AC -2.5 TR-Protective Grille,800,34,30,1
PRD0754,Split AC -2.5 TR- Indoor Cooling Coil,4500,34,30,1
PRD0755,Split AC -2.5 TR-Indoor Fan Blade,1500,34,30,1
PRD0756,Split AC -2.5 TR-Swing Motor,1000,34,30,1
PRD0757,Split AC -2.5 TR-Louver Actuator,800,34,30,1
PRD0758,Split AC -2.5 TR-Indoor PCB,2500,34,30,1
PRD0759,Split AC -2.5 TR-Display Panel,3500,34,30,1
PRD0760,Split AC -2.5 TR-User Interface Board,1400,34,30,1
PRD0761,Split AC -2.5 TR-Remote Control,2000,34,30,1
PRD0762,Split AC -2.5 TR-IR Receiver Module,350,34,30,1
PRD0763,Split AC -2.5 TR-Temperature Sensors,900,34,30,1
PRD0764,Split AC -2.5 TR-Thermistors (Room & Coil),500,34,30,1
PRD0765,Split AC -2.5 TR-Air Filters (Washable),350,34,30,1
PRD0766,Split AC -2.5 TR-Air Filters / Reusable Filters),350,34,30,1
PRD0767,Split AC -2.5 TR-Drain Pan & Drain Pipe,500,34,30,1
PRD0768,Split AC -2.5 TR-Insulation for Refrigerant Pipes,220,34,39,1
PRD0769,Split AC -2.5 TR-Copper Refrigerant Pipes -Suction,220,34,39,1
PRD0770,Split AC -2.5 TR-Flare Nuts,250,34,30,1
PRD0771,Split AC -2.5 TR-Dead Nuts,200,34,30,1
PRD0772,Split AC -2.5 TR-Expansion Device,2500,34,30,1
PRD0773,Split AC -2.5 TR-Capillary Tube,900,34,30,1
PRD0774,Split AC -2.5 TR-TXV (Thermal Expansion Valve),3750,34,30,1
PRD0776,Split AC -2.5 TR-Pipe Insulation Sleeves,250,34,30,1
PRD0777,Split AC -2.5 TR-Fuses,300,34,30,1
PRD0779,Split AC -2.5 TR-Electrical Wires,120,34,39,1
PRD0780,Split AC -2.5 TR- Connectors,1500,34,30,1
PRD0781,Split AC -2.5 TR-Surge Protector,1500,34,30,1
PRD0782,Split AC -2.5 TR-Voltage Protector,800,34,30,1
PRD0783,Split AC -2.5 TR-Refrigerant Gas - R32,1200,34,23,1
PRD0784,Split AC -2.5 TR-Refrigerant Gas - R410,1200,34,30,1
PRD0785,Split AC -2.5 TR-Vacuum pump,1200,34,30,1
PRD0787,Cassette AC-1 TR-Compressor (1 TR),2500,34,30,1
PRD0788,Cassetta AC-1 TR-Condenser Coil,2500,34,30,1
PRD0789,Cassette AC-1 TR-Outdoor Fan Motor,1600,34,30,1
PRD0790,Cassette AC-1 TR-Outdoor Fan Blade,1500,34,30,1
PRD0791,Cassette AC-1 TR-Compressor capacitor,400,34,30,1
PRD0792,Cassette AC-1 TR-Outdoor fan capacitor,350,34,30,1
PRD0793,Cassette AC-1 TR-Contactor (Magnetic Switch),650,34,30,1
PRD0794,Cassette AC-1 TR-Compressor Start Relay,200,34,30,1
PRD0795,Cassette AC-1 TR-Overload Protector,250,34,30,1
PRD0796,Cassette AC-1 TR-High-Pressure Switch,2000,34,30,1
PRD0797,Cassete AC-1 TR-Low-Pressure Switch,700,34,30,1
PRD0798,Cassette AC-1 TR-Low-Pressure Switch,700,34,30,1
PRD0799,Cassette AC-1 TR-Service Valve,1150,34,30,1
PRD0800,Cassette AC-1 TR-Stop Valve,100,34,30,1
PRD0801,Cassette AC-1 TR-Outdoor PCB (Control Board),1500,34,30,1
PRD0802,Cassette AC-1 TR-Outdoor Thermistor,500,34,30,1
PRD0803,Cassette AC-1 TR-Pressure Sensor,800,34,30,1
PRD0804,Cassette AC-1 TR-Outdoor Wiring Harness,150,34,30,1
PRD0805,Cassette AC-1 TR-Connector,250,34,30,1
PRD0806,Cassette AC-1 TR-Mounting Bracket,500,34,30,1
PRD0807,Cassette AC-1 TR-Anti-Vibration Pads,600,34,30,1
PRD0808,Cassette AC-1 TR- Indoor Cooling Coil,4500,34,30,1
PRD0809,Cassette AC-1 TR-Indoor Fan,1500,34,30,1
PRD0810,Cassette AC-1 TR- Blower Wheel (Centrifugal Fan),1500,34,30,1
PRD0811,Cassette AC-1 TR-Indoor PCB (Main Control Board),2500,34,30,1
PRD0812,Cassette AC-1 TR-Display Panel,3500,34,30,1
PRD0813,Cassette AC-1 TR- Control Board Module,2000,34,30,1
PRD0814,Cassette AC-1 TR-Remote Control,2000,34,30,1
PRD0815,Cassette AC-1 TR-Receiver Module (IR / Wireless),250,34,30,1
PRD0816,Cassette AC-1 TR-Receiver Module ( Wireless),250,34,30,1
PRD0817,Cassette AC-1 TR-Temperature Sensors,900,34,30,1
PRD0818,Cassette AC-1 TR-Thermistors (Room & Coil),500,34,30,1
PRD0819,Cassette AC-1 TR-Drain Pan,1500,34,30,1
PRD0820,Cassette AC-1 TR-Drain Pipe,600,34,30,1
PRD0821,Cassette AC-1 TR-Air Filters (Washable Filters),500,34,30,1
PRD0824,Cassette AC-1 TR-Air Filters (Removable),500,34,30,1
PRD0825,Cassette AC-1 TR-Condensate Pump (if fitted),1800,34,30,1
PRD0826,Cassette AC-1 TR-Flap,1200,34,30,1
PRD0827,Cassette AC-1 TR-Louver Assembly & Swing Motor,1000,34,30,1
PRD0828,Cassette AC-1 TR-Decorative Grill (Ceiling Cover),1300,34,39,1
PRD0829,Cassette AC-1 TR-Copper Refrigerant Pipes,700,34,39,1
PRD0830,Cassette AC-1 TR-Flare Nuts,250,34,30,1
PRD0831,Cassette AC-1 TR-Dead Nuts (Pipe Fittings),250,34,30,1
PRD0832,Cassette AC-1 TR-Expansion Device - Capillary Tube,2500,34,39,1
PRD0833,Cassette AC-1 TR-Pipe Insulation Sleeves,250,34,39,1
PRD0834,Cassette AC-1 TR-Fuses,300,34,30,1
PRD0835,Cassette AC-1 TR- Circuit Protectors,2500,34,30,1
PRD0836,Cassette AC-1 TR-Control Relays,500,34,30,1
PRD0837,Cassette AC-1 TR-Contactors,400,34,30,1
PRD0838,Cassette AC-1 TR-Surge Protector,1200,34,30,1
PRD0839,Cassette AC-1 TR-Voltage Protector,800,34,30,1
PRD0840,Cassette AC-1 TR-Wiring Harness,150,34,30,1
PRD0841,Cassette AC-1 TR-Connectors,1500,34,30,1
PRD0842,Cassette AC-1 TR-Refrigerant Gas R-32,1200,34,23,1
PRD0843,Cassette AC-1 TR-Refrigerant Gas -R-22,1200,34,23,1
PRD0844,Cassette AC-1 TR-Refrigerant Gas -R410,1200,34,36,1
PRD0845,Cassette AC-1 TR-Installation Fasteners,40,34,30,1
PRD0846,"Cassette AC-1 TR-Screws, Clips, Clamps",250,34,30,1
PRD0847,Cassette AC-1.5 TR-Compressor (1.5 TR),2500,34,30,1
PRD0848,Cassette AC-1.5 TR- Outdoor Heat-Exchange Coil,1800,34,30,1
PRD0849,Cassette AC-1.5 TR-Outdoor Fan Motor,1600,34,30,1
PRD0850,Cassette AC-1.5 TR-Outdoor Fan Blade,1500,34,30,1
PRD0851,Cassette AC-1.5 TR-Compressor capacitor,400,34,30,1
PRD0852,Cassette AC-1.5 TR-Outdoor fan capacitor,350,34,30,1
PRD0853,Cassette AC-1.5 TR-Contactor (Magnetic Switch),650,34,30,1
PRD0854,Cassette AC-1.5 TR-Compressor Start Relay,200,34,30,1
PRD0855,Cassette AC-1.5 TR-Overload Protector,250,34,30,1
PRD0856,Cassette AC-1.5 TR-High-Pressure Switch,2000,34,30,1
PRD0857,Cassette AC-1.5 TR-Low-Pressure Switch,700,34,30,1
PRD0858,Cassette AC-1.5 TR-Service Valve,1150,34,30,1
PRD0859,Cassette AC-1.5 TR-Stop Valve (Gas),100,34,30,1
PRD0860,Cassette AC-1.5 TR-Outdoor PCB (Control Board),1500,34,30,1
PRD0861,Cassette AC-1.5 TR-Outdoor Temperature,2000,34,30,1
PRD0862,Cassette AC-1.5 TR-Pressure Sensors (Thermistors),500,34,30,1
PRD0863,Cassette AC-1.5 TR-Outdoor Wiring Harness,150,34,30,1
PRD0864,Cassette AC-1.5 TR-Power Connectors,1500,34,30,1
PRD0865,Cassette AC-1.5 TR-Mounting Bracket,500,34,30,1
PRD0866,Cassette AC-1.5 TR-Stand,500,34,30,1
PRD0867,Cassette AC-1.5 TR-Anti-Vibration Rubber Mounts,500,34,30,1
PRD0868,Cassette AC-1.5 TR-Pads,350,34,30,1
PRD0869,Cassette AC-1.5 TR- Indoor Cooling Coil,4500,34,39,1
PRD0870,Cassette AC-1.5 TR-Indoor Blower Motor,2000,34,30,1
PRD0871,Cassette AC-1.5 TR-Indoor Fan Blade (Blower Wheel),1500,34,30,1
PRD0873,Cassette AC-1.5 TR-Swing Motor,1000,34,30,1
PRD0875,Cassette AC-1.5 TR-Louver Actuator,800,34,30,1
PRD0876,Cassette AC-1.5 TR-Indoor PCB (Main Control Board),2500,34,30,1
PRD0877,Cassette AC-1.5 TR-Display Panel,3500,34,30,1
PRD0878,Cassette AC-1.5 TR-Remote Control,2000,34,30,1
PRD0879,Cassette AC-1.5 TR-Coil Sensors (Thermistors),500,34,30,1
PRD0880,Cassette AC-1.5 TR-Air Filters,500,34,30,1
PRD0881,Cassette AC-1.5 TR-Drain Pan & Drain Pipe,500,34,39,1
PRD0882, AC-Insulation for Pipes,55,34,39,1
PRD0883,Cassette AC-1.5 TR-Copper Refrigerant Pipes,800,34,30,1
PRD0884,Cassette AC-1.5 TR-Flare Nuts,250,34,30,1
PRD0886,Cassette AC-1.5 TR-Dead Nuts (Pipe Fittings),250,34,30,1
PRD0887,Cassette AC-1.5 TR-Capillary Tube,900,34,39,1
PRD0888,Cassette AC-1.5 TR-Thermostatic Expansion Valve,2500,34,30,1
PRD0889,Cassette AC-1.5 TR-Pipe Insulation Sleeves,250,34,39,1
PRD0890,Cassette AC-1.5 TR-Electrical Wires,120,34,39,1
PRD0891,Cassette AC-1.5 TR-Connectors,1500,34,30,1
PRD0892,Cassette AC-1.5 TR-Surge Protector,1200,34,30,1
PRD0893,Cassette AC-1.5 TR-Voltage Protector,800,34,30,1
PRD0894,Cassette AC-1.5 TR-Refrigerant Gas R-22,1200,34,23,1
PRD0895,Cassette AC-1.5 TR-Refrigerant Gas R-32,1200,34,23,1
PRD0896,Cassette AC-1.5 TR-Refrigerant Gas R-410,1200,34,23,1
PRD0897,Cassette AC-1.5 TR-Vacuum pump,1200,34,30,1
PRD0899,Cassette AC-1.5 TR-Gauges,1000,34,30,1
PRD0900,Cassette AC-1.5 TR-Charging valves,800,34,30,1
PRD0901,Cassette AC-1.5 TR-Pipe Insulation Material,20,34,39,1
PRD0902,Cassette AC-1.5 TR-Installation Fasteners,40,34,30,1
PRD0903,Cassette AC-2.0 TR-Outdoor Heat-Exchange Coil,1800,34,30,1
PRD0904,Cassette AC-2.0 TR-Outdoor Fan Blade,1500,34,30,1
PRD0905,Cassette AC-2.0 TR-Compressor capacitor,400,34,30,1
PRD0906,Cassette AC-2.0 TR-Outdoor fan capacitor,500,34,30,1
PRD0907,Cassette AC-2.0 TR-Contactor (Magnetic Switch),650,34,30,1
PRD0908,Cassette AC-2.0 TR-Compressor Start Relay,200,34,30,1
PRD0909,Cassette AC-2.0 TR-Overload Protector,250,34,30,1
PRD0910,Cassette AC-2.0 TR-High-Pressure Switch,2000,34,30,1
PRD0911,Cassette AC-2.0 TR-Low-Pressure Switch,1000,34,30,1
PRD0913,Cassette AC-2.0 TR-Service Valve,1150,34,30,1
PRD0916,Cassette AC-2.0 TR-Stop Valve (Gas),150,34,30,1
PRD0917,Cassette AC-2.0 TR-Outdoor PCB,2500,34,30,1
PRD0918,Cassette AC-2.0 TR-Outdoor Sensors,80,34,30,1
PRD0919,Cassette AC-2.0 TR-Thermistors,500,34,30,1
PRD0920,Cassette AC-2.0 TR-Outdoor Wiring Harness,150,34,30,1
PRD0921,Cassette AC-2.0 TR-Outdoor Unit Stand,500,34,30,1
PRD0922,Cassette AC-2.0 TR-Mounting Brackets,500,34,30,1
PRD0923,Cassette AC-2.0 TR-Anti-Vibration Pads,600,34,30,1
PRD0924,Cassette AC-2.0 TR-Rubber Mounts,500,34,30,1
PRD0925,Cassette AC-2.0 TR- Indoor Cooling Coil,4500,34,30,1
PRD0926,Cassette AC-2.0 TR-Indoor Blower Motor,2000,34,30,1
PRD0927,Cassette AC-2.0 TR-Indoor Fan,2500,34,30,1
PRD0928,Cassette AC-2.0 TR-Blower Wheel,1500,34,30,1
PRD0929,Cassette AC-2.0 TR-Indoor PCB,2500,34,30,1
PRD0931,Cassette AC-2.0 TR-Display,1000,34,30,1
PRD0932,Cassette AC-2.0 TR-Control Panel Board,1,34,30,1
PRD0933,Cassette AC-2.0 TR-Remote Control,2000,34,30,1
PRD0934,Cassette AC-2.0 TR-Receiver Module (RF),1,34,30,1
PRD0935,Cassette AC-2.0 TR-Temperature Sensors,900,34,30,1
PRD0936,Cassette AC-2.0 TR-Thermistors (Room),500,34,30,1
PRD0937,Cassette AC-2.0 TR-Thermistors (Coil),500,34,30,1
PRD0938,Cassette AC-2.0 TR-Air Filters,500,34,30,1
PRD0939,Cassette AC-2.0 TR-Air Filters (Washable ),500,34,30,1
PRD0940,Cassette AC-2.0 TR-Drain Pan,1,34,30,1
PRD0941,Cassette AC-2.0 TR-Condensate Tray,1,34,30,1
PRD0942,Cassette AC-2.0 TR-Drain Pipe,1,34,30,1
PRD0943,Cassette AC-2.0 TR-Drain Hose,1,34,30,1
PRD0944,Cassette AC-2.0 TR-Condensate Pump,1,34,30,1
PRD0945,Cassette AC-2.0 TR-Flap,1,34,30,1
PRD0946,Cassette AC-2.0 TR-Louver Assembly,1,34,30,1
PRD0947,Cassette AC-2.0 TR-Swing Motor,1000,34,30,1
PRD0949,Cassette AC-2.0 TR-Cassette Panel,1,34,30,1
PRD0950,Cassette AC-2.0 TR-Decorative Ceiling Grill,1,34,30,1
PRD0951,Cassette AC-2.0 TR-Copper Refrigerant Pipes,1,34,39,1
PRD0952,Cassette AC-2.0 TR-Expansion Device,2500,34,30,1
PRD0953,Cassette AC-2.0 TR-Flare Nuts,250,34,30,1
PRD0954,Cassette AC-2.0 TR- Dead Nuts (Pipe Fittings),250,34,30,1
PRD0955,Cassette AC-2.0 TR-Pipe Insulation Sleeves,250,34,39,1
PRD0956,Cassette AC-2.0 TR-Fuses,300,34,30,1
PRD0957,Cassette AC-2.0 TR-Circuit Protectors,1,34,30,1
PRD0959,Cassette AC-2.0 TR-Relays,500,34,30,1
PRD0960,Cassette AC-2.0 TR- Contactors,400,34,30,1
PRD0962,Cassette AC-2.0 TR-Surge Protector,1500,34,30,1
PRD0963,Cassette AC-2.0 TR-Voltage Protector,800,34,30,1
PRD0964,Cassette AC-2.0 TR-Electrical Wires,120,34,39,1
PRD0965,Cassette AC-2.0 TR-Connectors,1500,34,30,1
PRD0966,Cassette AC-2.0 TR-Refrigerant Gas R-32,1200,34,23,1
PRD0967,Cassette AC-2.0 TR-Refrigerant Gas R-22,1200,34,23,1
PRD0968,Cassette AC-2.0 TR-Refrigerant Gas R410,1200,34,23,1
PRD1922,Cassette AC-2.0 TR-Installation Fasteners,40,34,30,1
PRD1923,Cassette AC-2.0 TR-Pipe Insulation Material,1,34,30,1
PRD1924,Cassette AC-2.0 TR-Compressor,2500,34,30,1
PRD1925,Cassette AC-2.0 TR-Condenser Coil,2500,34,30,1
PRD1926,Cassette AC-2.0 TR-Evaporator Coil,1,34,30,1
PRD1927,Cassette AC-2.0 TR-Capacitors,500,34,30,1
PRD1928,Cassette AC-2.0 TR-Indoor PCB Boards,2500,34,30,1
PRD1929,Cassette AC-2.0 TR-Fan Motors,1,34,30,1
PRD1931,Cassette AC-2.0 TR-Blower Wheels,1500,34,30,1
PRD1932,Cassette AC-2.0 TR-Sensors,1,34,30,1
PRD1934,Cassette AC-2.0 TR-Pressure Switches,1,34,30,1
PRD1935,Cassette AC-2.0 TR-Contactors,400,34,30,1
PRD1936,Cassette AC-2.0 TR-Refrigeration Pipes,1,34,39,1
PRD1937,Cassette AC-2.0 TR-Valves,1,34,30,1
PRD1938,Cassette AC-2.0 TR-Drain Components,1,34,30,1
PRD1939,Cassette AC-2.5 TR-Compressor,2500,34,30,1
PRD1940,Cassette AC-2.5 TR-Condenser Coil,2500,34,30,1
PRD1941,Cassette AC-2.5 TR-Outdoor Heat-Exchange Coil,1800,34,30,1
PRD1942,Cassette AC-2.5 TR-Outdoor Fan Motor,1600,34,30,1
PRD1943,Cassette AC-2.5 TR-Outdoor Fan Blade,1500,34,30,1
PRD1944,Cassette AC-2.5 TR-Compressor capacitor,400,34,30,1
PRD1945,Cassette AC-2.5 TR-Outdoor fan capacitor,500,34,30,1
PRD1946,Cassette AC-2.5 TR-Contactor (Magnetic Switch),650,34,30,1
PRD1947,Cassette AC-2.5 TR-Compressor Start Relay,200,34,30,1
PRD1948,Cassette AC-2.5 TR-Overload Protector,250,34,30,1
PRD1949,Cassette AC-2.5 TR-High-Pressure Switch,2000,34,30,1
PRD1950,Cassette AC-2.5 TR-Low-Pressure Switch,1000,34,30,1
PRD1951,Cassette AC-2.5 TR-Service Valve,1150,34,30,1
PRD1952,Cassette AC-2.5 TR-Stop Valve (Gas),150,34,30,1
PRD1953,Cassette AC-2.5 TR-Stop Valve (Liquid Valves),150,34,30,1
PRD1954,Cassette AC-2.5 TR-Outdoor PCB (Control Board),1500,34,30,1
PRD1955,Cassette AC-2.5 TR-Outdoor Sensors,80,34,30,1
PRD1956,Cassette AC-2.5 TR-Thermistors (Temperature),500,34,30,1
PRD1957,Cassette AC-2.5 TR-Pressure,1,34,30,1
PRD1958,Cassette AC-2.5 TR-Outdoor Wiring Harness,150,34,30,1
PRD1959,Cassette AC-2.5 TR-Power Connector,250,34,30,1
PRD1960,Cassette AC-2.5 TR-Outdoor Unit Stand,500,34,30,1
PRD1961,Cassette AC-2.5 TR-Mounting Brackets,500,34,30,1
PRD1962,Cassette AC-2.5 TR-Anti-Vibration Rubber Pads,600,34,30,1
PRD1963,Cassette AC-2.5 TR-Mounts,500,34,30,1
PRD1964,Cassette AC-2.5 TR-Evaporator Coil (Indoor Cooling Coil),4500,34,30,1
PRD1965,Cassette AC-2.5 TR-Indoor Blower Motor (Centrifugal Fan Motor),2000,34,30,1
PRD1966,Cassette AC-2.5 TR-Indoor Blower Wheel,1500,34,30,1
PRD1967,Cassette AC-2.5 TR-Fan Blade,1,34,30,1
PRD1968,Cassette AC-2.5 TR-Indoor Control Board (Indoor PCB),2500,34,30,1
PRD1969,Cassette AC-2.5 TR-Display,1000,34,30,1
PRD1970,Cassette AC-2.5 TR-Control Panel Board,1,34,30,1
PRD1971,Cassette AC-2.5 TR-Remote Control,2500,34,30,1
PRD1972,Cassette AC-2.5 TR-Receiver Module (IR),1,34,30,1
PRD1973,Cassette AC-2.5 TR-Receiver Module (RF),1,34,30,1
PRD1974,Cassette AC-2.5 TR-Room & Coil Temperature Sensors,900,34,30,1
PRD1975,Cassette AC-2.5 TR-Thermistors,500,34,30,1
PRD1976,Cassette AC-2.5 TR-Air Filters (Removable),500,34,30,1
PRD1977,Cassette AC-2.5 TR-Air Filters (Washable Filters),500,34,30,1
PRD1978,Cassette AC-2.5 TR-Drain Pan,1,34,30,1
PRD1979,Cassette AC-2.5 TR-Condensate Tray,1,34,30,1
PRD1980,Cassette AC-2.5 TR-Drain Pipe,1,34,39,1
PRD1981,Cassette AC-2.5 TR-Drain Hose,1,34,30,1
PRD1982,Cassette AC-2.5 TR-Condensate Pump,1,34,30,1
PRD1983,Cassette AC-2.5 TR-Swing Motor,1000,34,30,1
PRD1984,Cassette AC-2.5 TR-Louver Actuator (Flap Motor),800,34,30,1
PRD1985,Cassette AC-2.5 TR-Ceiling Cassette Panel,1,34,30,1
PRD1986,Cassette AC-2.5 TR-Decorative Grill,1,34,30,1
PRD1987,Cassette AC-2.5 TR-Copper Refrigerant Pipes R-32,1,34,39,1
PRD1988,Cassette AC-2.5 TR-Copper Refrigerant Pipes R-22,1,34,39,1
PRD1989,Cassette AC-2.5 TR-Copper Refrigerant Pipes R-410,1,34,30,1
PRD1990,Cassette AC-2.5 TR-Expansion Device,2500,34,30,1
PRD1991,Cassette AC-2.5 TR-Capillary Tube,900,34,30,1
PRD1992,Cassette AC-2.5 TR-Thermostatic Expansion Valve (TXV),3750,34,30,1
PRD1993,Cassette AC-2.5 TR-Flare Nuts,250,34,30,1
PRD1994,Cassette AC-2.5 TR-Dead Nuts (Pipe Fittings),250,34,30,1
PRD1995,Cassette AC-2.5 TR-Pipe Insulation Sleeves,250,34,30,1
PRD1996,Cassette AC-2.5 TR-Fuses,300,34,30,1
PRD1997,Cassette AC-2.5 TR-Circuit Protectors,1,34,30,1
PRD1998,Cassette AC-2.5 TR-Contactors,400,34,30,1
PRD1999,Cassette AC-2.5 TR-Relays,700,34,30,1
PRD2000,Cassette AC-2.5 TR-Surge Protector,1500,34,30,1
PRD2001,Cassette AC-2.5 TR-Voltage Protector,800,34,30,1
PRD2002,Cassette AC-2.5 TR-Electrical Wires,120,34,30,1
PRD2003,Cassette AC-2.5 TR-Connectors,1500,34,30,1
PRD2004,Cassette AC-2.5 TR-Wiring Harness,150,34,30,1
PRD2006,Cassette AC-2.5 TR-Refrigerant Gas R-32,1200,34,30,1
PRD2007,Cassette AC-2.5 TR-Refrigerant Gas R-22,1200,34,23,1
PRD2008,Cassette AC-2.5 TR-Refrigerant Gas R-410,1200,34,30,1
PRD2009,Cassette AC-2.5 TR-Installation Fasteners,40,34,30,1
PRD2010,"Cassette AC-2.5 TR-Screws, Clips, Clamps",250,34,30,1
PRD2011,Cassette AC-2.5 TR-Pipe Insulation Material,1,34,30,1
PRD2012,Cassette AC-3.0 TR-Compressor (3.0 TR),2500,34,30,1
PRD2013,Cassette AC-3.0 TR-Condenser Coil,2500,34,30,1
PRD2014,Cassette AC-3.0 TR-Outdoor Heat-Exchange Coil,1800,34,30,1
PRD2015,Cassette AC-3.0 TR-Outdoor Fan Motor,1600,34,30,1
PRD2016,Cassette AC-3.0 TR-Outdoor Fan Blade,1500,34,30,1
PRD2017,Cassette AC-3.0 TR-Compressor capacitor,500,34,30,1
PRD2018,Cassette AC-3.0 TR-Outdoor fan capacitor,500,34,30,1
PRD2019,Cassette AC-3.0 TR-Contactor (Magnetic Switch),650,34,30,1
PRD2020,Cassette AC-3.0 TR-Compressor Start Relay,200,34,30,1
PRD2021,Cassette AC-3.0 TR-Overload Protector,250,34,30,1
PRD2022,Cassette AC-3.0 TR-High-Pressure Switch,2000,34,30,1
PRD2023,Cassette AC-3.0 TR-Low-Pressure Switch,1000,34,30,1
PRD2024,Cassette AC-3.0 TR-Service Valve,1150,34,30,1
PRD2025,Cassette AC-3.0 TR-Stop Valve (Gas),150,34,30,1
PRD2026,Cassette AC-3.0 TR-Stop Valve (Liquid Valves),150,34,30,1
PRD2027,Cassette AC-3.0 TR-Outdoor PCB (Control Board),2000,34,30,1
PRD2028,Cassette AC-3.0 TR-Outdoor Sensors,80,34,30,1
PRD2029,Cassette AC-3.0 TR-Thermistors (Temperature),500,34,30,1
PRD2030,Cassette AC-3.0 TR-Pressure,1,34,30,1
PRD2031,Cassette AC-3.0 TR-Outdoor Wiring Harness,150,34,30,1
PRD2032,Cassette AC-3.0 TR-Power Connector,250,34,30,1
PRD2033,Cassette AC-3.0 TR-Outdoor Unit Stand,500,34,30,1
PRD2034,Cassette AC-3.0 TR-Mounting Brackets,700,34,30,1
PRD2035,Cassette AC-3.0 TR-Anti-Vibration Rubber Pads,600,34,30,1
PRD2036,Cassette AC-3.0 TR-Mounts,500,34,30,1
PRD2037,Cassette AC-3.0 TR-Evaporator Coil (Indoor Cooling Coil),4500,34,30,1
PRD2038,Cassette AC-3.0 TR-Indoor Blower Motor (Centrifugal Fan Motor),2000,34,30,1
PRD2039,Cassette AC-3.0 TR-Indoor Blower Wheel,1500,34,30,1
PRD2040,Cassette AC-3.0 TR-Fan Blade,1,34,30,1
PRD2041,Cassette AC-3.0 TR-Indoor Control Board (Indoor PCB),3500,34,30,1
PRD2042,Cassette AC-3.0 TR-Display,1000,34,30,1
PRD2043,Cassette AC-3.0 TR-Control Panel Board,1,34,30,1
PRD2044,Cassette AC-3.0 TR-Remote Control,2500,34,30,1
PRD2045,Cassette AC-3.0 TR-Receiver Module (IR),1,34,30,1
PRD2046,Cassette AC-3.0 TR-Receiver Module (RF),1,34,30,1
PRD2047,Cassette AC-3.0 TR-Room & Coil Temperature Sensors,900,34,30,1
PRD2048,Cassette AC-3.0 TR-Thermistors,500,34,30,1
PRD2049,Cassette AC-3.0 TR-Air Filters (Removable),500,34,30,1
PRD2050,Cassette AC-3.0 TR-Air Filters (Washable Filters),500,34,30,1
PRD2051,Cassette AC-3.0 TR-Drain Pan,1,34,30,1
PRD2052,Cassette AC-3.0 TR-Condensate Tray,1,34,30,1
PRD2053,Cassette AC-3.0 TR-Drain Pipe,1,34,30,1
PRD2054,Cassette AC-3.0 TR-Drain Hose,1,34,30,1
PRD2055,Cassette AC-3.0 TR-Condensate Pump,1,34,30,1
PRD2056,Cassette AC-3.0 TR-Swing Motor,1000,34,30,1
PRD2057,Cassette AC-3.0 TR-Louver Actuator (Flap Motor),800,34,30,1
PRD2058,Cassette AC-3.0 TR-Ceiling Cassette Panel,1,34,30,1
PRD2059,Cassette AC-3.0 TR-Decorative Grill,1,34,30,1
PRD2060,Cassette AC-3.0 TR-Copper Refrigerant Pipes R-32,1,34,39,1
PRD2061,Cassette AC-3.0 TR-Copper Refrigerant Pipes R-22,1,34,39,1
PRD2062,Cassette AC-3.0 TR-Copper Refrigerant Pipes R-410,1,34,39,1
PRD2063,Cassette AC-3.0 TR-Expansion Device,2500,34,30,1
PRD2064,Cassette AC-3.0 TR-Capillary Tube,900,34,39,1
PRD2065,Cassette AC-3.0 TR-Thermostatic Expansion Valve (TXV),3750,34,30,1
PRD2066,Cassette AC-3.0 TR-Flare Nuts,250,34,30,1
PRD2067,Cassette AC-3.0 TR-Dead Nuts (Pipe Fittings),250,34,30,1
PRD2068,Cassette AC-3.0 TR-Pipe Insulation Sleeves,250,34,39,1
PRD2069,Cassette AC-3.0 TR-Fuses,300,34,30,1
PRD2070,Cassette AC-3.0 TR-Circuit Protectors,1,34,30,1
PRD2071,Cassette AC-3.0 TR-Contactors,400,34,30,1
PRD2072,Cassette AC-3.0 TR-Relays,700,34,30,1
PRD2073,Cassette AC-3.0 TR-Surge Protector,1500,34,30,1
PRD2074,Cassette AC-3.0 TR-Voltage Protector,800,34,30,1
PRD2075,Cassette AC-3.0 TR-Electrical Wires,120,34,39,1
PRD2076,Cassette AC-3.0 TR-Connectors,1500,34,30,1
PRD2077,Cassette AC-3.0 TR-Wiring Harness,150,34,30,1
PRD2078,Cassette AC-3.0 TR-Refrigerant Gas R-32,1200,34,23,1
PRD2079,Cassette AC-3.0 TR-Refrigerant Gas R-22,1200,34,36,1
PRD2080,Cassette AC-3.0 TR-Refrigerant Gas R-410,1200,34,36,1
PRD2081,Cassette AC-3.0 TR-Installation Fasteners,40,34,30,1
PRD2082,"Cassette AC-3.0 TR-Screws, Clips, Clamps",250,34,30,1
PRD2083,Cassette AC-3.0 TR-Pipe Insulation Material,1,34,30,1
PRD2084,Cassette AC-3.5 TR-Compressor (3.5 TR),2500,34,30,1
PRD2085,Cassette AC-3.5 TR-Condenser Coil,2500,34,30,1
PRD2086,Cassette AC-3.5 TR-Outdoor Heat-Exchange Coil,1800,34,30,1
PRD2087,Cassette AC-3.5 TR-Outdoor Fan Motor,1600,34,30,1
PRD2088,Cassette AC-3.5 TR-Outdoor Fan Blade,1500,34,30,1
PRD2089,Cassette AC-3.5 TR-Compressor capacitor,500,34,30,1
PRD2090,Cassette AC-3.5 TR-Outdoor fan capacitor,500,34,30,1
PRD2091,Cassette AC-3.5 TR-Contactor (Magnetic Switch),650,34,30,1
PRD2092,Cassette AC-3.5 TR-Compressor Start Relay,200,34,30,1
PRD2093,Cassette AC-3.5 TR-Overload Protector,250,34,30,1
PRD2094,Cassette AC-3.5 TR-High-Pressure Switch,2000,34,30,1
PRD2095,Cassette AC-3.5 TR-Low-Pressure Switch,1000,34,30,1
PRD2096,Cassette AC-3.5 TR-Service Valve,1150,34,30,1
PRD2097,Cassette AC-3.5 TR-Stop Valve (Gas),150,34,30,1
PRD2098,Cassette AC-3.5 TR-Stop Valve (Liquid Valves),150,34,30,1
PRD2099,Cassette AC-3.5 TR-Outdoor PCB (Control Board),2000,34,30,1
PRD2100,Cassette AC-3.5 TR-Outdoor Sensors,80,34,30,1
PRD2101,Cassette AC-3.5 TR-Thermistors (Temperature),500,34,30,1
PRD2102,Cassette AC-3.5 TR-Pressure,1,34,30,1
PRD2103,Cassette AC-3.5 TR-Outdoor Wiring Harness,150,34,30,1
PRD2104,Cassette AC-3.5 TR-Power Connector,250,34,30,1
PRD2105,Cassette AC-3.5 TR-Outdoor Unit Stand,500,34,30,1
PRD2106,Cassette AC-3.5 TR-Mounting Brackets,700,34,30,1
PRD2107,Cassette AC-3.5 TR-Anti-Vibration Rubber Pads,600,34,30,1
PRD2108,Cassette AC-3.5 TR-Mounts,500,34,30,1
PRD2109,Cassette AC-3.5 TR-Evaporator Coil (Indoor Cooling Coil),4500,34,30,1
PRD2110,Cassette AC-3.5 TR-Indoor Blower Motor (Centrifugal Fan Motor),2000,34,30,1
PRD2111,Cassette AC-3.5 TR-Indoor Blower Wheel,1500,34,30,1
PRD2112,Cassette AC-3.5 TR-Fan Blade,1,34,30,1
PRD2113,Cassette AC-3.5 TR-Indoor Control Board (Indoor PCB),3500,34,30,1
PRD2114,Cassette AC-3.5 TR-Display,1000,34,30,1
PRD2115,Cassette AC-3.5 TR-Control Panel Board,1,34,30,1
PRD2116,Cassette AC-3.5 TR-Remote Control,1,34,30,1
PRD2117,Cassette AC-3.5 TR-Receiver Module (IR),1,34,30,1
PRD2118,Cassette AC-3.5 TR-Receiver Module (RF),1,34,30,1
PRD2119,Cassette AC-3.5 TR-Room & Coil Temperature Sensors,900,34,30,1
PRD2120,Cassette AC-3.5 TR-Thermistors,500,34,30,1
PRD2121,Cassette AC-3.5 TR-Air Filters (Removable),500,34,30,1
PRD2122,Cassette AC-3.5 TR-Air Filters (Washable Filters),500,34,30,1
PRD2123,Cassette AC-3.5 TR-Drain Pan,1,34,30,1
PRD2124,Cassette AC-3.5 TR-Condensate Tray,1,34,30,1
PRD2125,Cassette AC-3.5 TR-Drain Pipe,1,34,30,1
PRD2126,Cassette AC-3.5 TR-Drain Hose,1,34,30,1
PRD2127,Cassette AC-3.5 TR-Condensate Pump,1,34,30,1
PRD2128,Cassette AC-3.5 TR-Swing Motor,1000,34,30,1
PRD2129,Cassette AC-3.5 TR-Louver Actuator (Flap Motor),800,34,30,1
PRD2130,Cassette AC-3.5 TR-Ceiling Cassette Panel,1,34,30,1
PRD2131,Cassette AC-3.5 TR-Decorative Grill,1,34,30,1
PRD2132,Cassette AC-3.5 TR-Copper Refrigerant Pipes R-32,1,34,39,1
PRD2133,Cassette AC-3.5 TR-Copper Refrigerant Pipes R-22,1,34,39,1
PRD2134,Cassette AC-3.5 TR-Copper Refrigerant Pipes R-410,1,34,30,1
PRD2135,Cassette AC-3.5 TR-Expansion Device,2500,34,30,1
PRD2136,Cassette AC-3.5 TR-Capillary Tube,900,34,30,1
PRD2137,Cassette AC-3.5 TR-Thermostatic Expansion Valve (TXV),3750,34,30,1
PRD2138,Cassette AC-3.5 TR-Flare Nuts,250,34,30,1
PRD2139,Cassette AC-3.5 TR-Dead Nuts (Pipe Fittings),250,34,30,1
PRD2140,Cassette AC-3.5 TR-Pipe Insulation Sleeves,250,34,39,1
PRD2141,Cassette AC-3.5 TR-Fuses,300,34,30,1
PRD2142,Cassette AC-3.5 TR-Circuit Protectors,1,34,30,1
PRD2143,Cassette AC-3.5 TR-Contactors,400,34,30,1
PRD2144,Cassette AC-3.5 TR-Relays,700,34,30,1
PRD2145,Cassette AC-3.5 TR-Surge Protector,1500,34,30,1
PRD2146,Cassette AC-3.5 TR-Voltage Protector,800,34,30,1
PRD2147,Cassette AC-3.5 TR-Electrical Wires,120,34,30,1
PRD2148,Cassette AC-3.5 TR-Connectors,1500,34,30,1
PRD2149,Cassette AC-3.5 TR-Refrigerant Gas R-32,1200,34,23,1
PRD2150,Cassette AC-3.5 TR-Refrigerant Gas R-22,1200,34,23,1
PRD2151,Cassette AC-3.5 TR-Refrigerant Gas R-410,1200,34,23,1
PRD2152,Cassette AC-3.5 TR-Installation Fasteners,40,34,30,1
PRD2153,"Cassette AC-3.5 TR-Screws, Clips, Clamps",250,34,30,1
PRD2154,Cassette AC-3.5 TR-Pipe Insulation Material,1,34,30,1
PRD2155,Cassette AC-4.0 TR -Compressor (4.0 TR),2500,34,30,1
PRD2156,Cassette AC-4.0 TR -Condenser Coil (Outdoor Heat-Exchange Coil),1800,34,30,1
PRD2157,Cassette AC-4.0 TR -Outdoor Fan Motor,1600,34,30,1
PRD2158,Cassette AC-4.0 TR -Outdoor Fan Blade,1500,34,30,1
PRD2159,Cassette AC-4.0 TR -Compressor capacitor,2500,34,30,1
PRD2160,Cassette AC-4.0 TR -Outdoor fan capacitor,500,34,30,1
PRD2161,Cassette AC-4.0 TR -Contactor (Magnetic Switch),650,34,30,1
PRD2162,Cassette AC-4.0 TR -Compressor Start Relay,200,34,30,1
PRD2163,Cassette AC-4.0 TR - Overload Protector,250,34,30,1
PRD2164,Cassette AC-4.0 TR -High-Pressure Switch,2000,34,30,1
PRD2165,Cassette AC-4.0 TR -Low-Pressure Switch,1000,34,30,1
PRD2166,Cassette AC-4.0 TR -Service Valve,1150,34,30,1
PRD2167,Cassette AC-4.0 TR -Stop Valve (Gas),150,34,30,1
PRD2168,Cassette AC-4.0 TR -Stop Valve (Liquid),150,34,30,1
PRD2169,Cassette AC-4.0 TR -Outdoor PCB (Control Board),2000,34,30,1
PRD2170,Cassette AC-4.0 TR -Outdoor Sensors,80,34,30,1
PRD2171,Cassette AC-4.0 TR -Thermistors (Temperature),500,34,30,1
PRD2172,Cassette AC-4.0 TR -Thermistors (Pressure),500,34,30,1
PRD2173,Cassette AC-4.0 TR -Outdoor Wiring Harness / Connectors,150,34,30,1
PRD2174,Cassette AC-4.0 TR -Outdoor Wiring Harness,150,34,30,1
PRD2175,Cassette AC-4.0 TR -Outdoor Unit Mounting Bracket,700,34,30,1
PRD2176,Cassette AC-4.0 TR -Outdoor Unit Mounting Stand,500,34,30,1
PRD2177,Cassette AC-4.0 TR -Anti-Vibration Rubber Pads,600,34,30,1
PRD2179,Cassette AC-4.0 TR -Anti-Vibration Rubber Mounts,500,34,30,1
PRD2180,Cassette AC-4.0 TR -Outdoor Protective Sheet Panels,1,34,30,1
PRD2181,Cassette AC-4.0 TR -Outdoor Protective Grille,800,34,30,1
PRD2182,Cassette AC-4.0 TR -Evaporator Coil (Indoor Cooling Coil),4500,34,30,1
PRD2183,Cassette AC-4.0 TR -Indoor Blower Fan Blades,1500,34,30,1
PRD2184,Cassette AC-4.0 TR -Indoor Blower Wheels,1500,34,30,1
PRD2186,Cassette AC-4.0 TR -Indoor PCB (Control Board),3500,34,30,1
PRD2187,Cassette AC-4.0 TR -Display,1000,34,30,1
PRD2188,Cassette AC-4.0 TR -Control Panel Board,1,34,30,1
PRD2189,Cassette AC-4.0 TR -Remote Control & Receiver Module (IR),2500,34,30,1
PRD2190,Cassette AC-4.0 TR -Room & Coil Temperature Thermistors,500,34,30,1
PRD2191,Cassette AC-4.0 TR -Room & Coil Temperature Sensors,900,34,30,1
PRD2192,Cassette AC-4.0 TR -Air Filters (Rechargeable),500,34,30,1
PRD2193,Cassette AC-4.0 TR -Air Filters (Washable),500,34,30,1
PRD2194,Cassette AC-4.0 TR -Air Filters (Removable),500,34,30,1
PRD2195,Cassette AC-4.0 TR -Drain Pan,1,34,30,1
PRD2196,Cassette AC-4.0 TR -Condensate Tray,1,34,30,1
PRD2197,Cassette AC-4.0 TR -Drain Pipe,1,34,30,1
PRD2198,Cassette AC-4.0 TR - Drain Hose,1,34,30,1
PRD2199,Cassette AC-4.0 TR -Condensate Pump,1,34,30,1
PRD2200,Cassette AC-4.0 TR -Flap,1,34,30,1
PRD2201,Cassette AC-4.0 TR - Louver Assembly (Horizontal),1,34,30,1
PRD2202,Cassette AC-4.0 TR - Louver Assembly (Vertical Louvers),1,34,30,1
PRD2203,Cassette AC-4.0 TR -Swing Motor,1000,34,30,1
PRD2204,Cassette AC-4.0 TR - Louver Actuator,800,34,30,1
PRD2205,Cassette AC-4.0 TR -Cassette Ceiling Panel,1,34,30,1
PRD2206,Cassette AC-4.0 TR -Decorative Grill,1,34,30,1
PRD2207,Cassette AC-4.0 TR -Copper Refrigerant Pipes (Liquid ),1,34,39,1
PRD2208,Cassette AC-4.0 TR -Copper Refrigerant Pipes (Suction Lines),1,34,39,1
PRD2209,Cassette AC-4.0 TR -Expansion Device,2500,34,30,1
PRD2210,Cassette AC-4.0 TR -Capillary Tube,900,34,30,1
PRD2211,Cassette AC-4.0 TR -Thermostatic Expansion Valve,1,34,30,1
PRD2212,Cassette AC-4.0 TR -Flare Nuts,250,34,30,1
PRD2213,Cassette AC-4.0 TR -Dead Nuts (Pipe Fittings),250,34,30,1
PRD2214,Cassette AC-4.0 TR -Pipe Insulation Sleeves,250,34,39,1
PRD2215,Cassette AC-4.0 TR -Refrigerant Gas -R22,1200,34,36,1
PRD2216,Cassette AC-4.0 TR -Refrigerant Gas -R410,1200,34,23,1
PRD2217,Cassette AC-4.0 TR -Refrigerant Gas -R32,1200,34,30,1
PRD2218,Cassette AC-4.0 TR -Fuses,300,34,30,1
PRD2219,Cassette AC-4.0 TR -Circuit Protectors,1,34,30,1
PRD2220,Cassette AC-4.0 TR -Relays & Contactors (Indoor ),700,34,30,1
PRD2221,Cassette AC-4.0 TR -Relays & Contactors ( Outdoor),700,34,30,1
PRD2222,Cassette AC-4.0 TR -Surge Protector,1500,34,30,1
PRD2223,Cassette AC-4.0 TR -Voltage Protector (Optional Accessory),800,34,30,1
PRD2224,Cassette AC-4.0 TR -Electrical Wires,120,34,30,1
PRD2225,Cassette AC-4.0 TR -Connectors,1500,34,30,1
PRD2226,Cassette AC-4.0 TR -Wiring Harnesses,150,34,30,1
PRD2227,Cassette AC-4.0 TR -Terminal Blocks,30,34,30,1
PRD2228,Cassette AC-4.0 TR -Connection Plugs,1,34,30,1
PRD2229,"Cassette AC-4.0 TR -Installation Fasteners (Screws, Clips, Clamps)",250,34,30,1
PRD2230,Cassette AC-4.0 TR -Pipe Insulation Material,1,34,30,1
PRD2231,Cassette AC-4.0 TR -Refrigerant Charging Gauges (service),1,34,30,1
PRD2232,Cassette AC-4.0 TR -Refrigerant Charging Valves,800,34,30,1
PRD2233,Ductable AC-1.5 TR-Compressor (1.5 TR),2500,34,30,1
PRD2234,Ductable AC-1.5 TR-Condenser Coil (Outdoor Heat-Exchange Coil),1800,34,30,1
PRD2235,Ductable AC-1.5 TR-Outdoor Fan Motor,1600,34,30,1
PRD2236,Ductable AC-1.5 TR-Outdoor Fan Blade,1500,34,30,1
PRD2237,Ductable AC-1.5 TR-Compressor capacitor,400,34,30,1
PRD2238,Ductable AC-1.5 TR-Outdoor fan capacitor,350,34,30,1
PRD2239,Ductable AC-1.5 TR-Contactor (Magnetic Switch),650,34,30,1
PRD2240,Ductable AC-1.5 TR-Compressor Overload Protector,250,34,30,1
PRD2241,Ductable AC-1.5 TR-Compressor Start Relay,200,34,30,1
PRD2242,Ductable AC-1.5 TR- Overload Protector,250,34,30,1
PRD2243,Ductable AC-1.5 TR-High-Pressure Switch,2000,34,30,1
PRD2244,Ductable AC-1.5 TR-Low-Pressure Switch,1000,34,30,1
PRD2245,Ductable AC-1.5 TR-Service Valve (Liquid Valves),1150,34,30,1
PRD2246,Ductable AC-1.5 TR-Stop Valve (Gas ),100,34,30,1
PRD2247,Ductable AC-1.5 TR-Outdoor PCB (Control Board),1500,34,30,1
PRD2248,Ductable AC-1.5 TR-Outdoor Sensors,80,34,30,1
PRD2249,Ductable AC-1.5 TR-Thermistors (Temperature),500,34,30,1
PRD2250,Ductable AC-1.5 TR-Thermistors (Pressure),500,34,30,1
PRD2251,Ductable AC-1.5 TR-Outdoor Wiring Harness,150,34,30,1
PRD2252,Ductable AC-1.5 TR-Outdoor Wiring Connectors,1500,34,30,1
PRD2253,Ductable AC-1.5 TR-Outdoor Mounting Bracket,500,34,30,1
PRD2254,Ductable AC-1.5 TR-Outdoor Mounting Stand,800,34,30,1
PRD2255,Ductable AC-1.5 TR-Evaporator Coil (Indoor Cooling Coil),4500,34,30,1
PRD2256,Ductable AC-1.5 TR-Indoor Blower Motor (Centrifugal),800,34,30,1
PRD2257,Ductable AC-1.5 TR-Indoor Blower Motor (EB Motor),800,34,30,1
PRD2258,Ductable AC-1.5 TR- Blower Wheel,1500,34,30,1
PRD2259,Ductable AC-1.5 TR-Indoor Fan,2500,34,30,1
PRD2260,Ductable AC-1.5 TR-Indoor PCB (Control Board),2500,34,30,1
PRD2261,Ductable AC-1.5 TR-Control Panel Board (for thermostat/controller),1,34,30,1
PRD2262,Ductable AC-1.5 TR-Display,1000,34,30,1
PRD2263,Ductable AC-1.5 TR-Control Panel Board (for thermostat),1,34,30,1
PRD2264,Ductable AC-1.5 TR-Control Panel Board (controller),1,34,30,1
PRD2265,Ductable AC-1.5 TR-Remote,1,34,30,1
PRD2266,Ductable AC-1.5 TR-Wired Controller & Receiver Module,1,34,30,1
PRD2267,Ductable AC-1.5 TR-Temperature Sensors,900,34,30,1
PRD2268,Ductable AC-1.5 TR- Thermistors ( Coil),500,34,30,1
PRD2269,Ductable AC-1.5 TR-Air Filters (Washable),500,34,30,1
PRD2270,Ductable AC-1.5 TR-Air Filters ( Replaceable),500,34,30,1
PRD2271,Ductable AC-1.5 TR-Drain Pan,1,34,30,1
PRD2272,Ductable AC-1.5 TR-Drain Pipe,1,34,30,1
PRD2273,Ductable AC-1.5 TR-Condensate Pump,1,34,30,1
PRD2274,Ductable AC-1.5 TR-Access Panel,1,34,30,1
PRD2275,Ductable AC-1.5 TR- Duct Plenum Parts,1,34,30,1
PRD2276,Ductable AC-1.5 TR-Flexible Duct Connectors,1500,34,30,1
PRD2277,Ductable AC-1.5 TR-Insulated Duct Parts,1,34,30,1
PRD2278,Ductable AC-1.5 TR-Fuses,300,34,30,1
PRD2279,Ductable AC-1.5 TR-Circuit Protectors,1,34,30,1
PRD2280,Ductable AC-1.5 TR-Relays (Indoor ),500,34,30,1
PRD2281,Ductable AC-1.5 TR-Relays (Outdoor),500,34,30,1
PRD2282,Ductable AC-1.5 TR-Contactors (Indoor),400,34,30,1
PRD2283,Ductable AC-1.5 TR-Contactors (Outdoor),400,34,30,1
PRD2284,Ductable AC-1.5 TR-Surge Protector,1200,34,30,1
PRD2285,Ductable AC-1.5 TR-Voltage Protector,800,34,30,1
PRD2286,Ductable AC-1.5 TR-Electrical Wires,120,34,30,1
PRD2287,Ductable AC-1.5 TR-Connectors,1500,34,30,1
PRD2288,Ductable AC-1.5 TR-Wiring Harnesses,150,34,39,1
PRD2289,Ductable AC-1.5 TR-Terminal Blocks,30,34,30,1
PRD2290,Ductable AC-1.5 TR-Connection Plugs,1,34,30,1
PRD2291,Ductable AC-1.5 TR-Refrigerant Gas R-410,1200,34,23,1
PRD2292,Ductable AC-1.5 TR-Refrigerant Gas R-22,1200,34,23,1
PRD2293,Ductable AC-1.5 TR-Refrigerant Gas -R32,1200,34,23,1
PRD2294,Ductable AC-1.5 TR-Installation Fasteners,40,34,30,1
PRD2295,"Ductable AC-1.5 TR-(Screws, Clips, Clamps)",250,34,30,1
PRD2296,Ductable AC-1.5 TR-Pipe Insulation Material,1,34,30,1
PRD2297,Ductable AC-1.5 TR-Vacuum Pump,1200,34,30,1
PRD2298,Ductable AC-1.5 TR-Charging Valves,800,34,30,1
PRD2299,Ductable AC-2.0 TR-Compressor (2.0 TR),2500,34,30,1
PRD2300,Ductable AC-2.0 TR-Condenser Coil (Outdoor Heat-Exchange Coil),1800,34,30,1
PRD2301,Ductable AC-2.0 TR-Outdoor Fan Motor,1600,34,30,1
PRD2302,Ductable AC-2.0 TR-Outdoor Fan Blade,1500,34,30,1
PRD2303,Ductable AC-2.0 TR-Compressor capacitor,400,34,30,1
PRD2304,Ductable AC-2.0 TR-Outdoor fan capacitor,500,34,30,1
PRD2305,Ductable AC-2.0 TR-Contactor (Magnetic Switch),650,34,30,1
PRD2306,Ductable AC-2.0 TR-Overload Protector,250,34,30,1
PRD2307,Ductable AC-2.0 TR-Compressor Start Relay,200,34,30,1
PRD2308,Ductable AC-2.0 TR- Overload Protector,250,34,30,1
PRD2309,Ductable AC-2.0 TR-High-Pressure Switch,2000,34,30,1
PRD2310,Ductable AC-2.0 TR-Low-Pressure Switch,1000,34,30,1
PRD2311,Ductable AC-2.0 TR-Service Valve (Liquid Valves),1,34,30,1
PRD2312,Ductable AC-2.0 TR-Stop Valve (Gas ),150,34,30,1
PRD2313,Ductable AC-2.0 TR-Outdoor PCB (Control Board),1500,34,30,1
PRD2314,Ductable AC-2.0 TR-Outdoor Sensors,80,34,30,1
PRD2315,Ductable AC-2.0 TR-Thermistors (Temperature),500,34,30,1
PRD2316,Ductable AC-2.0 TR-Thermistors (Pressure),500,34,30,1
PRD2317,Ductable AC-2.0 TR-Outdoor Wiring Harness,150,34,30,1
PRD2318,Ductable AC-2.0 TR-Outdoor Wiring Connectors,1500,34,30,1
PRD2319,Ductable AC-2.0 TR-Outdoor Mounting Bracket,500,34,30,1
PRD2320,Ductable AC-2.0 TR-Outdoor Mounting Stand,800,34,30,1
PRD2321,Ductable AC-2.0 TR-Evaporator Coil (Indoor Cooling Coil),4500,34,30,1
PRD2322,Ductable AC-2.0 TR-Indoor Blower Motor (Centrifugal / EB Motor),2000,34,30,1
PRD2323,Ductable AC-2.0 TR-Indoor Blower Motor (EB Motor),2000,34,30,1
PRD2324,Ductable AC-2.0 TR- Blower Wheel,1500,34,30,1
PRD2325,Ductable AC-2.0 TR-Indoor Fan,2500,34,30,1
PRD2326,Ductable AC-2.0 TR-Indoor PCB (Control Board),2500,34,30,1
PRD2327,Ductable AC-2.0 TR-Display -Control Panel Board,3500,34,30,1
PRD2328,Ductable AC-2.0 TR-Control Panel Board (for thermostat),1,34,30,1
PRD2329,Ductable AC-2.0 TR-Control Panel Board (controller),1,34,30,1
PRD2330,Ductable AC-2.0 TR-Remote,1,34,30,1
PRD2331,Ductable AC-2.0 TR-Wired Controller & Receiver Module,1,34,30,1
PRD2332,Ductable AC-2.0 TR-Temperature Sensors,900,34,30,1
PRD2333,Ductable AC-2.0 TR- Thermistors ( Coil),500,34,30,1
PRD2334,Ductable AC-2.0 TR-Air Filters (Washable),500,34,30,1
PRD2335,Ductable AC-2.0 TR-Air Filters ( Replaceable),500,34,30,1
PRD2336,Ductable AC-2.0 TR-Drain Pan,1,34,30,1
PRD2337,Ductable AC-2.0 TR-Drain Pipe,1,34,30,1
PRD2338,Ductable AC-2.0 TR-Condensate Pump,1,34,30,1
PRD2339,Ductable AC-2.0 TR-Access Panel,1,34,30,1
PRD2340,Ductable AC-2.0 TR- Duct Plenum Parts,1,34,30,1
PRD2341,Ductable AC-2.0 TR-Flexible Duct Connectors,1500,34,30,1
PRD2342,Ductable AC-2.0 TR-Insulated Duct Parts,1,34,30,1
PRD2343,Ductable AC-2.0 TR-Fuses,300,34,30,1
PRD2344,Ductable AC-2.0 TR-Circuit Protectors,1,34,30,1
PRD2345,Ductable AC-2.0 TR-Relays (Indoor ),700,34,30,1
PRD2346,Ductable AC-2.0 TR-Relays (Outdoor),700,34,30,1
PRD2347,Ductable AC-2.0 TR-Contactors (Indoor),400,34,30,1
PRD2348,Ductable AC-2.0 TR-Contactors (Outdoor),400,34,30,1
PRD2349,Ductable AC-2.0 TR-Surge Protector,1200,34,30,1
PRD2350,Ductable AC-2.0 TR-Voltage Protector,800,34,30,1
PRD2351,Ductable AC-2.0 TR-Electrical Wires,120,34,39,1
PRD2352,Ductable AC-2.0 TR-Connectors,1500,34,30,1
PRD2353,Ductable AC-2.0 TR-Wiring Harnesses,150,34,30,1
PRD2354,Ductable AC-2.0 TR-Terminal Blocks,30,34,30,1
PRD2355,Ductable AC-2.0 TR-Connection Plugs,1,34,30,1
PRD2356,Ductable AC-2.0 TR-Refrigerant Gas R-410,1200,34,23,1
PRD2357,Ductable AC-2.0 TR-Refrigerant Gas R-22,1200,34,23,1
PRD2358,Ductable AC-2.0 TR-Refrigerant Gas -R32,1200,34,23,1
PRD2359,Ductable AC-2.0 TR-Installation Fasteners,40,34,30,1
PRD2360,"Ductable AC-2.0 TR-(Screws, Clips, Clamps)",250,34,30,1
PRD2361,Ductable AC-2.0 TR-Pipe Insulation Material,1,34,30,1
PRD2362,Ductable AC-2.0 TR-Vacuum Pump,1200,34,30,1
PRD2363,Ductable AC-2.0 TR-Charging Valves,800,34,30,1
PRD2364,Ductable AC-2.5 TR-Compressor (2.5 TR),2500,34,30,1
PRD2365,Ductable AC-2.5 TR-Condenser Coil (Outdoor Heat-Exchange Coil),1800,34,30,1
PRD2366,Ductable AC-2.5 TR-Outdoor Fan Motor,1600,34,30,1
PRD2367,Ductable AC-2.5 TR-Outdoor Fan Blade,1500,34,30,1
PRD2368,Ductable AC-2.5 TR-Compressor capacitor,400,34,30,1
PRD2369,Ductable AC-2.5 TR-Outdoor fan capacitor,500,34,30,1
PRD2370,Ductable AC-2.5 TR-Contactor (Magnetic Switch),650,34,30,1
PRD2371,Ductable AC-2.5 TR-Compressor Start Relay / Overload Protector,250,34,30,1
PRD2372,Ductable AC-2.5 TR- Overload Protector,250,34,30,1
PRD2373,Ductable AC-2.5 TR-High-Pressure Switch,2000,34,30,1
PRD2374,Ductable AC-2.5 TR-Low-Pressure Switch,700,34,30,1
PRD2375,Ductable AC-2.5 TR-Service Valve (Liquid Valves),1,34,30,1
PRD2376,Ductable AC-2.5 TR-Stop Valve (Gas ),150,34,30,1
PRD2377,Ductable AC-2.5 TR-Outdoor PCB (Control Board),1500,34,30,1
PRD2378,Ductable AC-2.5 TR-Outdoor Sensors,80,34,30,1
PRD2379,Ductable AC-2.5 TR-Thermistors (Temperature),500,34,30,1
PRD2380,Ductable AC-2.5 TR-Thermistors (Pressure),500,34,30,1
PRD2381,Ductable AC-2.5 TR-Outdoor Wiring Harness,150,34,30,1
PRD2382,Ductable AC-2.5 TR-Outdoor Wiring Connectors,1500,34,30,1
PRD2383,Ductable AC-2.5 TR-Outdoor Mounting Bracket,500,34,30,1
PRD2384,Ductable AC-2.5 TR-Outdoor Mounting Stand,800,34,30,1
PRD2385,Ductable AC-2.5 TR-Evaporator Coil (Indoor Cooling Coil),4500,34,30,1
PRD2386,Ductable AC-2.5 TR-Indoor Blower Motor (Centrifugal / EB Motor),3800,34,30,1
PRD2387,Ductable AC-2.5 TR-Indoor Blower Motor (EB Motor),3800,34,30,1
PRD2388,Ductable AC-2.5 TR- Blower Wheel,1500,34,30,1
PRD2389,Ductable AC-2.5 TR-Indoor Fan,2500,34,30,1
PRD2390,Ductable AC-2.5 TR-Display,1000,34,30,1
PRD2391,Ductable AC-2.5 TR-Control Panel Board (for thermostat),1,34,30,1
PRD2392,Ductable AC-2.5 TR-Control Panel Board (controller),1,34,30,1
PRD2393,Ductable AC-2.5 TR-Remote,1,34,30,1
PRD2394,Ductable AC-2.5 TR-Wired Controller & Receiver Module,1,34,30,1
PRD2395,Ductable AC-2.5 TR-Temperature Sensors,900,34,30,1
PRD2396,Ductable AC-2.5 TR- Thermistors ( Coil),500,34,30,1
PRD2397,Ductable AC-2.5 TR-Air Filters (Washable),1,34,30,1
PRD2398,Ductable AC-2.5 TR-Air Filters ( Replaceable),1,34,30,1
PRD2399,Ductable AC-2.5 TR-Drain Pan,1,34,30,1
PRD2400,Ductable AC-2.5 TR-Drain Pipe,1,34,30,1
PRD2401,Ductable AC-2.5 TR-Condensate Pump,1,34,30,1
PRD2402,Ductable AC-2.5 TR-Access Panel,1,34,30,1
PRD2403,Ductable AC-2.5 TR- Duct Plenum Parts,1,34,30,1
PRD2404,Ductable AC-2.5 TR-Flexible Duct Connectors,1500,34,30,1
PRD2405,Ductable AC-2.5 TR-Insulated Duct Parts,1,34,30,1
PRD2406,Ductable AC-2.5 TR-Fuses,300,34,30,1
PRD2407,Ductable AC-2.5 TR-Circuit Protectors,1,34,30,1
PRD2408,Ductable AC-2.5 TR-Relays (Outdoor),700,34,30,1
PRD2409,Ductable AC-2.5 TR-Contactors (Indoor),400,34,30,1
PRD2410,Ductable AC-2.5 TR-Contactors (Outdoor),400,34,30,1
PRD2411,Ductable AC-2.5 TR-Surge Protector,1500,34,30,1
PRD2412,Ductable AC-2.5 TR-Voltage Protector,800,34,30,1
PRD2413,Ductable AC-2.5 TR-Electrical Wires,120,34,39,1
PRD2414,Ductable AC-2.5 TR-Connectors,1500,34,30,1
PRD2415,Ductable AC-2.5 TR-Terminal Blocks,30,34,30,1
PRD2416,Ductable AC-2.5 TR-Connection Plugs,1,34,30,1
PRD2417,Ductable AC-2.5 TR-Refrigerant Gas R-410,1200,34,23,1
PRD2418,Ductable AC-2.5 TR-Refrigerant Gas R-22,1200,34,23,1
PRD2419,Ductable AC-2.5 TR-Installation Fasteners,40,34,30,1
PRD2420,"Ductable AC-2.5 TR-(Screws, Clips, Clamps)",250,34,30,1
PRD2421,Ductable AC-2.5 TR-Pipe Insulation Material,1,34,30,1
PRD2422,Ductable AC-2.5 TR-Vacuum Pump,1200,34,30,1
PRD2423,Ductable AC-2.5 TR-Charging Valves,800,34,30,1
PRD2424,Ductable AC-3.0 TR-Compressor (3.0 TR),2500,34,30,1
PRD2425,Ductable AC-3.0 TR-Condenser Coil (Outdoor Heat-Exchange Coil),1800,34,30,1
PRD2426,Ductable AC-3.0 TR-Outdoor Fan Motor,1600,34,30,1
PRD2427,Ductable AC-3.0 TR-Outdoor Fan Blade,1500,34,30,1
PRD2428,Ductable AC-3.0 TR-Compressor capacitor,500,34,30,1
PRD2429,Ductable AC-3.0 TR-Outdoor fan capacitor,500,34,30,1
PRD2430,Ductable AC-3.0 TR-Contactor (Magnetic Switch),650,34,30,1
PRD2431,Ductable AC-3.0 TR-Compressor Start Relay / Overload Protector,250,34,30,1
PRD2432,Ductable AC-3.0 TR- Overload Protector,250,34,30,1
PRD2433,Ductable AC-3.0 TR-High-Pressure Switch,2000,34,30,1
PRD2434,Ductable AC-3.0 TR-Low-Pressure Switch,1000,34,30,1
PRD2435,Ductable AC-3.0 TR-Service Valve (Liquid Valves),1,34,30,1
PRD2436,Ductable AC-3.0 TR-Stop Valve (Gas ),150,34,30,1
PRD2437,Ductable AC-3.0 TR-Outdoor PCB (Control Board),2000,34,30,1
PRD2438,Ductable AC-3.0 TR-Outdoor Sensors,80,34,30,1
PRD2439,Ductable AC-3.0 TR-Thermistors (Temperature),500,34,30,1
PRD2440,Ductable AC-3.0 TR-Thermistors (Pressure),500,34,30,1
PRD2441,Ductable AC-3.0 TR-Outdoor Wiring Connectors,1500,34,30,1
PRD2442,Ductable AC-3.0 TR-Outdoor Mounting Bracket,700,34,30,1
PRD2443,Ductable AC-3.0 TR-Outdoor Mounting Stand,800,34,30,1
PRD2444,Ductable AC-3.0 TR-Evaporator Coil (Indoor Cooling Coil),4500,34,30,1
PRD2445,Ductable AC-3.0 TR-Indoor Blower Motor (Centrifugal / EB Motor),3800,34,30,1
PRD2446,Ductable AC-3.0 TR-Indoor Blower Motor (EB Motor),3800,34,30,1
PRD2447,Ductable AC-3.0 TR- Blower Wheel,1500,34,30,1
PRD2448,Ductable AC-3.0 TR-Indoor Fan,2500,34,30,1
PRD2449,Ductable AC-3.0 TR-Indoor PCB (Control Board),2500,34,30,1
PRD2450,Ductable AC-3.0 TR-Display / Control Panel Board (for thermostat/controller),4800,34,30,1
PRD2451,Ductable AC-3.0 TR-Control Panel Board (for thermostat),1,34,30,1
PRD2452,Ductable AC-3.0 TR-Control Panel Board (controller),1,34,30,1
PRD2453,Ductable AC-3.0 TR-Remote,1,34,30,1
PRD2454,Ductable AC-3.0 TR-Wired Controller & Receiver Module,1,34,30,1
PRD2455,Ductable AC-3.0 TR-Temperature Sensors,900,34,30,1
PRD2456,Ductable AC-3.0 TR- Thermistors ( Coil),500,34,30,1
PRD2457,Ductable AC-3.0 TR-Air Filters (Washable),1,34,30,1
PRD2458,Ductable AC-3.0 TR-Air Filters ( Replaceable),1,34,30,1
PRD2459,Ductable AC-3.0 TR-Drain Pan,1,34,30,1
PRD2460,Ductable AC-3.0 TR-Drain Pipe,1,34,39,1
PRD2461,Ductable AC-3.0 TR-Condensate Pump,1,34,30,1
PRD2462,Ductable AC-3.0 TR-Access Panel,1,34,30,1
PRD2463,Ductable AC-3.0 TR- Duct Plenum Parts,1,34,30,1
PRD2464,Ductable AC-3.0 TR-Flexible Duct Connectors,1500,34,30,1
PRD2465,Ductable AC-3.0 TR-Insulated Duct Parts,1,34,30,1
PRD2466,Ductable AC-3.0 TR-Fuses,300,34,30,1
PRD2467,Ductable AC-3.0 TR-Circuit Protectors,1,34,30,1
PRD2468,Ductable AC-3.0 TR-Relays (Indoor ),500,34,30,1
PRD2469,Ductable AC-3.0 TR-Relays (Outdoor),700,34,30,1
PRD2470,Ductable AC-3.0 TR-Contactors (Indoor),400,34,30,1
PRD2471,Ductable AC-3.0 TR-Contactors (Outdoor),400,34,30,1
PRD2472,Ductable AC-3.0 TR-Surge Protector,1500,34,30,1
PRD2473,Ductable AC-3.0 TR-Voltage Protector,800,34,30,1
PRD2474,Ductable AC-3.0 TR-Electrical Wires,120,34,30,1
PRD2475,Ductable AC-3.0 TR-Connectors,1500,34,30,1
PRD2476,Ductable AC-3.0 TR-Terminal Blocks,30,34,30,1
PRD2477,Ductable AC-3.0 TR-Connection Plugs,1,34,30,1
PRD2478,Ductable AC-3.0 TR-Refrigerant Gas R-410,1200,34,23,1
PRD2479,Ductable AC-3.0 TR-Refrigerant Gas R-22,1200,34,36,1
PRD2480,Ductable AC-3.0 TR-Refrigerant Gas -R32,1200,34,23,1
PRD2481,Ductable AC-3.0 TR-Installation Fasteners,40,34,30,1
PRD2482,"Ductable AC-3.0 TR-(Screws, Clips, Clamps)",250,34,30,1
PRD2483,Ductable AC-3.0 TR-Pipe Insulation Material,1,34,30,1
PRD2484,Ductable AC-3.0 TR-Vacuum Pump,1200,34,30,1
PRD2485,Ductable AC-3.0 TR-Charging Valves,800,34,30,1
PRD2486,Ductable AC-3.5 TR-Compressor (3.5 TR),2500,34,30,1
PRD2487,Ductable AC-3.5 TR-Condenser Coil (Outdoor Heat-Exchange Coil),1800,34,30,1
PRD2488,Ductable AC-3.5 TR-Outdoor Fan Motor,1600,34,30,1
PRD2489,Ductable AC-3.5 TR-Outdoor Fan Blade,1500,34,30,1
PRD2490,Ductable AC-3.5 TR-Compressor capacitor,500,34,30,1
PRD2491,Ductable AC-3.5 TR-Outdoor fan capacitor,500,34,30,1
PRD2492,Ductable AC-3.5 TR-Contactor (Magnetic Switch),650,34,30,1
PRD2493,Ductable AC-3.5 TR-Compressor Start Relay OR Overload Protector,250,34,30,1
PRD2494,Ductable AC-3.5 TR- Overload Protector,250,34,30,1
PRD2495,Ductable AC-3.5 TR-High-Pressure Switch,2000,34,30,1
PRD2496,Ductable AC-3.5 TR-Low-Pressure Switch,1000,34,30,1
PRD2497,Ductable AC-3.5 TR-Service Valve (Liquid Valves),1,34,30,1
PRD2498,Ductable AC-3.5 TR-Stop Valve,150,34,30,1
PRD2499,Ductable AC-3.5 TR-Outdoor PCB (Control Board),2000,34,30,1
PRD2500,Ductable AC-3.5 TR-Outdoor Sensors,80,34,30,1
PRD2501,Ductable AC-3.5 TR-Thermistors (Temperature),500,34,30,1
PRD2502,Ductable AC-3.5 TR-Thermistors (Pressure),500,34,30,1
PRD2503,Ductable AC-3.5 TR-Outdoor Wiring Harness,150,34,30,1
PRD2504,Ductable AC-3.5 TR-Outdoor Wiring Connectors,1500,34,30,1
PRD2505,Ductable AC-3.5 TR-Outdoor Mounting Bracket,700,34,30,1
PRD2506,Ductable AC-3.5 TR-Outdoor Mounting Stand,800,34,30,1
PRD2507,Ductable AC-3.5 TR-Evaporator Coil (Indoor Cooling Coil),4500,34,30,1
PRD2508,Ductable AC-3.5 TR-Indoor Blower Motor (Centrifugal OR EB Motor),3800,34,30,1
PRD2509,Ductable AC-3.5 TR-Indoor Blower Motor (EB Motor),3800,34,30,1
PRD2510,Ductable AC-3.5 TR- Blower Wheel,1500,34,30,1
PRD2511,Ductable AC-3.5 TR-Indoor Fan,2500,34,30,1
PRD2512,Ductable AC-3.5 TR-Indoor PCB (Control Board),2500,34,30,1
PRD2513,Ductable AC-3.5 TR-Display - Control Panel Board (for thermostat/controller),4800,34,30,1
PRD2514,Ductable AC-3.5 TR-Control Panel Board (for thermostat),1,34,30,1
PRD2516,Ductable AC-3.5 TR-Control Panel Board (controller),1,34,30,1
PRD2517,Ductable AC-3.5 TR-Remote,1,34,30,1
PRD2518,Ductable AC-3.5 TR-Wired Controller & Receiver Module,1,34,30,1
PRD2519,Ductable AC-3.5 TR-Temperature Sensors,900,34,30,1
PRD2520,Ductable AC-3.5 TR- Thermistor ( Coil),500,34,30,1
PRD2521,Ductable AC-3.5 TR-Air Filters (Washable),1,34,30,1
PRD2522,Ductable AC-3.5 TR-Air Filters ( Replaceable),1,34,30,1
PRD2523,Ductable AC-3.5 TR-Drain Pan,1,34,30,1
PRD2524,Ductable AC-3.5 TR-Drain Pipe,1,34,39,1
PRD2525,Ductable AC-3.5 TR-Condensate Pump,1,34,30,1
PRD2526,Ductable AC-3.5 TR-Access Panel,1,34,30,1
PRD2527,Ductable AC-3.5 TR- Duct Plenum Parts,1,34,30,1
PRD2528,Ductable AC-3.5 TR-Flexible Duct Connectors,1500,34,30,1
PRD2529,Ductable AC-3.5 TR-Insulated Duct Parts,1,34,30,1
PRD2530,Ductable AC-3.5 TR-Fuses,300,34,30,1
PRD2531,Ductable AC-3.5 TR-Circuit Protectors,1,34,30,1
PRD2532,Ductable AC-3.5 TR-Relays (Indoor ),700,34,30,1
PRD2533,Ductable AC-3.5 TR-Relays (Outdoor),700,34,30,1
PRD2534,Ductable AC-3.5 TR-Contactors (Indoor),400,34,30,1
PRD2535,Ductable AC-3.5 TR-Contactors (Outdoor),400,34,30,1
PRD2536,Ductable AC-3.5 TR-Surge Protector,1500,34,30,1
PRD2537,Ductable AC-3.5 TR-Voltage Protector,800,34,30,1
PRD2538,Ductable AC-3.5 TR-Electrical Wires,120,34,30,1
PRD2539,Ductable AC-3.5 TR-Connectors,1500,34,30,1
PRD2540,GST - Smoke detector cover,1,8,30,1
PRD2541,CP Plus - HD Dome Camera 2.4 MP,1,8,30,1
PRD2542,CP Plus - HD Bullet Camera 2.4 MP,1,8,30,1
PRD2543,CP Plus - IP Dome camera 2MP,1,8,30,1
PRD2544,CP Plus - IP Bullet camera 2MP,1,8,30,1
PRD2545,CP Plus - IP Dome camera 4MP,1,34,30,1
PRD2546,CP Plus - IP Bullet camera 4MP,1,8,30,1
PRD2547,CP Plus - DVR 16 Channel,1,8,30,1
PRD2548,CP Plus - DVR 32 Channel,1,8,30,1
PRD2549,CP Plus - DVR 4 Channel,1,8,30,1
PRD2550,CP Plus - DVR 8 Channel,1,8,30,1
PRD2551,CP Plus - NVR 16 Channel,1,8,30,1
PRD2552,CP Plus - NVR 32 Channel,1,8,30,1
PRD2553,CP Plus - NVR 4 Channel,1,8,30,1
PRD2554,CP Plus - NVR 8 Channel,1,8,30,1
PRD2555,Seagate - HDD 1 TB,1,8,30,1
PRD2556,Seagate - HDD 2 TB,1,8,30,1
PRD2557,Seagate - HDD 4 TB,1,8,30,1
PRD2558,Seagate - HDD 6 TB,1,8,30,1
PRD2559,Seagate - HDD 8 TB,1,8,30,1
PRD2560,Seagate - HDD 10 TB,1,8,30,1
PRD2561,CP Plus - SMPS for CCTV 4,1,8,30,1
PRD2562,CP Plus - SMPS for CCTV 8,1,8,30,1
PRD2563,CP Plus - SMPS for CCTV 16,1,8,30,1
PRD2564,CP Plus - SMPS for CCTV 32,1,8,30,1
PRD2565,D-Link - CCTV Cable -HD Camera,1,8,30,1
PRD2566,D-Link - CCTV Cable -IP Camera,1,8,30,1
PRD2567,BNC Connector,100,8,30,1
PRD2568,DC Connector,50,8,30,1
PRD2571,RJ 45 Connector,10,8,30,1
PRD2572,Rack 2U,1,8,30,1
PRD2573,Rack 3U,1,8,30,1
PRD2574,Rack 4U,1,8,30,1
PRD2575,Rack 6U,1,8,30,1
PRD2576,IP Dome - - Dome Camera Housing (Upper-Lower),1,8,30,1
PRD2577,IP Dome - Dome Cover - Bubble (Clear-Smoked),1,8,30,1
PRD2578,IP Dome - IR Cut Filter (ICR),1,8,30,1
PRD2579,IP Dome - IR LEDs (Infrared LED Array),1,8,30,1
PRD2580,IP Dome - Camera PCB Mounting Frame,1,8,30,1
PRD2581,IP Dome - OSD Button - Joystick-Control Buttons,1,8,30,1
PRD2582,IP Dome - Microphone (if audio enabled),1,8,30,1
PRD2583,IP Dome - Speaker (if audio enabled),1,8,30,1
PRD2584,IP Dome - Temperature-Light Sensor (on-board),1,8,30,1
PRD2585,IP Dome - Housing Gaskets - Seals,1,8,30,1
PRD2586,IP Dome - Mounting Base-Bracket,1,8,30,1
PRD2587,IP Dome - Power Connector - Terminal,150,8,30,1
PRD2588,IP Dome - DIP Switches,1,8,30,1
PRD2589,IP Bullet - Bullet Camera Body - Tube,1,8,30,1
PRD2590,IP Bullet - Image Sensor (CMOS),1,8,30,1
PRD2591,Adapter (12V DC - 24V AC),900,8,30,1
PRD2592,PoE Injector,1,8,30,1
PRD2593,PoE Switch Port,1,8,30,1
PRD2594,Blue star - Water cooler - Compressor,1,39,30,1
PRD2595,Blue star - Water cooler - Condenser Fan Motor,1,39,30,1
PRD2596,Blue star - Water cooler - Cooling Fan Blade,500,39,30,1
PRD2597,Blue star - Water cooler - Overload Protector,250,39,30,1
PRD2598,Blue star - Water cooler - Starting Relay,1,39,30,1
PRD2599,Blue star - Water cooler - Capacitor,500,39,30,1
PRD2600,Blue star - Water cooler - Thermostat,1,39,30,1
PRD2601,Blue star - Water cooler - PCB - Control Panel,1,39,30,1
PRD2602,Blue star - Water cooler - Power Switch,1,25,30,1
PRD2603,Blue star - Water cooler - Indicator Lamp (LED),1,39,30,1
PRD2604,Blue star - Water cooler - Wiring Harness,150,39,30,1
PRD2605,Blue star - Water cooler - Power Cord,1,39,30,1
PRD2606,Blue star - Water cooler - Condenser Coil,1200,39,30,1
PRD2607,Blue star - Water cooler - Evaporator Coil,1,35,30,1
PRD2608,Blue star - Water cooler - Copper Tubing,1,39,30,1
PRD2609,Blue star - Water cooler - Filter Drier,1,39,30,1
PRD2610,Blue star - Water cooler - Refrigerant Gas,1200,39,36,1
PRD2611,Blue star - Water cooler - Water Pump,1,39,30,1
PRD2612,Blue star - Water cooler - Solenoid Valve,1,25,30,1
PRD2613,Blue star - Water cooler - Float Valve,1,39,30,1
PRD2614,Blue star - Water cooler - Water Inlet Valve,1,39,30,1
PRD2615,Blue star - Water cooler - Water Outlet Tap - Push Tap,1,39,30,1
PRD2616,Blue star - Water cooler - SS Water Tank,1,39,30,1
PRD2617,Blue star - Water cooler - Water Distribution Pipe,1,39,30,1
PRD2618,Blue star - Water cooler - Rubber Hose - PVC Pipe,1,39,30,1
PRD2620,Blue star - Water cooler - Drain Pipe,1,39,30,1
PRD2621,Blue star - Water cooler - Front & Side Panels,1,25,30,1
PRD2622,Blue star - Water cooler - Drip Tray,1,39,30,1
PRD2623,Blue star - Water cooler - Drain Tray,1,39,30,1
PRD2624,Blue star - Water cooler - Cooling Grill,1,39,30,1
PRD2625,Blue star - Water cooler - Insulation Material,1,39,30,1
PRD2626,Blue star - Water cooler - Sediment Filter,1,39,30,1
PRD2627,Blue star - Water cooler - Carbon Filter,1,39,30,1
PRD2628,Blue star - Water cooler - Mesh Filter,1,39,30,1
PRD2629,"Blue star - Water cooler - Nuts, Bolts & Screws",1,39,30,1
PRD2630,Blue star - Water cooler - Rubber Grommets,1,39,30,1
PRD2631,Blue star - Water cooler - Sealing Rings - O-rings,1,39,30,1
PRD2632,Kent - Sediment Filter (Melt Blown),1,39,30,1
PRD2633,Kent - Sediment Filter (PP Spun),1,39,30,1
PRD2634,Kent - Carbon Filter (GAC ),1,39,30,1
PRD2635,Kent - Carbon Filter (CTO),1,39,30,1
PRD2636,Kent - Pre-Filter Housing,1,39,30,1
PRD2637,Kent - O-Rings - Seals,1,39,30,1
PRD2638,Kent - Flow Restrictor,1,39,30,1
PRD2639,Kent - Check Valve (NRV),1,39,30,1
PRD2640,Kent - Booster Pump,1,39,30,1
PRD2641,Kent - Pump Head,1,39,30,1
PRD2642,Kent - SMPS - Power Adapter,1,39,30,1
PRD2643,Kent - Pressure Switch (Low),1,39,30,1
PRD2644,Kent - Pressure Switch (High),1,39,30,1
PRD2645,Kent - Solenoid Valve,1,39,30,1
PRD2646,Kent - Float Valve,1,39,30,1
PRD2647,Kent - Connectors,1500,39,30,1
PRD2648,Kent - Post Carbon Filter (T33),1,39,30,1
PRD2649,Kent - Mineral Cartridge,1,39,30,1
PRD2650,Kent - UV Lamp,1,39,30,1
PRD2651,Kent - UV Quartz Sleeve,1,39,30,1
PRD2652,Kent - UF Membrane (if applicable),1,39,30,1
PRD2653,Kent - Storage Tank,1,39,30,1
PRD2654,Kent - Tank Ball Valve,1,39,30,1
PRD2655,Kent - Dispensing Faucet - Tap,1,39,30,1
PRD2656,Kent - Inlet Solenoid,1,39,30,1
PRD2657,Kent - Flow Sensor,1,39,30,1
PRD2658,Kent - Connector Fittings,150,39,30,1
PRD2659,Kent - Elbow,1,39,30,1
PRD2660,Kent - Tee,1,39,30,1
PRD2661,Kent - RO Pipe -Tubing,1,39,30,1
PRD2662,Kent - Clamps & Fasteners,1,39,30,1
PRD2663,Ups- Numeric - SMF Batteries (Sealed),62,62,30,1
PRD2664,Ups- Numeric - Battery Interlink Cables,1,62,30,1
PRD2665,Ups- Numeric - Battery Rack,1,62,30,1
PRD2666,Ups- Numeric - Battery Terminals & Lugs,1,62,30,1
PRD2667,Ups- Numeric - IGBT - MOSFET Modules,1,62,30,1
PRD2668,Ups- Numeric - Rectifier Module,1,39,30,1
PRD2669,Ups- Numeric - Inverter Module,1,62,30,1
PRD2670,Ups- Numeric - Charger Card - Charging PCB,1,62,30,1
PRD2671,Ups- Numeric - Control PCB - Logic Card,1,62,30,1
PRD2672,Ups- Numeric - Driver Card,1,62,30,1
PRD2673,Ups- Numeric - Input Contactor,1,62,30,1
PRD2674,Ups- Numeric - Output Contactor,1,62,30,1
PRD2675,Ups- Numeric - Relay,1,62,30,1
PRD2676,Ups- Numeric - Fuse (HRC or Glass or Blade),1,62,30,1
PRD2677,Ups- Numeric - EMI - RFI Filter,1,62,30,1
PRD2678,Ups- Numeric - Cooling Fan,1,62,30,1
PRD2679,Ups- Numeric - Fan Guard,1,62,30,1
PRD2680,Ups- Numeric - Heat Sink,1,62,30,1
PRD2681,Ups- Numeric - Thermal Paste -Insulator,1,62,30,1
PRD2682,Ups- Numeric - LCD - LED Display Panel,2500,62,30,1
PRD2683,Ups- Numeric - Keypad - Control Panel,1,62,30,1
PRD2684,Ups- Numeric - Buzzer - Alarm,1,62,30,1
PRD2685,Ups- Numeric - Indication LEDs,1,62,30,1
PRD2686,Ups- Numeric - Internal Wiring Harness,150,62,30,1
PRD2687,Ups- Numeric - Terminal Blocks,30,62,30,1
PRD2688,Ups- Numeric - Connectors,1500,62,30,1
PRD2689,Ups- Numeric - Cable Ties & Fasteners,1,62,30,1
PRD2690,Ups- Numeric - UPS Cabinet - Enclosure,1,62,30,1
PRD2691,Ups- Numeric - Front Panel - Door Lock,1,62,30,1
PRD2692,Ups- Numeric - Wheels - Castors (for large UPS),1,62,30,1
PRD2693,Inverter - Exide - Tubular - SMF Battery,1,62,30,1
PRD2694,Inverter - Exide - Battery Interlink Cable,1,62,30,1
PRD2695,Inverter - Exide - Battery Terminals & Lugs,1,62,30,1
PRD2696,Inverter - Exide - Battery Stand - Rack,1200,62,30,1
PRD2697,Inverter - Exide - Inverter PCB -Control Card,1,62,30,1
PRD2698,Inverter - Exide - Transformer,1,62,30,1
PRD2699,Inverter - Exide - Charger Card - Charging PCB,1,62,30,1
PRD2700,Inverter - Exide - Fuse,1,62,30,1
PRD2701,Inverter - Exide - Relay,1,62,30,1
PRD2702,Inverter - Exide - Current Sensor,1,62,30,1
PRD2703,Inverter - Exide - Voltage Sensor,1,62,30,1
PRD2704,Inverter - Exide - Cooling Fan,1,62,30,1
PRD2705,Inverter - Exide - Heat Sink,1,62,30,1
PRD2706,Inverter - Exide - Thermal Paste - Insulation Sheet,1,62,30,1
PRD2707,Inverter - Exide - LCD - LED Display,500,62,30,1
PRD2708,Inverter - Exide - Indicator LEDs,1,62,30,1
PRD2709,Inverter - Exide - Buzzer - Alarm,1,62,30,1
PRD2710,Inverter - Exide - Terminal Blocks,30,62,30,1
PRD2711,Inverter - Exide - Connectors,1500,62,30,1
PRD2712,Inverter - Exide - Cable Ties & Fasteners,1,62,30,1
PRD2713,Inverter - Exide - Inverter Cabinet - Enclosure,1,62,30,1
PRD2714,Inverter - Exide - Front Panel - Knobs,1,62,30,1
PRD2715,Inverter - Exide - Switches,1,62,30,1
PRD2716,"LG-Refrigertor 300L frost free double - refrigertor, stabllizer free operatiion, free standing, Matt Black colour",1,39,30,1
PRD2717,"LG-Microwave oven - 20L Solo microwave oven, ceramic cavity,700 out put power",1,39,30,1
PRD2718,Dish Washer - (600mmD X 600mmW X 840mmH) LG 14 Place setting Dishwasher (Matt black),1,39,30,1
PRD2719,Butterfly EKN 1.8L 1500 Watt Electric Water Kettle (Stainless Steel),1,39,30,1
PRD2720,FROTH & FLAVOR - Stainless Steel Table TOP Electric BAIN Marie Food Warmer,1,39,30,1
PRD2721,ROTO - Industrial Paper Shredders - S 700 Series,1,39,30,1
PRD2722,Heat Detector (Fixed Temperature),1,8,30,1
PRD2723,Multi-Sensor Detector,1,8,30,1
PRD2724,Detector Base,1,8,30,1
PRD2725,Manual Call Point (MCP),1,8,30,1
PRD2726,Hooter,1,8,30,1
PRD2727,Hooter cum Strobe,1,8,30,1
PRD2728,Fire Alarm Bell,1,8,30,1
PRD2729,Sounder,1,8,30,1
PRD2730,Fire Alarm Control Panel (FACP) PCB - Card,1,8,30,1
PRD2731,Power Supply Card,1,8,30,1
PRD2732,Loop Card - Zone Card,1,8,30,1
PRD2733,Edwards- Repeater Panel,1,8,30,1
PRD2734,Mimic Panel,1,8,30,1
PRD2735,Fas - LCD - LED Display Module,500,8,30,1
PRD2736,FAS - Indication LEDs,1,8,30,1
PRD2737,FAS - SMF Battery,1,8,30,1
PRD2738,FAS-Battery Cable & Lugs,1,8,30,1
PRD2739,Monitor Module,1,8,30,1
PRD2740,Control Module,1,8,30,1
PRD2741,FAS - Relay Module,1,8,30,1
PRD2742,FAS - Fire Survival Cable,1,8,30,1
PRD2743,FAS - Cable Glands,1,8,30,1
PRD2744,End of Line (EOL) Resistor,1,8,30,1
PRD2745,Terminal Blocks,30,8,30,1
PRD2746,Junction Box,1,8,30,1
PRD2747,Conduits - Trunking,1,8,30,1
PRD2748,c-system -WLD Panel,1,8,30,1
PRD2749,c-system -WLD Hooter,1,8,30,1
PRD2750,Maser - Rodent Panel,1,8,30,1
PRD2751,Maser - Transducers,1,8,30,1
PRD2752,Bosch-Speakers,1,8,30,1
PRD2753,Bosch - Amplifier,1,8,30,1
PRD2754,Bosch-Controller,1,8,30,1
PRD2755,Bosch - Call Station,1,8,30,1
PRD2756,Starlink - Reader Inbuilt Controller,1,8,30,1
PRD2757,Starlink - Card Reader,1,8,30,1
PRD2758,Starlink - EDR,1,8,30,1
PRD2759,Edwards - Smoke Detector,1,8,30,1
PRD2760,Edwards - RI,1,8,30,1
PRD2762,Edwards - Heat Indication,1,8,30,1
PRD2763,Edwards - Fault Isolator,1,8,30,1
PRD2764,Edwards - MCP,1,8,30,1
PRD2765,Edwards - Hooter,1,8,30,1
PRD2766,Edwards - Monitor Module,1,8,30,1
PRD2767,Edwards - Relay Module,1,8,30,1
PRD2768,Edwards - Fas Panel,1,8,30,1
PRD2769,VRV - Ac,1,34,30,1
PRD2770,VRF - Ac,1,34,30,1
PRD2771,VRV - Ductable,1,34,30,1
PRD2772,VRV - Split AC,1,34,30,1
PRD2773,Split Inverter AC - 1.5 TR PCB Card,1,34,30,1
PRD2774,DUCTABLE AC - INDOOR 4TR COIL SENSOR,1,34,30,1
PRD2775,DUCTABLE AC OUTDOOR 5.5TR CONTACTOR 4 POLE,1,34,30,1
PRD2776,Ductable Ac - 5.5 TR Contactor,1,34,30,1
PRD2777,Ductable Ac - Contactor,1,34,30,1
PRD2778,Uvpc 1.5 inch,1,24,30,1
PRD2779,MTA,1,24,30,1
PRD2780,Union Fittings,1,24,41,1
PRD2781,Teflon tape,1,24,30,1
PRD2782,Jet spray washer,1,24,30,1
PRD2783,Chair -Base (Nylon),1,83,30,1
PRD2784,Chair - Base (Metal),1,83,30,1
PRD2785,Chair - Base (Chrome),1,83,30,1
PRD2786,Chair -Wheel Castors (PU),1,83,30,1
PRD2787,Chair -Wheel Castors (Nylon),1,83,30,1
PRD2788,Chair -Gas Lift Cylinder (Hydraulic),1,83,30,1
PRD2789,Chair -Seat Mechanism (Tilt),1,83,30,1
PRD2790,Chair -Seat Mechanism (Push-back),1,83,30,1
PRD2791,Chair -Seat Mechanism (Synchro),1,83,30,1
PRD2792,Chair -Seat Plate - Base Plate,1,83,30,1
PRD2793,Chair -Armrest Set (Adjustable),1,83,30,1
PRD2794,Chair -Armrest Set (Fixed),1,83,30,1
PRD2795,Chair -Armrest Pads,350,83,30,1
PRD2796,Chair -Backrest Frame,1,83,30,1
PRD2797,Chair -Seat Cushion (Foam),1,83,30,1
PRD2798,Chair -Back Cushion (Foam),1,83,30,1
PRD2799,Chair -Fabric - Mesh Back Cover,1,83,30,1
PRD2800,Chair -Headrest (Adjustable),1,83,30,1
PRD2801,Chair -Headrest (Fixed),1,83,30,1
PRD2802,Chair -Foot Ring (for drafting chair),1,83,30,1
PRD2803,Chair -Height Adjuster Lever,1,83,30,1
PRD2804,Chair -Tilt Lock Lever,1,83,30,1
PRD2805,Chair -Back Support Lumbar Pad,1,83,30,1
PRD2806,Chair -Seat Shell (Plastic),1,83,30,1
PRD2807,Chair -Seat Shell (Wooden),1,83,30,1
PRD2808,"Chair -Nuts, Bolts and Washer Set",1,83,30,1
PRD2809,Chair -Revolving Chair Handle Set,1,83,30,1
PRD2810,Chair -Visitor Chair Leg Frame,1,83,30,1
PRD2811,Chair -Chair Bearing Set,1,83,30,1
PRD2812,Chair - Bush Set,1,83,30,1
PRD2813,Chair -Mechanism Spring,1,83,30,1
PRD2814,Chair -Base Cap,1,83,30,1
PRD2815,Chair -Wheel Cap,1,83,30,1
PRD2816,Chair -Stoppers,1,83,30,1
PRD2817,Chair -Rubber Pads,350,83,30,1
PRD2818,CPVC MTA - 1/2 Inch,1,24,30,1
PRD2819,CPVC TEE 1.5 Inch,1,24,30,1
PRD2820,CPVC TEE 2 Inch,1,24,30,1
PRD2821,Visitor Chair -Sled Base - Cantilever Frame,1,83,30,1
PRD2822,Visitor Chair -Four-leg Metal Frame,1,83,30,1
PRD2823,Visitor Chair -Seat Cushion,1,83,30,1
PRD2824,Visitor Chair -Back Cushion,1,83,30,1
PRD2825,Visitor Chair -Upholstery Fabric -Leatherette,1,83,30,1
PRD2826,Visitor Chair -Armrest Pads,350,83,30,1
PRD2827,Visitor Chair -Plastic Back Cover,1,83,30,1
PRD2828,Visitor Chair -Rubber Foot Stoppers,1,83,30,1
PRD2829,Visitor Chair -Leg Cap Set,1,83,30,1
PRD2830,Visitor Chair -Support Brackets,1,83,30,1
PRD2831,Visitor Chair -Nuts-Bolts Set,1,83,30,1
PRD2832,Visitor Chair -Weld Joints Repair Scope,1,83,30,1
PRD2833,Executive Chair-Leather/Faux Leather Upholstery,1,83,30,1
PRD2834,Executive Chair-High Backrest Cushion,1,83,30,1
PRD2835,Executive Chair-Padded Seat Cushion,1,83,30,1
PRD2836,Executive Chair-Heavy-duty Gas Lift,1,83,30,1
PRD2837,Executive Chair-Knee-tilt Mechanism,1,83,30,1
PRD2838,Executive Chair-Synchro Mechanism,1,83,30,1
PRD2839,Executive Chair-Aluminium -Chrome Base,1,83,30,1
PRD2840,Executive Chair-Premium Castor Wheels,1,83,30,1
PRD2841,Executive Chair-Wooden/Metal Armrests,1,83,30,1
PRD2842,Executive Chair-Armrest Cushions,1,83,30,1
PRD2843,Executive Chair-Headrest Cushion,1,83,30,1
PRD2844,Executive Chair-Lumbar Support,1,83,30,1
PRD2845,Executive Chair-Recliner Handle,1,83,30,1
PRD2846,Executive Chair-Tilt Tension Knob,1,83,30,1
PRD2847,Executive Chair-Side Cover Caps,1,83,30,1
PRD2848,Air Compressor - Air Filter,400,23,30,1
PRD2849,Air Compressor - Oil Filter,1,23,30,1
PRD2850,Air Compressor - Separator Filter (Oil Separator),1,23,30,1
PRD2851,Air Compressor - Compressor Oil ( Lubricating Oil),1,23,30,1
PRD2852,Air Compressor - Intake Filter Element,1,23,30,1
PRD2853,Air Compressor - Piston,1,23,30,1
PRD2854,Air Compressor - Piston Rings,1,23,30,1
PRD2855,Air Compressor - Cylinder Liner,1,23,30,1
PRD2856,Air Compressor - Connecting Rod,1,23,30,1
PRD2857,Air Compressor - Crankshaft,1,23,30,1
PRD2858,Air Compressor - Bearings (Main -Thrust),1,23,30,1
PRD2859,Air Compressor - Suction Valve,1,23,30,1
PRD2860,Air Compressor - Discharge Valve,1,23,30,1
PRD2861,Air Compressor - Gaskets & O-Rings,1,23,30,1
PRD2862,Air Compressor - Shaft Seal - Oil Seal,1,23,30,1
PRD2863,Air Compressor - V-Belt - Drive Belt,1,23,30,1
PRD2864,Air Compressor - Coupling,1,23,30,1
PRD2865,Air Compressor - Pulley,1,23,30,1
PRD2866,Air Compressor - Cooling Fan,1,23,30,1
PRD2867,Air Compressor - After Cooler,2000,23,30,1
PRD2868,Air Compressor - Oil Cooler,2000,23,30,1
PRD2869,Air Compressor - Heat Exchanger,1,23,30,1
PRD2870,Air Compressor - Pressure Switch,1,23,30,1
PRD2871,Air Compressor - Contactor,1,23,30,1
PRD2872,Air Compressor - Overload Relay,1,23,30,1
PRD2873,Air Compressor - Control Panel Components,1,23,30,1
PRD2874,Air Compressor - Solenoid Valve,1,23,30,1
PRD2875,Air Compressor - NRV (Non-Return Valve),1,23,30,1
PRD2876,Air Compressor - Safety Valve,1,23,30,1
PRD2877,Air Compressor - Drain Valve (Manual and Auto),1,23,30,1
PRD2878,Air Compressor - Pressure Gauge,1,23,30,1
PRD2879,Air Compressor - Moisture Separator,1,23,30,1
PRD2880,Air Compressor - Current Transformer (CT),1,23,30,1
PRD2881,Push Buttons (Start / Stop / Reset),1,23,30,1
PRD3033,Boom Barrier - Boom Arm (Straight - Folding - Telescopic),1,23,30,1
PRD3034,Boom Barrier - Boom Arm Rubber Strip,1,23,30,1
PRD3035,Boom Barrier - Balancing Spring Set,1,23,30,1
PRD3036,push switch (Push Button),1,23,30,1
PRD3037,RO- Pump Motor,1950,25,30,1
