TICKET NO ,Expence Amount,Approval Amount,Work ,Quote Status ,Payment Transfer ,Month 
INC000004526441,2250,4400,Light Work ,Approved ,Kamana Mam ,1-Aug-24
INC000004716047 ,1680,2380,Doormat Required ,Approved ,Kamana Mam ,1-Aug-24
INC000004333941,2014,5400,Plumbing Work ,Approved ,Kamana Mam ,1-Aug-24
INC000004716206,260,940,Light Work ,Approved ,Kamana Mam ,1-Aug-24
INC000004726821,340,1050,Carpentry Work ,Approved ,Kamana Mam ,1-Aug-24
INC000004711691,5250,21967,5 - WC Cover Fiting + 3- Tread Bulb + 2- Switch 16 AMP,Approved ,Kamana Mam ,1-Aug-24
,4645,,,,,1-Aug-24
INC000004332996,900,2500,Water Tank Cleaning Work ,Approved ,Kamana Mam ,1-Aug-24
INC000004509669,5440,13750,1 HP Crompton Moter ,Approved ,Kamana Mam ,1-Aug-24
INC000004512881,300,500,VISIT WORK,Approved ,Kamana Mam ,1-Aug-24
INC000004484769,6500,12000,5- Shutter Repairing and Greasing Work ,Approved ,Kamana Mam ,1-Aug-24
INC000004628924,960,2200,Lock Work,Approved ,Kamana Mam ,1-Aug-24
INC000004515971,1805,5550,Plumbing Work ,Approved ,Kamana Mam ,1-Aug-24
INC000004092398,2254,5300,Plumbing Work ,Approved ,Kamana Mam ,1-Aug-24
INC000004333941,10120,34350,Plumbing Work ,Approved ,Kamana Mam ,1-Aug-24
INC000004333941,3000,,Labour Charge + Plumbing Charge ,Approved ,Kamana Mam ,1-Aug-24
INC000004333941,1550,,Angle  Cock ,Approved ,Kamana Mam ,1-Aug-24
INC000004726959,2500,5460,2- Exhaust Fan,Approved ,Kamana Mam ,1-Aug-24
INC000004675288,1641,8780,Plumbing Work ,Approved ,Kamana Mam ,1-Aug-24
INC000004665724,1680,3980,DOORMAT- 24 Sqft,Pending ,Kamana Mam ,1-Aug-24
INC000004608040,950,2150,"2-Switch, 2- Socket, and 1- Phase Plate",Approved ,Kamana Mam ,1-Aug-24
INC000003945648,1540,4850,Plumbing Work ,Approved ,Kamana Mam ,1-Aug-24
INC000004783797,3000,5300,Branch Wahroom and All Water Line Chowk-up Issue ,Pending ,Kamana Mam ,1-Aug-24
INC000004088160,3450,7500,Plumbing Work ,Approved ,Kamana Mam ,1-Aug-24
INC000004711248,4466,9700,Plumbing Work ,Approved ,Kamana Mam ,1-Aug-24
INC000004628171,2790,6975,Plumbing Work,Approved ,Kamana Mam ,1-Aug-24
INC000004783123,1680,6200,Doormat ,Approved ,Kamana Mam ,1-Aug-24
,1230,,"3 Light 8""",,Kamana Mam ,1-Aug-24
INC000004780163,4746,11000,MCCB 125 AMP 4 POLE(HAVELLS),Approved ,Kamana Mam ,1-Aug-24
INC000004799661,4800,12740,1 HP MOTER CROMPTON,Approved ,Kamana Mam ,1-Aug-24
INC000004783047,9800,17400,12 - Chair Hydrolic Replace and Chair Handle Fixing Work ,Approved ,Kamana Mam ,1-Aug-24
INC000004783075,3500,7480,"1-Patch Lock (Hardwen), 1- Door Closer (Doorset), 2- Door Stopper ",Approved ,Kamana Mam ,1-Aug-24
INC000004782354,3800,6725,"1-Capisitor, 10 Ft Pipe 2"", 25 Mter Cable 2.5 mm 3 Core , Samarsebule Mechanic Charge ",Approved ,Kamana Mam ,1-Aug-24
INC000004773685,1639,5100,Plumbing Work ,Approved ,Kamana Mam ,1-Aug-24
INC000004807791,900,2060,2-Round Light ,Approved ,Kamana Mam ,1-Aug-24
INC000004305009,2520,8680,Celling Work and Painting Work ,Approved ,Kamana Mam ,1-Aug-24
INC000004486789,1400,3300,Doormat 20 Sqft,Approved ,Kamana Mam ,1-Aug-24
INC000004798934,1840,4700,"1-Latch Lock, 2- Pedester Lock  ",Approved ,Kamana Mam ,1-Aug-24
INC000004831737,650,1600,Carpentry Work,Approved ,Kamana Mam ,1-Aug-24
INC000004773668,900,1650,JET SPRAY ,Approved ,Kamana Mam ,1-Aug-24
INC000004781636,2570,7450,"LATCH LOCK , PEDESTER LOCK ",Approved ,Kamana Mam ,1-Aug-24
INC000004781723,1200,2950,SYFEN ,Approved ,Kamana Mam ,1-Aug-24
INC000004781799,2170,5150,"ROUND LIGHT 8"", SWITCH SOCKET,BASE PLATE",Approved ,Kamana Mam ,1-Aug-24
INC000004187186,3668,7180,Carpentry Work ,Approved ,Kamana Mam ,1-Aug-24
INC000004625031,3960,10990,Plumbing Work ,Approved ,Kamana Mam ,1-Aug-24
INC000004701080,2161,3750,Ultra Twin Boalt Lock ,Approved ,Kamana Mam ,1-Aug-24
INC000004755131,5463,11050,Plumbing Work ,Approved ,Kamana Mam ,1-Aug-24
,800,,,Approved ,Kamana Mam ,1-Aug-24
INC000004756478,1500,4850,Plumbing Work ,Approved ,Kamana Mam ,1-Aug-24
,800,,,Approved ,Kamana Mam ,1-Aug-24
INC000004438614,4414,12750,Water Tank Pipe Line Replace ,Approved ,Kamana Mam ,1-Aug-24
INC000004734995,1678,4370,Carpentry Work ,Approved ,Kamana Mam ,1-Aug-24
INC000004451238,1580,3310,Carpentry Work ,Approved ,Kamana Mam ,1-Aug-24
INC000004052040,2150,4300,"1-Sop Dispencer,1-Tishu Paper Stand ,1- Basin Coplin",Approved ,Kamana Mam ,1-Aug-24
INC000004719497,180,1050,1-LED LIGHT 20 WT,PENDING,Ravi Mishra ,1-Aug-24
INC000004849416,4253,10250,3- Latch Lock Godrej,Approved ,Kamana Mam ,1-Aug-24
INC000004832487 ,850,2050,Indicator Lock + Labour Charge ,Approved ,Ravi Mishra ,1-Aug-24
INC000004799201,6000,11200,12- Round Light ,Approved ,Kamana Mam ,1-Aug-24
INC000004744118,1350,6920,"2-Round Light 8"", 1-Track Light ,1- Driver , 2- Switch Sokcet ",Approved ,Kamana Mam ,1-Aug-24
INC000004866230,6660,10350,"3-Bottel Trap , 3- Bottel Trap Pipe ,3- Koplin",Approved ,Kamana Mam ,1-Aug-24
INC000004830465,2650,5100,W C SHEET COVER FITTING + Plumber Charge ,Approved ,Ravi Mishra ,1-Aug-24
INC000003907085,2415,5200,3-Track Light ,Approved ,Kamana Mam ,1-Aug-24
INC000004918207,8180,13040,35 MM Cable Single Core Copper (Havells),Pending ,Kamana Mam ,1-Aug-24
INC000004664771,1800,4140,DOORMAT ,Approved ,Kamana Mam ,1-Aug-24
INC000004724381,2511,5800,"1-Bottel Trap,1-Jali, 1-Jet Spray ",Approved ,Kamana Mam ,1-Aug-24
INC000004776385,8500,13300,"3-Shutter Spring ,1-Shutter Garari,2kg-Greash,1-Shutter Mechanic, 1- Labour  ",Approved ,Ravi Mishra ,1-Aug-24
INC000004616705,8550,21300,"7-Hydrolic,3-Base Plate ",Approved ,Prashant Sir ,1-Aug-24
,1000,,Labour Charge ,,Ravi Mishra ,1-Aug-24
INC000004689676,2100,4620,21-chair Cleaning Work ,Approved ,Prashant Sir ,1-Aug-24
INC000004628918,2700,5940,27-chair Cleaning Work ,Approved ,Prashant Sir ,1-Aug-24
INC000004752905,1450,3250,12 inch Exhaust Fan (Crompton),Pending,Kamana Mam ,1-Aug-24
,300,,Electrician Charge,Pending,Ravi Mishra ,1-Aug-24
INC000004799413,2193,5110,Carpentry Work ,Approved ,Kamana Mam ,1-Aug-24
INC000004898436,5200,11850,2-Conseled Flush Botten (Jaguar),Approved ,Kamana Mam ,1-Aug-24
,800,,Plumber Charge ,Approved ,Ravi Mishra ,1-Aug-24
INC000004637841,2966,5250,1-Linear Light 48 Wt,Approved ,Kamana Mam ,1-Aug-24
INC000004816225,5932,10250,"1-Linear Light 48 Wt, 2-2*2 Reflector Set",Approved ,Kamana Mam ,1-Aug-24
INC000004799267,1822,7860,1-Latch Lock ,Approved ,Kamana Mam ,1-Aug-24
,1740,,"7- Sqft Granite, Cement, Badarpur  ",Approved ,Ravi Mishra ,1-Aug-24
INC000004916982,350,750,1-Capisitor ,Pending ,Ravi Mishra ,1-Aug-24
INC000003922572,3810,6560,"1-Doorset Lock ,10-Drawer Lock, 4- Tower bolt,4-Door Handle ",Approved ,Govind Ji,1-Aug-24
INC000004858601,1050,2300,"4-L Bihari Hingish, 2-Cam Lock,",Approved ,Ravi Mishra ,1-Aug-24
INC000004906711,760,1650,"1-Pad Lock, 1-LOCK Chain,",Pending,Ravi Mishra ,1-Aug-24
INC000004783179,4025,12490,WOODEN WORK IN PANTRY,Approved ,Kamana Mam ,1-Aug-24
INC000004646056,400,1350,KEY HIVE LOCK NOT WORKING,Approved ,Ravi Mishra ,1-Aug-24
INC000004771216,5127,10250,"2-2*2 Reflector Set, 1-Track Light ",Approved ,Kamana Mam ,1-Aug-24
