Branch Name ,Name Of Equipment ,Make,Model,SNo,Capicity ,QTY,UOM,Unit Rate,Amount,Manufacturing Year,Age of Equipment ( years )*,Type of Services ,Category,Subcatagory,TAT,AMC Start Date,AMC End Date,Floor Number,Equipment Location,Description,Uniquie ID
001 - Jaipur,Split AC,Split AC,NA,1,1.5,1,TR,2050,3075,2018,5,CAMC,HVAC,Split AC,2,2022-06-01,2023-05-31,1-GF,1-GF,N/A,May23-155
001 - Jaipur,Split AC,Split AC,NA,2,1,1,TR,2050,2050,2018,5,CAMC,HVAC,Split AC,2,2022-06-01,2023-05-31,2-GF,2-GF,N/A,May23-156
001 - Jaipur,Split AC,Split AC,NA,3,1.5,1,TR,2050,3075,2018,5,CAMC,HVAC,Split AC,2,2022-06-01,2023-05-31,3-GF,3-GF,N/A,May23-157
001 - Jaipur,Split AC,Split AC,NA,4,1.5,1,TR,2050,3075,2018,5,CAMC,HVAC,Split AC,2,2022-06-01,2023-05-31,4-GF,4-GF,N/A,May23-158
001 - Jaipur,Split AC,Split AC,NA,5,1.5,1,TR,2050,3075,2018,5,CAMC,HVAC,Split AC,2,2022-06-01,2023-05-31,5-GF,5-GF,N/A,May23-159
001 - Jaipur,Split AC,Split AC,NA,6,1.5,1,TR,2050,3075,2018,5,CAMC,HVAC,Split AC,2,2022-06-01,2023-05-31,6-GF,6-GF,N/A,May23-160
001 - Jaipur,Split AC,Split AC,NA,7,1.5,1,TR,2050,3075,2018,5,CAMC,HVAC,Split AC,2,2022-06-01,2023-05-31,7-GF,7-GF,N/A,May23-161
001 - Jaipur,Split AC,Split AC,NA,8,1.5,1,TR,2050,3075,2018,5,CAMC,HVAC,Split AC,2,2022-06-01,2023-05-31,8-GF,8-GF,N/A,May23-162
002 - Dehradun,Window AC,Window AC,NA,1,1.5,1,TR,2050,3075,2018,5,CAMC,HVAC,WINDOW AC,2,2022-06-01,2023-05-31,1-GF,1-GF,N/A,May23-163
002 - Dehradun,Split AC,Split AC,184VSZS,2,1.5,1,TR,2050,3075,2018,5,CAMC,HVAC,Split AC,2,2022-06-01,2023-05-31,2-GF,2-GF,N/A,May23-164
002 - Dehradun,Split AC,Split AC,MEZ41689426,3,1.5,1,TR,2050,3075,2018,5,CAMC,HVAC,Split AC,2,2022-06-01,2023-05-31,3-GF,3-GF,N/A,May23-165
002 - Dehradun,Split AC,Split AC,CS-UC 18NKY,4,1.5,1,TR,2050,3075,2018,5,CAMC,HVAC,Split AC,2,2022-06-01,2023-05-31,4-GF,4-GF,N/A,May23-166
002 - Dehradun,PAC,PAC,NA,5,1,1,TR,4500,4500,2018,5,CAMC,HVAC,PAC AC,2,2022-06-01,2023-05-31,5-GF,5-GF,N/A,May23-167
003 - Lucknow,UPS,UPS,GXTMT-LB 6KVA,1,1,1,TR,7500,7500,2018,5,CAMC,Electrical ,UPS ,2,2022-06-01,2023-05-31,1-GF,1-GF,N/A,May23-168
003 - Lucknow,VRF,VRF,IVRFB-10SH,2,8.3,1,TR,3500,29050,2018,5,CAMC,HVAC,VRF AC,2,2022-06-01,2023-05-31,2-GF,2-GF,N/A,May23-169
004 - Gurgaon,UPS,UPS,SURTISKUXI,1,1,1,TR,7500,7500,2018,5,CAMC,Electrical ,UPS ,2,2022-06-01,2023-05-31,1-GF,1-GF,N/A,May23-170
004 - Gurgaon,UPS,UPS,SRU6KL-IN,2,1,1,TR,7500,7500,2018,5,CAMC,Electrical ,UPS ,2,2022-06-01,2023-05-31,2-GF,2-GF,N/A,May23-171
004 - Gurgaon,UPS,UPS,SRU6KL-IN,3,1,1,TR,7500,7500,2018,5,CAMC,Electrical ,UPS ,2,2022-06-01,2023-05-31,3-GF,3-GF,N/A,May23-172
004 - Gurgaon,UPS,UPS,CUPSR,4,1,1,TR,7500,7500,2018,5,CAMC,Electrical ,UPS ,2,2022-06-01,2023-05-31,4-GF,4-GF,N/A,May23-173
004 - Gurgaon,Split AC,Split AC,NA,5,2,1,TR,2050,4100,2018,5,CAMC,HVAC,Split AC,2,2022-06-01,2023-05-31,5-GF,5-GF,N/A,May23-174
004 - Gurgaon,Split AC,Split AC,NA,6,2,1,TR,2050,4100,2018,5,CAMC,HVAC,Split AC,2,2022-06-01,2023-05-31,6-GF,6-GF,N/A,May23-175
004 - Gurgaon,Split AC,Split AC,NA,7,2,1,TR,2050,4100,2018,5,CAMC,HVAC,Split AC,2,2022-06-01,2023-05-31,7-GF,7-GF,N/A,May23-176
004 - Gurgaon,Split AC,Split AC,NA,8,2,1,TR,2050,4100,2018,5,CAMC,HVAC,Split AC,2,2022-06-01,2023-05-31,8-GF,8-GF,N/A,May23-177
004 - Gurgaon,Split AC,Split AC,NA,9,2,1,TR,2050,4100,2018,5,CAMC,HVAC,Split AC,2,2022-06-01,2023-05-31,9-GF,9-GF,N/A,May23-178
004 - Gurgaon,CSU,CSU,NA,10,13.75,1,TR,2050,28187.5,2018,5,CAMC,HVAC,CSU AC,2,2022-06-01,2023-05-31,10-GF,10-GF,N/A,May23-179
004 - Gurgaon,CSU,CSU,NA,11,8.75,1,TR,2050,17937.5,2018,5,CAMC,HVAC,CSU AC,2,2022-06-01,2023-05-31,11-GF,11-GF,N/A,May23-180
004 - Gurgaon,CSU,CSU,NA,12,13.75,1,TR,2050,28187.5,2018,5,CAMC,HVAC,CSU AC,2,2022-06-01,2023-05-31,12-GF,12-GF,N/A,May23-181
004 - Gurgaon,CSU,CSU,NA,13,8.75,1,TR,2050,17937.5,2018,5,CAMC,HVAC,CSU AC,2,2022-06-01,2023-05-31,13-GF,13-GF,N/A,May23-182
004 - Gurgaon,CSU,CSU,NA,14,8.75,1,TR,2050,17937.5,2018,5,CAMC,HVAC,CSU AC,2,2022-06-01,2023-05-31,14-GF,14-GF,N/A,May23-183
004 - Gurgaon,CSU,CSU,NA,15,10,1,TR,2050,20500,2018,5,CAMC,HVAC,CSU AC,2,2022-06-01,2023-05-31,15-GF,15-GF,N/A,May23-184
004 - Gurgaon,CSU,CSU,NA,16,10,1,TR,2050,20500,2018,5,CAMC,HVAC,CSU AC,2,2022-06-01,2023-05-31,16-GF,16-GF,N/A,May23-185
004 - Gurgaon,CSU,CSU,NA,17,11.25,1,TR,2050,23062.5,2018,5,CAMC,HVAC,CSU AC,2,2022-06-01,2023-05-31,17-GF,17-GF,N/A,May23-186
004 - Gurgaon,CSU,CSU,NA,18,11.25,1,TR,2050,23062.5,2018,5,CAMC,HVAC,CSU AC,2,2022-06-01,2023-05-31,18-GF,18-GF,N/A,May23-187
004 - Gurgaon,VFD,VFD,NA,19,1,1,TR,11500,11500,2018,5,CAMC,HVAC,VFD AC,2,2022-06-01,2023-05-31,19-GF,19-GF,N/A,May23-188
004 - Gurgaon,VFD,VFD,NA,20,1,1,TR,11500,11500,2018,5,CAMC,HVAC,VFD AC,2,2022-06-01,2023-05-31,20-GF,20-GF,N/A,May23-189
004 - Gurgaon,VFD,VFD,NA,21,1,1,TR,11500,11500,2018,5,CAMC,HVAC,VFD AC,2,2022-06-01,2023-05-31,21-GF,21-GF,N/A,May23-190
004 - Gurgaon,VFD,VFD,NA,22,1,1,TR,11500,11500,2018,5,CAMC,HVAC,VFD AC,2,2022-06-01,2023-05-31,22-GF,22-GF,N/A,May23-191
004 - Gurgaon,VFD,VFD,NA,23,1,1,TR,11500,11500,2018,5,CAMC,HVAC,VFD AC,2,2022-06-01,2023-05-31,23-GF,23-GF,N/A,May23-192
004 - Gurgaon,VFD,VFD,NA,24,1,1,TR,11500,11500,2018,5,CAMC,HVAC,VFD AC,2,2022-06-01,2023-05-31,24-GF,24-GF,N/A,May23-193
004 - Gurgaon,VFD,VFD,NA,25,1,1,TR,11500,11500,2018,5,CAMC,HVAC,VFD AC,2,2022-06-01,2023-05-31,25-GF,25-GF,N/A,May23-194
004 - Gurgaon,VFD,VFD,NA,26,1,1,TR,11500,11500,2018,5,CAMC,HVAC,VFD AC,2,2022-06-01,2023-05-31,26-GF,26-GF,N/A,May23-195
004 - Gurgaon,VFD,VFD,NA,27,1,1,TR,11500,11500,2018,5,CAMC,HVAC,VFD AC,2,2022-06-01,2023-05-31,27-GF,27-GF,N/A,May23-196
005 - Goa,Split AC,Split AC,NA,1,1.5,1,TR,2050,3075,2018,5,CAMC,HVAC,Split AC,2,2022-06-01,2023-05-31,1-GF,1-GF,N/A,May23-197
005 - Goa,Split AC,Split AC,NA,2,1.5,1,TR,2050,3075,2018,5,CAMC,HVAC,Split AC,2,2022-06-01,2023-05-31,2-GF,2-GF,N/A,May23-198
005 - Goa,Split AC,Split AC,NA,3,1.5,1,TR,2050,3075,2018,5,CAMC,HVAC,Split AC,2,2022-06-01,2023-05-31,3-GF,3-GF,N/A,May23-199
005 - Goa,Window AC,Window AC,NA,4,1.5,1,TR,2050,3075,2018,5,CAMC,HVAC,WINDOW AC,2,2022-06-01,2023-05-31,4-GF,4-GF,N/A,May23-200
005 - Goa,Window AC,Window AC,NA,5,1.5,1,TR,2050,3075,2018,5,CAMC,HVAC,WINDOW AC,2,2022-06-01,2023-05-31,5-GF,5-GF,N/A,May23-201
005 - Goa,Window AC,Window AC,NA,6,1,1,TR,2050,2050,2018,5,CAMC,HVAC,WINDOW AC,2,2022-06-01,2023-05-31,6-GF,6-GF,N/A,May23-202
005 - Goa,Split AC,Split AC,NA,7,2,1,TR,2050,4100,2018,5,CAMC,HVAC,Split AC,2,2022-06-01,2023-05-31,7-GF,7-GF,N/A,May23-203
005 - Goa,UPS,UPS,NA,8,1,1,TR,7500,7500,2018,5,CAMC,Electrical ,UPS ,2,2022-06-01,2023-05-31,8-GF,8-GF,N/A,May23-204
006 - Chandigarh,VRV,VRV,RHYQ10ARY6,1,8.3,1,TR,3500,29050,2018,5,CAMC,HVAC,VRV AC ,2,2022-06-01,2023-05-31,1-GF,1-GF,N/A,May23-205
006 - Chandigarh,VRV,VRV,NA,2,8.3,1,TR,3500,29050,2018,5,CAMC,HVAC,VRV AC ,2,2022-06-01,2023-05-31,2-GF,2-GF,N/A,May23-206
006 - Chandigarh,UPS,UPS,NA,3,1,1,TR,7500,7500,2018,5,CAMC,Electrical ,UPS ,2,2022-06-01,2023-05-31,3-GF,3-GF,N/A,May23-207
006 - Chandigarh,INVERTER,INVERTER,NA,4,1,1,TR,7500,7500,2018,5,CAMC,HVAC,Split AC,2,2022-06-01,2023-05-31,4-GF,4-GF,N/A,May23-208
007 - Daman,Split AC,Split AC,NA,1,1.5,1,TR,2050,3075,2018,5,CAMC,HVAC,Split AC,2,2022-06-01,2023-05-31,1-GF,1-GF,N/A,May23-209
007 - Daman,Split AC,Split AC,NA,2,1.5,1,TR,2050,3075,2018,5,CAMC,HVAC,Split AC,2,2022-06-01,2023-05-31,2-GF,2-GF,N/A,May23-210
007 - Daman,Split AC,Split AC,NA,3,1.5,1,TR,2050,3075,2018,5,CAMC,HVAC,Split AC,2,2022-06-01,2023-05-31,3-GF,3-GF,N/A,May23-211
007 - Daman,UPS,UPS,NA,4,1,1,TR,7500,7500,2018,5,CAMC,Electrical ,UPS ,2,2022-06-01,2023-05-31,4-GF,4-GF,N/A,May23-212
