Company Account Name,Branch Site / Name,Branch Code,Contact Email,Mobile Number,Landline Number,Postal Code,City/District,State/Province,Address Line 1,Address Line 2,Site Incharge,Site UserName,Site Password
JLL - IDFC First Bank Limited,IDFC - BARAN BRANCH,43431,kishore.sawant@jll.com,9967646007,,BARAN,BARAN,RAJASTHAN,"GROUND FLOOR, SATYAM PALACE,  KOTA ROAD,DIST -BARAN , BARAN ,  RAJASTHAN-325205","GROUND FLOOR, SATYAM PALACE,  KOTA ROAD,DIST -BARAN , BARAN ,  RAJASTHAN-325205",,,
JLL - IDFC First Bank Limited,IDFC - CHHABRA BRANCH,43433,kishore.sawant@jll.com,9967646007,,BARAN,BARAN,RAJASTHAN,"GROUND & FIRST FLOOR, PLOT NO.10, SHASTRI  NAGAR COLONY RESIDENTIAL SCHEME, KHASRA NO. 620, HILL VIEW COLONY , AIJAZ  NAGAR, CHHABRA , DISTT . BARAN, RAJASTHAN- 325220","GROUND & FIRST FLOOR, PLOT NO.10, SHASTRI  NAGAR COLONY RESIDENTIAL SCHEME, KHASRA NO. 620, HILL VIEW COLONY , AIJAZ  NAGAR, CHHABRA , DISTT . BARAN, RAJASTHAN- 325220",,,
JLL - IDFC First Bank Limited,IDFC - BARWANI BRANCH,42701,kishore.sawant@jll.com,9967646007,,BARWANI,BARWANI,MADHYA PRADESH,"GROUND FLOOR, PLOT NO. 08, MUNICIPAL DAKHLA NO. 140/10,SURVEY NO. 1/1, ANJAD NAKA, VILL. BARWANI,TEHSIL & DIST. BARWANI, MADHYA PRADESH 451551","GROUND FLOOR, PLOT NO. 08, MUNICIPAL DAKHLA NO. 140/10,SURVEY NO. 1/1, ANJAD NAKA, VILL. BARWANI,TEHSIL & DIST. BARWANI, MADHYA PRADESH 451551",,,
JLL - IDFC First Bank Limited,IDFC - AMBAJOGAI  BRANCH,43821,kishore.sawant@jll.com,9967646007,,BID,BID,MAHARASHTRA,"GROUND FLOOR, 9-1231/1, PLOT NO. 37,38,39,40, PARALI ROAD, SANTOSH PALACE, AMBEDKAR CHOWK, VILLAGE AMBAJOGAI,TALUKA – AMBAJOGAI, MAHARASHTRA- 431517","GROUND FLOOR, 9-1231/1, PLOT NO. 37,38,39,40, PARALI ROAD, SANTOSH PALACE, AMBEDKAR CHOWK, VILLAGE AMBAJOGAI,TALUKA – AMBAJOGAI, MAHARASHTRA- 431517",,,
JLL - IDFC First Bank Limited,IDFC - BOTAD BRANCH,43661,kishore.sawant@jll.com,9967646007,,BOTAD,BOTAD,GUJARAT,"GROUND,1ST 2ND AND 3RD FLOOR,  CITY SURVEY NO. 5093 PAIKI OF SHEET NO. 87 , STATION ROAD, CHATRI CHOWK , TALUKA BOTAD , DISTRICT BHAVNAGAR GUJARAT - 364710","GROUND,1ST 2ND AND 3RD FLOOR,  CITY SURVEY NO. 5093 PAIKI OF SHEET NO. 87 , STATION ROAD, CHATRI CHOWK , TALUKA BOTAD , DISTRICT BHAVNAGAR GUJARAT - 364710",,,
JLL - IDFC First Bank Limited,IDFC - Mughalsarai Chandauli  UP,22231,kishore.sawant@jll.com,9967646007,,CHANDAULI,CHANDAULI,UTTAR PRADESH,"Upper ground floor, house no.193,Village Chandhasi, Ralhupur, Pandit Deen Dayal Upadhayay Nagar, District Chandauli, Mughalsarai , Uttar Pradesh - 232101","Upper ground floor, house no.193,Village Chandhasi, Ralhupur, Pandit Deen Dayal Upadhayay Nagar, District Chandauli, Mughalsarai , Uttar Pradesh - 232101",,,
JLL - IDFC First Bank Limited,IDFC - MBL - CHANDRAPUR,43631,kishore.sawant@jll.com,9967646007,,CHANDRAPUR,CHANDRAPUR,MAHARASHTRA,"1ST FLOOR ZANZARI COMPLEX, SARAI MARKET ZILA, PARISHAD ROAD, CHANDRAPUR- MAHARASHTRA 442401","1ST FLOOR ZANZARI COMPLEX, SARAI MARKET ZILA, PARISHAD ROAD, CHANDRAPUR- MAHARASHTRA 442401",,,
JLL - IDFC First Bank Limited,IDFC - CHARKHI DADRI BRANCH,22041,kishore.sawant@jll.com,9967646007,,CHARKI DADRI,CHARKI DADRI,HARYANA,"GROUND FLOOR, KHEWAT NO. 1149, KHATONI- 1226, LOHARU ROAD , CHARKHI DADRI,  HARYANA- 127306","GROUND FLOOR, KHEWAT NO. 1149, KHATONI- 1226, LOHARU ROAD , CHARKHI DADRI,  HARYANA- 127306",,,
JLL - IDFC First Bank Limited,IDFC - SUJANGARH BRANCH,43001,kishore.sawant@jll.com,9967646007,,CHURU,CHURU,RAJASTHAN,"GROUND FLOOR, GANPATI PLAZA,STATION ROAD, SUJANGARH CITY,DIST- CHURU, RAJASTHAN-331507","GROUND FLOOR, GANPATI PLAZA,STATION ROAD, SUJANGARH CITY,DIST- CHURU, RAJASTHAN-331507",,,
JLL - IDFC First Bank Limited,IDFC - DIMAPUR-CHURCH ROAD BRANCH,60861,kishore.sawant@jll.com,9967646007,,DIMAPUR,DIMAPUR,NAGALAND,"GROUND FLOOR, CHURCH ROAD, MAIN MARKET, DIMAPUR, NAGALAND- 797112 ","GROUND FLOOR, CHURCH ROAD, MAIN MARKET, DIMAPUR, NAGALAND- 797112 ",,,
JLL - IDFC First Bank Limited,IDFC - DIMAPUR -DBU BRANCH,60862,kishore.sawant@jll.com,9967646007,,DIMAPUR,DIMAPUR,NAGALAND,"RAKHI COMPLEX, BASEMENT, CHRUCH ROAD, DIMAPUR, NAGALAND - 797112","RAKHI COMPLEX, BASEMENT, CHRUCH ROAD, DIMAPUR, NAGALAND - 797112",,,
JLL - IDFC First Bank Limited,IDFC - UTAI BRANCH,60561,kishore.sawant@jll.com,9967646007,,DURG,DURG,CHHATTISGARH,"GROUND FLOOR, SAI COMPLEX, WARD NO.4, P.H.NO.30, KHASRA NO. 986/19,986/60, UTAI MARKET TO PATTAN ROAD, UTAI – 491107. DIST. DURG, CHHATTISGARH","GROUND FLOOR, SAI COMPLEX, WARD NO.4, P.H.NO.30, KHASRA NO. 986/19,986/60, UTAI MARKET TO PATTAN ROAD, UTAI – 491107. DIST. DURG, CHHATTISGARH",,,
JLL - IDFC First Bank Limited,IDFC - BHILAI BRANCH,60562,kishore.sawant@jll.com,9967646007,,DURG,DURG,CHHATTISGARH,"GROUND FLOOR, SHOP NO. 82-83,COMMERCIAL COMPLEX, NEHRU  NAGAR (EAST),BHILAI, CHHATTISGARH - 490020","GROUND FLOOR, SHOP NO. 82-83,COMMERCIAL COMPLEX, NEHRU  NAGAR (EAST),BHILAI, CHHATTISGARH - 490020",,,
JLL - IDFC First Bank Limited,IDFC - MBL - BHILAI,60563,kishore.sawant@jll.com,9967646007,,DURG,DURG,CHHATTISGARH,"1ST FLOOR, PLOT NO. 20/8,SUPELA CHOWK, NEAR GHARI CHOWK, DATCHIND GANGOTRI, GE ROAD, BHILAI, CHATTISGARH, -490023","1ST FLOOR, PLOT NO. 20/8,SUPELA CHOWK, NEAR GHARI CHOWK, DATCHIND GANGOTRI, GE ROAD, BHILAI, CHATTISGARH, -490023",,,
JLL - IDFC First Bank Limited,IDFC - TOHANA BRANCH,21071,kishore.sawant@jll.com,9967646007,,FATEHABAD,FATEHABAD,HARYANA,"GROUND FLOOR, BUILDING KHASRA NO.369(MIN 23-7), PROPERTY ID NO. P010004267-A, CHANDIGARH ROAD, TOHANA , DISTRICT FATEHABAD , HARYANA - 125120","GROUND FLOOR, BUILDING KHASRA NO.369(MIN 23-7), PROPERTY ID NO. P010004267-A, CHANDIGARH ROAD, TOHANA , DISTRICT FATEHABAD , HARYANA - 125120",,,
JLL - IDFC First Bank Limited,IDFC - FATEHABAD BRANCH,21072,kishore.sawant@jll.com,9967646007,,FATEHABAD,FATEHABAD,HARYANA,"GROUND FLOOR, PROPERTY ID NO. 080182NH100064 ,  KHASRA NO. 1212/1(5-6), BHUNA MODE 429/10,M.C NO. 429/11,  G.T. ROAD, BASTI BHIWA TEHSIL DISTT. FATEHABAD , FATEHABAD - 125050","GROUND FLOOR, PROPERTY ID NO. 080182NH100064 ,  KHASRA NO. 1212/1(5-6), BHUNA MODE 429/10,M.C NO. 429/11,  G.T. ROAD, BASTI BHIWA TEHSIL DISTT. FATEHABAD , FATEHABAD - 125050",,,
JLL - IDFC First Bank Limited,IDFC - FATEHABAD CLUSTER OFFICE,29203,kishore.sawant@jll.com,9967646007,,FATEHABAD,FATEHABAD,HARYANA,"1ST FLOOR, KHASRA NO. 1212/1(5-6), BHUNA CROSSING, NEAR IDBI BANK, BASTI BHIVA,  DIST. FATEHABAD, FATEHABAD - 125050. HARYANA","1ST FLOOR, KHASRA NO. 1212/1(5-6), BHUNA CROSSING, NEAR IDBI BANK, BASTI BHIVA,  DIST. FATEHABAD, FATEHABAD - 125050. HARYANA",,,
JLL - IDFC First Bank Limited,IDFC - PENDRA ROAD BRANCH,60364,kishore.sawant@jll.com,9967646007,,GAURELA-PENDRA-MARWAHI,GAURELA-PENDRA-MARWAHI,CHHATTISGARH,"GROUND FLOOR & 1ST FLOOR, WARD NO.5, BESIDE RADHAKRISHNA MANDIR, SANJAY CHOWK, MAIN ROAD, GAURELLA, PENDRA ROAD. DISTRICT BILASPUR. CHHATTISGARH. PIN– 495117. ","GROUND FLOOR & 1ST FLOOR, WARD NO.5, BESIDE RADHAKRISHNA MANDIR, SANJAY CHOWK, MAIN ROAD, GAURELLA, PENDRA ROAD. DISTRICT BILASPUR. CHHATTISGARH. PIN– 495117. ",,,
JLL - IDFC First Bank Limited,IDFC - MBL - VERAVAL,43581,kishore.sawant@jll.com,9967646007,,GIR SOMNATH,GIR SOMNATH,GUJARAT,"OFFICE NO. 4, THIRD FLOOR, RUSHIKESH ARCADE, TOWER CHOWK, VERAVAL 362265","OFFICE NO. 4, THIRD FLOOR, RUSHIKESH ARCADE, TOWER CHOWK, VERAVAL 362265",,,
JLL - IDFC First Bank Limited,IDFC - Veraval,43582,kishore.sawant@jll.com,9967646007,,GIR SOMNATH,GIR SOMNATH,GUJARAT,"Ground floor, Wing B ,Shop no. 8,9,18,19,20, Block J , Tower Chowk, Veraval, Gujarat-362265","Ground floor, Wing B ,Shop no. 8,9,18,19,20, Block J , Tower Chowk, Veraval, Gujarat-362265",,,
JLL - IDFC First Bank Limited,IDFC - HOWRAH - AC MARKET BRANCH,60138,kishore.sawant@jll.com,9967646007,,HAORA,HAORA,WEST BENGAL,"27, MOULANA ABUL KALAM AZAD ROAD, WARD NO. 13, P.S. GOLABARI, HOWRAH, WEST BENGAL, PIN-711 101","27, MOULANA ABUL KALAM AZAD ROAD, WARD NO. 13, P.S. GOLABARI, HOWRAH, WEST BENGAL, PIN-711 101",,,
JLL - IDFC First Bank Limited,IDFC - MBL - HAZARIBAUG,61171,kishore.sawant@jll.com,9967646007,,HAZARIBAG,HAZARIBAG,JHARKHAND,"FIRST FLOOR, RAMESH COMPLEX, BODDHAM BAZAR, GORA CHOWK, HAZARIBAGH, JHARKHAND - 825301","FIRST FLOOR, RAMESH COMPLEX, BODDHAM BAZAR, GORA CHOWK, HAZARIBAGH, JHARKHAND - 825301",,,
JLL - IDFC First Bank Limited,IDFC - LATUR,43811,kishore.sawant@jll.com,9967646007,,JALNA,JALNA,MAHARASHTRA,"1ST FLOOR, SHOP NO.101,102,125,126&127, VITHALA TOWERS, ANANDI GINNING , NEAR BHAGYA NAGAR,SHANI MANDIR CHOWK, OLD JALNA , JALNA , MAHARASHTRA- 431213","1ST FLOOR, SHOP NO.101,102,125,126&127, VITHALA TOWERS, ANANDI GINNING , NEAR BHAGYA NAGAR,SHANI MANDIR CHOWK, OLD JALNA , JALNA , MAHARASHTRA- 431213",,,
JLL - IDFC First Bank Limited,IDFC - JALORE BRANCH,43221,kishore.sawant@jll.com,9967646007,,JALOR,JALOR,RAJASTHAN,"GROUND FLOOR ,  PLOT NO. H-15 SHIVAJI NAGAR, OPP JAIN BOARDING, STATION ROAD, JALORE CITY , DISTT – JALORE ,  RAJASTHAN  343001","GROUND FLOOR ,  PLOT NO. H-15 SHIVAJI NAGAR, OPP JAIN BOARDING, STATION ROAD, JALORE CITY , DISTT – JALORE ,  RAJASTHAN  343001",,,
JLL - IDFC First Bank Limited,IDFC - JHAJJAR BRANCH,22031,kishore.sawant@jll.com,9967646007,,JHAJJAR,JHAJJAR,HARYANA,"UPPER GROUND FLOOR, PROPERTY NO.3,WARD NO.1, OPP. RAJOTIA HOSPITAL, ROHTAK ROAD, TEHSIL & ZILA JHAJJAR, HARYANA-124103","UPPER GROUND FLOOR, PROPERTY NO.3,WARD NO.1, OPP. RAJOTIA HOSPITAL, ROHTAK ROAD, TEHSIL & ZILA JHAJJAR, HARYANA-124103",,,
JLL - IDFC First Bank Limited,IDFC - MBL - BAHADURGARH,22032,kishore.sawant@jll.com,9967646007,,JHAJJAR,JHAJJAR,HARYANA,"1ST FLOOR, CHAUDHARY COMPLEX, DAYANAND NAGAR , ANDAR HADUD NAGAR PARISHAD BAHADURGARH ,  DELHI ROHTAK ROAD,DISTT. JAJJAR, BAHADURGARH, HARYANA-124507","1ST FLOOR, CHAUDHARY COMPLEX, DAYANAND NAGAR , ANDAR HADUD NAGAR PARISHAD BAHADURGARH ,  DELHI ROHTAK ROAD,DISTT. JAJJAR, BAHADURGARH, HARYANA-124507",,,
JLL - IDFC First Bank Limited,IDFC - JHALRAPATAN BRANCH,43451,kishore.sawant@jll.com,9967646007,,JHALAWAR,JHALAWAR,RAJASTHAN,"GROUND FLOOR, KHASARANO. 478, ROAD NO. 12, NEAR GINDORE GATE, JHALRA PATAN, DIST : JHALAWAR, RAJASTHAN - 326023","GROUND FLOOR, KHASARANO. 478, ROAD NO. 12, NEAR GINDORE GATE, JHALRA PATAN, DIST : JHALAWAR, RAJASTHAN - 326023",,,
JLL - IDFC First Bank Limited,IDFC - JHUNJHUNU BRANCH,42301,kishore.sawant@jll.com,9967646007,,JHUNJHUNU,JHUNJHUNU,RAJASTHAN,"GROUND FLOOR, PLOT NO 14A, WATER WORKS COLONY,MANN NAGAR, 
NEAR PEERU SINGH CIRCLE,, JHUNJHUNU, RAJASTHAN, 333001","GROUND FLOOR, PLOT NO 14A, WATER WORKS COLONY,MANN NAGAR, 
NEAR PEERU SINGH CIRCLE,, JHUNJHUNU, RAJASTHAN, 333001",,,
JLL - IDFC First Bank Limited,IDFC - SINGHANA BRANCH,42302,kishore.sawant@jll.com,9967646007,,JHUNJHUNU,JHUNJHUNU,RAJASTHAN,"GROUND AND FIRST FLOOR,  NEAR HARIDAS MANDIR,CHIRAWA ROAD, VILLAGE & P.O. - SINGHANA ,  DISTT. JHUNJHUNU ,  RAJASTHAN 333516","GROUND AND FIRST FLOOR,  NEAR HARIDAS MANDIR,CHIRAWA ROAD, VILLAGE & P.O. - SINGHANA ,  DISTT. JHUNJHUNU ,  RAJASTHAN 333516",,,
JLL - IDFC First Bank Limited,IDFC - MBL - BHUJ,43501,kishore.sawant@jll.com,9967646007,,KACHCHH,KACHCHH,GUJARAT,"5, SECOND FLOOR, TRISHLA ARCADE, NEAR JUBILI GROUND, BHUJ MUNDRA ROAD, BHUJ-370001","5, SECOND FLOOR, TRISHLA ARCADE, NEAR JUBILI GROUND, BHUJ MUNDRA ROAD, BHUJ-370001",,,
JLL - IDFC First Bank Limited,IDFC - MBL - GANDHIDHAM,43502,kishore.sawant@jll.com,9967646007,,KACHCHH,KACHCHH,GUJARAT,"SECOND FLOOR, NEAR BANKING CIRCLE, ABOVE YES BANK, GANDHIDHAM - 370201","SECOND FLOOR, NEAR BANKING CIRCLE, ABOVE YES BANK, GANDHIDHAM - 370201",,,
JLL - IDFC First Bank Limited,IDFC - GANDHIDHAM BRANCH,43505,kishore.sawant@jll.com,9967646007,,KACHCHH,KACHCHH,GUJARAT,"GROUND AND FIRST FLOOR, PLOT NO. 9, SECTOR 9 , GANDHIDHAM - 370201","GROUND AND FIRST FLOOR, PLOT NO. 9, SECTOR 9 , GANDHIDHAM - 370201",,,
JLL - IDFC First Bank Limited,IDFC - GUWAHATI BRANCH,60261,kishore.sawant@jll.com,9967646007,,KAMRUP METROPOLITAN,KAMRUP METROPOLITAN,ASSAM,"FIRST FLOOR, AG PLAZA, G.S. ROAD, GUWAHATI, ASSAM 781005","FIRST FLOOR, AG PLAZA, G.S. ROAD, GUWAHATI, ASSAM 781005",,,
JLL - IDFC First Bank Limited,IDFC - GUWAHATI- ITAG  PLAZA,60262,kishore.sawant@jll.com,9967646007,,KAMRUP METROPOLITAN,KAMRUP METROPOLITAN,ASSAM,"1ST FLOOR, ITAG PLAZA, UNIT NO. 1B ,  G.S ROAD,  NEAR RAJIV BHAWAN , GUWAHATI ,ASSAM - 781005","1ST FLOOR, ITAG PLAZA, UNIT NO. 1B ,  G.S ROAD,  NEAR RAJIV BHAWAN , GUWAHATI ,ASSAM - 781005",,,
JLL - IDFC First Bank Limited,"IDFC - FANCY BAZAR,GUWAHATI ASSAM",60265,kishore.sawant@jll.com,9967646007,,KAMRUP METROPOLITAN,KAMRUP METROPOLITAN,ASSAM,"UPPER GROUND FLOOR, M. G ROAD, FANCY BAZAR, GUWAHATI , ASSAM - 781001","UPPER GROUND FLOOR, M. G ROAD, FANCY BAZAR, GUWAHATI , ASSAM - 781001",,,
JLL - IDFC First Bank Limited,IDFC - NADIAD BRANCH,42161,kishore.sawant@jll.com,9967646007,,KHEDA,KHEDA,GUJARAT,"GR FLR UNIT NO 2, FIRST FLOOR UNIT NO. 1 , SO, COLLEGE ROAD, OPP AADHAR MARKET, NADIAD, NADIAD, NADIAD, 387001","GR FLR UNIT NO 2, FIRST FLOOR UNIT NO. 1 , SO, COLLEGE ROAD, OPP AADHAR MARKET, NADIAD, NADIAD, NADIAD, 387001",,,
JLL - IDFC First Bank Limited,IDFC - BHUBANESWAR BRANCH,60241,kishore.sawant@jll.com,9967646007,,KHURDA,KHURDA,ODISHA,"FIRST FLOOR, 96, KHARVEL NAGAR, JANPATH, BHUBANESWAR, ODISHA 751001","FIRST FLOOR, 96, KHARVEL NAGAR, JANPATH, BHUBANESWAR, ODISHA 751001",,,
JLL - IDFC First Bank Limited,IDFC - BHUBANESWAR-MODI BHAWAN,60242,kishore.sawant@jll.com,9967646007,,KHURDA,KHURDA,ODISHA,"1ST FLOOR AND PART OF 2ND FLOOR MODI BHAWAN, 178A, SHAHEED NAGAR, BACKSIDE OF CENTRAL MALL, BHUBANESWAR - 751007, ORISSA,","1ST FLOOR AND PART OF 2ND FLOOR MODI BHAWAN, 178A, SHAHEED NAGAR, BACKSIDE OF CENTRAL MALL, BHUBANESWAR - 751007, ORISSA,",,,
JLL - IDFC First Bank Limited,IDFC - Baramunda,60245,kishore.sawant@jll.com,9967646007,,KHURDA,KHURDA,ODISHA,"Ground and 1st floor,  Plot M-15,Unit – G101 &F-201, Unit-19,H.B Colony, Baramunda, Bhubaneshwar , Odisha- 751003","Ground and 1st floor,  Plot M-15,Unit – G101 &F-201, Unit-19,H.B Colony, Baramunda, Bhubaneshwar , Odisha- 751003",,,
JLL - IDFC First Bank Limited,IDFC - KHORDHA BRANCH,60621,kishore.sawant@jll.com,9967646007,,KHURDA,KHURDA,ODISHA,"GROUND FLOOR & 1ST FLOOR, ,PLOT NO.997/1481 , MAIN BHUBNESHWAR – KHORDHA ROAD, TEHSIL & DISTT. KHORDHA – 752055.ODISHA","GROUND FLOOR & 1ST FLOOR, ,PLOT NO.997/1481 , MAIN BHUBNESHWAR – KHORDHA ROAD, TEHSIL & DISTT. KHORDHA – 752055.ODISHA",,,
JLL - IDFC First Bank Limited,IDFC - SINGESWAR,60622,kishore.sawant@jll.com,9967646007,,KHURDA,KHURDA,ODISHA,"Ground floor, Plot no. 506/636, Khata no. 296, Dist. Khurda, P.S.Banpur, PS Balugaon,  Mouza Singeshwar, Odisha- 752030","Ground floor, Plot no. 506/636, Khata no. 296, Dist. Khurda, P.S.Banpur, PS Balugaon,  Mouza Singeshwar, Odisha- 752030",,,
JLL - IDFC First Bank Limited,IDFC - RASULGARH BRANCH,61371,kishore.sawant@jll.com,9967646007,,KHURDA,KHURDA,ODISHA,"GROUND FLOOR, PLOT NO. A/91,UNIT NO.11, SAHEED NAGAR, DIST. KHORDA, BHUBANESHWAR,- 751007","GROUND FLOOR, PLOT NO. A/91,UNIT NO.11, SAHEED NAGAR, DIST. KHORDA, BHUBANESHWAR,- 751007",,,
JLL - IDFC First Bank Limited,IDFC - BHUBANESWAR (REGIONAL OFFICE),69402,kishore.sawant@jll.com,9967646007,,KHURDA,KHURDA,ODISHA,"SIGNATURE PLAZA, 4TH FLOOR, PLOT NO J-1, MAITRE VIHAR ROAD, JAIDEV VIHAR, BHUBNESWAR 751024","SIGNATURE PLAZA, 4TH FLOOR, PLOT NO J-1, MAITRE VIHAR ROAD, JAIDEV VIHAR, BHUBNESWAR 751024",,,
JLL - IDFC First Bank Limited,IDFC - Padrauna,22301,kishore.sawant@jll.com,9967646007,,KUSHI NAGAR,KUSHI NAGAR,UTTAR PRADESH,"Ground and 1st floor, Khasra no. 1425&1426, Village Padrauna, Pargana Sidhua Jovna, Tehsil Padrauna, & Distt. Kushinagar, Uttar Pradesh- 274304","Ground and 1st floor, Khasra no. 1425&1426, Village Padrauna, Pargana Sidhua Jovna, Tehsil Padrauna, & Distt. Kushinagar, Uttar Pradesh- 274304",,,
JLL - IDFC First Bank Limited,IDFC - NANDED,43791,kishore.sawant@jll.com,9967646007,,LATUR,LATUR,MAHARASHTRA,"1ST FLOOR, HOUSE NO. R1/3991-92,BARSHI ROAD, PLOT NO.30/31, KAHGAON TALUKA, DIST. LATUR, MAHARASTRA- 413531","1ST FLOOR, HOUSE NO. R1/3991-92,BARSHI ROAD, PLOT NO.30/31, KAHGAON TALUKA, DIST. LATUR, MAHARASTRA- 413531",,,
JLL - IDFC First Bank Limited,IDFC - NARNAUL BRANCH,22021,kishore.sawant@jll.com,9967646007,,MAHENDRAGARH,MAHENDRAGARH,HARYANA,"GROUND FLOOR, KHATAUNI  NO. 1599, KHASRA- 2004,  PRABHAT  COMPLEX, NEAR VIJAY HOSPITAL, DIST. MAHENDRAGARH NARNAUL, HARYANA-123001","GROUND FLOOR, KHATAUNI  NO. 1599, KHASRA- 2004,  PRABHAT  COMPLEX, NEAR VIJAY HOSPITAL, DIST. MAHENDRAGARH NARNAUL, HARYANA-123001",,,
JLL - IDFC First Bank Limited,IDFC - LUNAWADA  BRANCH,42801,kishore.sawant@jll.com,9967646007,,MAHISAGAR,MAHISAGAR,GUJARAT,"CITY SURVEY NO 178/37/38, PLOT NO 15-16,OPP ALLAHABAD BANK, NEAR KOSIYA NAKA,MODASA HIGHWAY, 
DIST. MAHISAGAR LUNAWADA GUJARAT - 389230","CITY SURVEY NO 178/37/38, PLOT NO 15-16,OPP ALLAHABAD BANK, NEAR KOSIYA NAKA,MODASA HIGHWAY, 
DIST. MAHISAGAR LUNAWADA GUJARAT - 389230",,,
JLL - IDFC First Bank Limited,IDFC - Maunath,21268,kishore.sawant@jll.com,9967646007,,MAU,MAU,UTTAR PRADESH,"Ground floor, House no. 208,Khasra no. 774,, Sarayalkhasi Village, Maunath BHanjan , Uttarpradesh - 275101","Ground floor, House no. 208,Khasra no. 774,, Sarayalkhasi Village, Maunath BHanjan , Uttarpradesh - 275101",,,
JLL - IDFC First Bank Limited,IDFC - MBL- VARACHA,42274,kishore.sawant@jll.com,9967646007,,NARMADA,NARMADA,GUJARAT,"4TH  FLOOR, OFFICE NO. 455,  AVADH VICEROY, SARTHANA JAKATNAKA, VARACHA SURAT - 395013","4TH  FLOOR, OFFICE NO. 455,  AVADH VICEROY, SARTHANA JAKATNAKA, VARACHA SURAT - 395013",,,
JLL - IDFC First Bank Limited,IDFC - RAJPIPLA BRANCH,43291,kishore.sawant@jll.com,9967646007,,NARMADA,NARMADA,GUJARAT,"GROUND FLOOR, PLOT NO. 1,2,3& 11,12,13, SURVEY NO. 3A, BELOW USHA HOSPITAL, OPP. RADHAKRISHNA  TEMPLE, MOJE – RAJPIPLA, DISTRICT  NARMADA , RAJPIPLA , GUJARAT- 393145","GROUND FLOOR, PLOT NO. 1,2,3& 11,12,13, SURVEY NO. 3A, BELOW USHA HOSPITAL, OPP. RADHAKRISHNA  TEMPLE, MOJE – RAJPIPLA, DISTRICT  NARMADA , RAJPIPLA , GUJARAT- 393145",,,
JLL - IDFC First Bank Limited,IDFC - SONKHEDA BRANCH,41101,kishore.sawant@jll.com,9967646007,,NARMADAPURAM,NARMADAPURAM,MADHYA PRADESH,"GROUND FLOOR, WARD NO.10, BAZAAR MOHALLA, VILLAGE SONKHEDA, SONKHEDA, TEHSIL ITARSI, 461111","GROUND FLOOR, WARD NO.10, BAZAAR MOHALLA, VILLAGE SONKHEDA, SONKHEDA, TEHSIL ITARSI, 461111",,,
JLL - IDFC First Bank Limited,IDFC - PIPARIYA  BRANCH,41102,kishore.sawant@jll.com,9967646007,,NARMADAPURAM,NARMADAPURAM,MADHYA PRADESH,"GROUND FLOOR, IN FRONT OF RNA SCHOOL, SHOBHAPUR ROAD, PIPARIYA, PIPARIYA, 461775","GROUND FLOOR, IN FRONT OF RNA SCHOOL, SHOBHAPUR ROAD, PIPARIYA, PIPARIYA, 461775",,,
JLL - IDFC First Bank Limited,IDFC - BANKHEDI BRANCH,41103,kishore.sawant@jll.com,9967646007,,NARMADAPURAM,NARMADAPURAM,MADHYA PRADESH,"GROUND FLOOR, BY PASS TIGADDA, PIPARIYA ROAD, BANKHEDI, BANKHEDI, 461990","GROUND FLOOR, BY PASS TIGADDA, PIPARIYA ROAD, BANKHEDI, BANKHEDI, 461990",,,
JLL - IDFC First Bank Limited,IDFC - SEONI MALWA  BRANCH,41105,kishore.sawant@jll.com,9967646007,,NARMADAPURAM,NARMADAPURAM,MADHYA PRADESH,"GROUND FLOOR, MAIN ROAD, MAIN ROAD, SEONI MALWA, SEONI MALWA, 461990","GROUND FLOOR, MAIN ROAD, MAIN ROAD, SEONI MALWA, SEONI MALWA, 461990",,,
JLL - IDFC First Bank Limited,IDFC - NARMADAPURAM BRANCH,41112,kishore.sawant@jll.com,9967646007,,NARMADAPURAM,NARMADAPURAM,MADHYA PRADESH,"GROUND AND FIRST FLOOR, WARD NO.7,  PLOT NO. 74-12/1/21,MEENASKSHI CHOWK, ANAND NAGAR, NARMADAPURAM, MADHYA PRADESH - 461001","GROUND AND FIRST FLOOR, WARD NO.7,  PLOT NO. 74-12/1/21,MEENASKSHI CHOWK, ANAND NAGAR, NARMADAPURAM, MADHYA PRADESH - 461001",,,
JLL - IDFC First Bank Limited,IDFC - GOA-MAPUSA BRANCH,42403,kishore.sawant@jll.com,9967646007,,NORTH GOA,NORTH GOA,GOA,"GROUND FLOOR, SHOP NO. G4 AND G5, FORTUNE SQUARE, MOROD, NORTH GOA, MAPUSA , GOA - 403507","GROUND FLOOR, SHOP NO. G4 AND G5, FORTUNE SQUARE, MOROD, NORTH GOA, MAPUSA , GOA - 403507",,,
JLL - IDFC First Bank Limited,IDFC - GOA-PORVORIM BRANCH,42405,kishore.sawant@jll.com,9967646007,,NORTH GOA,NORTH GOA,GOA,"GROUND FLOOR, HOUSE NO. 502/GF2, HOTEL DEV DEEP BUILDING, ALTO PILERNE, PORVORIM, BARDEZ , GOA- 403521","GROUND FLOOR, HOUSE NO. 502/GF2, HOTEL DEV DEEP BUILDING, ALTO PILERNE, PORVORIM, BARDEZ , GOA- 403521",,,
JLL - IDFC First Bank Limited,IDFC - OSMANABAD BRANCH,43711,kishore.sawant@jll.com,9967646007,,OSMANABAD,OSMANABAD,MAHARASHTRA,"GROUND FLOOR & 1ST FLOOR, PLOT NO.9,CTS. 7843 , TAL. OSMANABAD,DIST. OSMANABAD, SAMBHAJI NAGAR,OSMANABAD- 413501","GROUND FLOOR & 1ST FLOOR, PLOT NO.9,CTS. 7843 , TAL. OSMANABAD,DIST. OSMANABAD, SAMBHAJI NAGAR,OSMANABAD- 413501",,,
JLL - IDFC First Bank Limited,IDFC - MUMBAI-VIRAR,40124,kishore.sawant@jll.com,9967646007,,PALGHAR,PALGHAR,MAHARASHTRA,"MAITRI PARK, 2ND FLOOR,OLD VIVA COLLEGE ROAD, ABOVE INDIA BULLS LOAN OFFICE , VIRAR(WEST) – MUMBAI - 401303","MAITRI PARK, 2ND FLOOR,OLD VIVA COLLEGE ROAD, ABOVE INDIA BULLS LOAN OFFICE , VIRAR(WEST) – MUMBAI - 401303",,,
JLL - IDFC First Bank Limited,IDFC - Vasai,43391,kishore.sawant@jll.com,9967646007,,PALGHAR,PALGHAR,MAHARASHTRA,"GROUND FLOOR, KT SIGNATURE, 100 FEET ROAD CORNER, DEEWANMAN , AMBADI ROAD, SAI NAGAR,  VASAI(WEST), DIST PALGHAR – 401202","GROUND FLOOR, KT SIGNATURE, 100 FEET ROAD CORNER, DEEWANMAN , AMBADI ROAD, SAI NAGAR,  VASAI(WEST), DIST PALGHAR – 401202",,,
JLL - IDFC First Bank Limited,IDFC - GODHRA BRANCH,42241,kishore.sawant@jll.com,9967646007,,PANCH MAHALS,PANCH MAHALS,GUJARAT,"GROUND FLOOR, KHASRA NO 1215/1, SRI SWAMINARAYAN AVENUE, BAMROLI ROAD, GODHRA CITY, PANCH MAHALS DISTRICT, GUJARAT  389001","GROUND FLOOR, KHASRA NO 1215/1, SRI SWAMINARAYAN AVENUE, BAMROLI ROAD, GODHRA CITY, PANCH MAHALS DISTRICT, GUJARAT  389001",,,
JLL - IDFC First Bank Limited,IDFC - HALOL BRANCH,42242,kishore.sawant@jll.com,9967646007,,PANCH MAHALS,PANCH MAHALS,GUJARAT,"GROUND AND FIRST FLOOR, SAI COMPLEX,  VIJAY PARK,  KALOL ROAD, HALOL, GUJARAT – 389350","GROUND AND FIRST FLOOR, SAI COMPLEX,  VIJAY PARK,  KALOL ROAD, HALOL, GUJARAT – 389350",,,
JLL - IDFC First Bank Limited,IDFC - MBL-Patan,40423,kishore.sawant@jll.com,9967646007,,PATAN,PATAN,GUJARAT,"2nd floor, Plot No.42, S/1/ & S/6, Tower B,  Vrindavan Square,  Patan,             Gujarat- 384265","2nd floor, Plot No.42, S/1/ & S/6, Tower B,  Vrindavan Square,  Patan,             Gujarat- 384265",,,
JLL - IDFC First Bank Limited,IDFC - PATAN BRANCH,42361,kishore.sawant@jll.com,9967646007,,PATAN,PATAN,GUJARAT,"GROUND FLOOR AND SECOND FLOOR, DEVI ESTATE , DEEDA PATAN HIGHWAY, TB3 CROSS ROAD , PATAN - 384265","GROUND FLOOR AND SECOND FLOOR, DEVI ESTATE , DEEDA PATAN HIGHWAY, TB3 CROSS ROAD , PATAN - 384265",,,
JLL - IDFC First Bank Limited,IDFC - BELA PRATAPGARH BRANCH,22091,kishore.sawant@jll.com,9967646007,,PRATAPGARH,PRATAPGARH,UTTAR PRADESH,"UPPER GROUND FLOOR, PROPERTY NO. 39/1, BHADRI HOUSE, HOSPITAL ROAD, VILLAGE BEHLALGHAT (ANDAR), PARGANA & TEHSIL SADAR, DISTT. PRATAPGARH, UTTAR PRADESH - 230001","UPPER GROUND FLOOR, PROPERTY NO. 39/1, BHADRI HOUSE, HOSPITAL ROAD, VILLAGE BEHLALGHAT (ANDAR), PARGANA & TEHSIL SADAR, DISTT. PRATAPGARH, UTTAR PRADESH - 230001",,,
JLL - IDFC First Bank Limited,IDFC - JAMSHEDPUR-HEMKALI TOWER,60401,kishore.sawant@jll.com,9967646007,,PURBI SINGHBHUM,PURBI SINGHBHUM,JHARKHAND,"2ND FLOOR, B.S. HEMKALI TOWER MAIN ROAD, BISTUPUR, ABOVE RELINCE FOOT PRINT, JAMSHEDPUR 831001","2ND FLOOR, B.S. HEMKALI TOWER MAIN ROAD, BISTUPUR, ABOVE RELINCE FOOT PRINT, JAMSHEDPUR 831001",,,
JLL - IDFC First Bank Limited,IDFC - JAMSHEDPUR - JAMSHEDPUR MAIN BRANCH,60402,kishore.sawant@jll.com,9967646007,,PURBI SINGHBHUM,PURBI SINGHBHUM,JHARKHAND,"GROUND FLOOR, PADMALAYA , 18, RAM MANDIR AREA, BISTUPUR, JAMSHEDPUR-831001","GROUND FLOOR, PADMALAYA , 18, RAM MANDIR AREA, BISTUPUR, JAMSHEDPUR-831001",,,
JLL - IDFC First Bank Limited,IDFC - KHARGHAR BRANCH,40134,kishore.sawant@jll.com,9967646007,,RAIGAD,RAIGAD,MAHARASHTRA,"GR FLOOR, SHOP NO: 07, SHREE KRISHNA PARADISE, CHS, PT NO: D69, KHARGHAR SECTOR 12, NAVI MUMBAI 410210","GR FLOOR, SHOP NO: 07, SHREE KRISHNA PARADISE, CHS, PT NO: D69, KHARGHAR SECTOR 12, NAVI MUMBAI 410210",,,
JLL - IDFC First Bank Limited,IDFC - PANVEL BRANCH,40142,kishore.sawant@jll.com,9967646007,,RAIGAD,RAIGAD,MAHARASHTRA,"GROUND FLOOR, SHOP NO.S-01A, LAKHANI LANDMARK, PLOT NO. 19, SECTOR NO. 19, PANVEL MATHERAN ROAD, NEW PANVEL (EAST), NAVI MUMBAI - 410206","GROUND FLOOR, SHOP NO.S-01A, LAKHANI LANDMARK, PLOT NO. 19, SECTOR NO. 19, PANVEL MATHERAN ROAD, NEW PANVEL (EAST), NAVI MUMBAI - 410206",,,
JLL - IDFC First Bank Limited,IDFC - KALAMBOLI BRANCH,40143,kishore.sawant@jll.com,9967646007,,RAIGAD,RAIGAD,MAHARASHTRA,"SHOP NO. G-8, GROUND FLOOR, AMARANTE BUILDING ,SECTOR -9E,PLOT NO. 4, KALAMBOLI, NAVI MUMBAI - 410218.","SHOP NO. G-8, GROUND FLOOR, AMARANTE BUILDING ,SECTOR -9E,PLOT NO. 4, KALAMBOLI, NAVI MUMBAI - 410218.",,,
JLL - IDFC First Bank Limited,IDFC - MUMBAI-PANVEL,42581,kishore.sawant@jll.com,9967646007,,RAIGAD,RAIGAD,MAHARASHTRA,"1ST FLOOR, SHOP NO.107, PLOTNO.9, CIDCO SHOPPING COMPLEX, OPP. SHIVA COMPLEX, SECTOR 1, MATHERAN ROAD, NEW PANVEL, MAHARASHTRA - 410206","1ST FLOOR, SHOP NO.107, PLOTNO.9, CIDCO SHOPPING COMPLEX, OPP. SHIVA COMPLEX, SECTOR 1, MATHERAN ROAD, NEW PANVEL, MAHARASHTRA - 410206",,,
JLL - IDFC First Bank Limited,IDFC - HIMMATNAGAR BRANCH,40371,kishore.sawant@jll.com,9967646007,,SABAR KANTHA,SABAR KANTHA,GUJARAT,"GROUND FLOOR, UNIT NO. 56 ,59 TO 61, FIRST FLOOR  UNIT NO. 55 TO 59, ASHOK VATIKA, DIST - SABAR KANTHA ,TAL. HIMMATNAGAR,  HIMATNAGAR , GUJARAT- 383001","GROUND FLOOR, UNIT NO. 56 ,59 TO 61, FIRST FLOOR  UNIT NO. 55 TO 59, ASHOK VATIKA, DIST - SABAR KANTHA ,TAL. HIMMATNAGAR,  HIMATNAGAR , GUJARAT- 383001",,,
JLL - IDFC First Bank Limited,IDFC - IDAR BRANCH,40372,kishore.sawant@jll.com,9967646007,,SABAR KANTHA,SABAR KANTHA,GUJARAT,"GROUND FLOOR, G3&G4 AKSHAR AVENUE, AMBAJI HIGHWAY ROAD, DIST. SABARKANTHA, IDAR, GUJARAT -  383430","GROUND FLOOR, G3&G4 AKSHAR AVENUE, AMBAJI HIGHWAY ROAD, DIST. SABARKANTHA, IDAR, GUJARAT -  383430",,,
JLL - IDFC First Bank Limited,IDFC - SANGLI BRANCH,42662,kishore.sawant@jll.com,9967646007,,SANGLI,SANGLI,MAHARASHTRA,"GROUND FLOOR, UNIT 1,2,3 &11, SWADESHI HEIGHTS, SANGLI-MIRAJ ROAD, VIJAY NAGAR , NEAR VISHRAMBAAG, SANGLI, MAHARASHTRA- 416416","GROUND FLOOR, UNIT 1,2,3 &11, SWADESHI HEIGHTS, SANGLI-MIRAJ ROAD, VIJAY NAGAR , NEAR VISHRAMBAAG, SANGLI, MAHARASHTRA- 416416",,,
JLL - IDFC First Bank Limited,IDFC - MBL - SANGLI,42663,kishore.sawant@jll.com,9967646007,,SANGLI,SANGLI,MAHARASHTRA,"UNIT NO.2, 2ND FLOOR, CENTER ONE, VIJAYNAGAR, SANGLI, 416409","UNIT NO.2, 2ND FLOOR, CENTER ONE, VIJAYNAGAR, SANGLI, 416409",,,
JLL - IDFC First Bank Limited,IDFC - TASGAON BRANCH,42665,kishore.sawant@jll.com,9967646007,,SANGLI,SANGLI,MAHARASHTRA,"GROUND & PART 1ST FLOOR, WARD NO.3, 1804, GURUWAR PETH,  TAL. TASGAON, DIST-SANGLI, MAHARASHTRA - 416312","GROUND & PART 1ST FLOOR, WARD NO.3, 1804, GURUWAR PETH,  TAL. TASGAON, DIST-SANGLI, MAHARASHTRA - 416312",,,
JLL - IDFC First Bank Limited,IDFC - BHADOHI BRANCH,22101,kishore.sawant@jll.com,9967646007,,SANT RAVIDAS NAGAR,SANT RAVIDAS NAGAR,UTTAR PRADESH,"UGF &FF, H.NO.231, CHAK DIWANGAN, STATION ROAD,PARGANA BHADOHI, TEHSIL AND ZILA BHADOHI , VARANASI , UTTAR PRADESH-221401","UGF &FF, H.NO.231, CHAK DIWANGAN, STATION ROAD,PARGANA BHADOHI, TEHSIL AND ZILA BHADOHI , VARANASI , UTTAR PRADESH-221401",,,
JLL - IDFC First Bank Limited,IDFC - PHALTAN BRANCH,43572,kishore.sawant@jll.com,9967646007,,SATARA,SATARA,MAHARASHTRA,"GROUND FLOOR, G1 &G2, 1ST FLOOR – F1 , SHREE SAI PLAZA, LAXMINAGAR, RING ROAD, DIST – SATARA , TAL-PHALTAN, MAHARASHTRA- 415523","GROUND FLOOR, G1 &G2, 1ST FLOOR – F1 , SHREE SAI PLAZA, LAXMINAGAR, RING ROAD, DIST – SATARA , TAL-PHALTAN, MAHARASHTRA- 415523",,,
JLL - IDFC First Bank Limited,IDFC - GOA-MARGAO BRANCH,42402,kishore.sawant@jll.com,9967646007,,SOUTH GOA,SOUTH GOA,GOA,"SHOP NO. F19/F20, REGENCY PLAZA , BEHIND POLICE STATION, MARGOA,GOA,- 403601","SHOP NO. F19/F20, REGENCY PLAZA , BEHIND POLICE STATION, MARGOA,GOA,- 403601",,,
JLL - IDFC First Bank Limited,IDFC - VYARA BRANCH,42841,kishore.sawant@jll.com,9967646007,,TAPI,TAPI,GUJARAT,"GRD FLOOR, SHANTI PARK,SHOP NO 1 TO 4, OLD COLLECTOR BUNGALOW, NEAR SAYAJI GROUND,STATION ROAD, TAPI, VYARA 394650","GRD FLOOR, SHANTI PARK,SHOP NO 1 TO 4, OLD COLLECTOR BUNGALOW, NEAR SAYAJI GROUND,STATION ROAD, TAPI, VYARA 394650",,,
JLL - IDFC First Bank Limited,IDFC - Newai Branch,43722,kishore.sawant@jll.com,9967646007,,TONK,TONK,RAJASTHAN,"Ground floor, Plot no.6, Block-E,Deen Dayal Nagar, District Tonk, Newai , Rajasthan – 304021","Ground floor, Plot no.6, Block-E,Deen Dayal Nagar, District Tonk, Newai , Rajasthan – 304021",,,
JLL - IDFC First Bank Limited,IDFC - YAVTMAL,43781,kishore.sawant@jll.com,9967646007,,YAVATMAL,YAVATMAL,MAHARASHTRA,"1ST FLOOR, SHUBHKARTA, AVDHUTWADI JAJU CHOWK,  PLOT NO. 7/2, JAIL ROAD, WARD 31, YAVATMAL- 445001","1ST FLOOR, SHUBHKARTA, AVDHUTWADI JAJU CHOWK,  PLOT NO. 7/2, JAIL ROAD, WARD 31, YAVATMAL- 445001",,,
JLL - IDFC First Bank Limited,IDFC - NAWANSHAR,22341,kishore.sawant@jll.com,9967646007,,NAWANSHAR,NAWANSHAR,PUNJAB,,,,,
JLL - IDFC First Bank Limited,IDFC - LATUR,43792,kishore.sawant@jll.com,9967646007,,LATUR,LATUR,MAHARASHTRA,,,,,
JLL - IDFC First Bank Limited,IDFC - COLVA-BENAULIM ROAD,43881,kishore.sawant@jll.com,9967646007,,COLVA,COLVA,GOA,,,,,
JLL - IDFC First Bank Limited,IDFC - Durg,60654,kishore.sawant@jll.com,9967646007,,DURG,DURG,CHHATTISGARH,,,,,
JLL - IDFC First Bank Limited,IDFC - DBU Dimapur,WIP-6,kishore.sawant@jll.com,9967646007,,DIMAPUR,DIMAPUR,ASSAM,,,,,
JLL - IDFC First Bank Limited,IDFC - Bongaigaon,WIP-7,kishore.sawant@jll.com,9967646007,,BONAGAIGAON,BONAGAIGAON,ASSAM,,,,,
