Client Ticket Reference,Status
INC000003913531,Cancel
INC000003990857,Cancel
INC000004003402,Cancel
INC000004010964,Cancel
INC000004013223,Assigned
INC000004014033,Assigned
INC000004043521,Cancel
INC000004048013,Cancel
INC000004051886,Assigned
INC000004051926,Assigned
INC000004066917,Cancel
INC000004073350,Assigned
INC000004135841,Assigned
INC000004153655,Assigned
INC000004159089,Assigned
INC000004159134,Assigned
INC000004163430,Assigned
INC000004176595,Cancel
INC000004176848,Assigned
INC000004179955,Assigned
INC000004187186,Assigned
INC000004207472,Assigned
INC000004264482,Assigned
INC000004289102,Assigned
INC000004333941,Assigned
INC000004368429,Cancel
INC000004368955,Assigned
INC000004399246,Assigned
INC000004400152,Cancel
INC000004400869,Assigned
INC000004409035,Assigned
INC000004430059,Assigned
INC000004430065,Assigned
INC000004432460,Assigned
INC000004433688,Assigned
INC000004447832,Assigned
INC000004447973,Cancel
INC000004448334,Assigned
INC000004449448,Assigned
INC000004456260,Assigned
INC000004487515,Assigned
INC000004492616,Assigned
INC000004493310,Assigned
INC000004503246,Assigned
INC000004516627,Assigned
INC000004516836,Assigned
INC000004519335,Assigned
INC000004519485,Assigned
INC000004526441,Assigned
INC000004572720,Assigned
INC000004585992,Cancel
INC000004607936,Assigned
INC000004620783,Assigned
INC000004646056,Assigned
INC000004646110,Assigned
INC000004672894,Assigned
INC000004672908,Assigned
INC000004595062,Assigned
INC000004565099,Assigned
INC000004574348,Closed
INC000004548178,Closed
INC000004570594,Assigned
INC000004553785,Cancel
INC000004554710 ,Assigned
INC000004554728,Assigned
INC000004524464,Assigned
INC000004524430,Assigned
INC000004524415,Assigned
INC000004520511,Assigned
INC000004449523,Assigned
INC000004516320,Assigned
INC000004494424,Assigned
INC000004494457,Work In Progress
INC000004496005,Closed
INC000004496429,Assigned
INC000004503968,Assigned
INC000004504259,Assigned
INC000004507972,Assigned
INC000004508482,Assigned
INC000004486079,Assigned
INC000004485223,Closed
INC000004483800,Assigned
INC000004473694,Assigned
INC000004465592,Assigned
INC000003847357,Assigned
INC000004460683,Closed
INC000004460170,Assigned
INC000004458401,Cancel
INC000004457755,Assigned
INC000004457297,Assigned
INC000004457009,Assigned
INC000004456842,Assigned
INC000004456672,Assigned
INC000004456623,Assigned
INC000004456597,Assigned
INC000003858858,Cancel
INC000004456396,Assigned
INC000004456284,Assigned
INC000004456161,Closed
INC000004452680,Assigned
INC000003866351,Assigned
INC000004452468,Assigned
INC000003866495,Assigned
INC000004452419,Assigned
INC000003870198,Cancel
INC000004450970,Closed
INC000004449569,Work In Progress
INC000003872173,Assigned
INC000003873744,Closed
INC000003874305,Assigned
INC000003874377,Assigned
INC000004448840,Assigned
INC000004448822,Assigned
INC000004448799,Assigned
INC000004444027,Assigned
INC000004442491,Assigned
INC000004441165,Assigned
INC000004440420,Assigned
INC000004431609,Assigned
INC000004431467,Closed
INC000004430320,Assigned
INC000004419426,Assigned
INC000004418360,Closed
INC000004417500,Assigned
INC000004415156,Assigned
INC000003886228,Cancel
INC000004414771,Closed
INC000004409139,Assigned
INC000004407951,Assigned
INC000004400508,Closed
INC000004390099,Closed
INC000004389790,Assigned
INC000004376761,Closed
INC000004368178,Assigned
INC000004363345,Closed
INC000004361356,Assigned
INC000004358356,Assigned
INC000004352708,Assigned
INC000004350487,Assigned
INC000004343677,Assigned
INC000004342936,Assigned
INC000004341207,Assigned
INC000004335727,Cancel
INC000004333546,Assigned
INC000004332846,Assigned
INC000004318549,Assigned
INC000004318151,Cancel
INC000003905145,Assigned
INC000004317964,Assigned
INC000003905730,Closed
INC000004309389,Assigned
INC000003905925,Assigned
INC000004309353,Cancel
INC000004304405,Closed
INC000004302935,Assigned
INC000004302872,Assigned
INC000004301993,Closed
INC000004297051,Assigned
INC000004295900,Assigned
INC000004290621,Assigned
INC000004288641,Assigned
INC000004286288,Closed
INC000004285689,Assigned
INC000003912959,Assigned
INC000004275954,Assigned
INC000004269113,Assigned
INC000004260715,Assigned
INC000004260538,Assigned
INC000004260494,Closed
INC000004260449,Assigned
INC000004260383,Assigned
INC000003923438,Assigned
INC000004238815,Assigned
INC000004238749,Assigned
INC000004235018,Assigned
INC000004233547,Cancel
INC000004222371,Assigned
INC000004218524,Assigned
INC000003925379,Assigned
INC000003925592,Assigned
INC000004207751,Assigned
INC000003926140,Assigned
INC000004205484,Assigned
INC000004205185,Assigned
INC000004203711,Assigned
INC000004202580,Assigned
INC000003937641,Assigned
INC000004198383,Assigned
INC000004196405,Assigned
INC000004195616,Assigned
INC000004193586,Assigned
INC000004188541,Assigned
INC000004178722,Assigned
INC000004172671,Assigned
INC000004168636,Assigned
INC000004167203,Assigned
INC000004167176,Assigned
INC000004141413,Assigned
INC000004119931,Assigned
INC000004117713,Assigned
INC000004113695,Assigned
INC000003947340,Assigned
INC000004103787,Assigned
INC000004084057,Assigned
INC000004074296,Assigned
INC000003949627,Assigned
INC000004069429,Assigned
INC000004069089,Assigned
INC000004015753,Assigned
INC000004014328,Assigned
INC000004013078,Assigned
INC000004011216,Assigned
INC000003959134,Assigned
INC000004004690,Assigned
INC000004003860,Assigned
INC000004003838,Assigned
INC000003999226,Assigned
INC000003999204,Assigned
INC000003995779,Assigned
INC000003988241,Assigned
INC000003988010,Assigned
INC000003986111,Assigned
INC000003977410,Assigned
INC000003975067,Assigned
INC000003975048,Assigned
INC000003971409,Assigned
INC000003968445,Assigned
INC000004667085,Cancel
INC000004666214,Assigned
INC000004647664,Cancel
INC000004639187,Assigned
INC000004564331,Closed
INC000004526850,Closed
INC000004526590,Assigned
INC000004526864,Assigned
INC000004472620,Assigned
INC000004460940,Assigned
INC000004460908,Assigned
INC000004460898,Assigned
INC000004460886,Assigned
INC000004460870,Assigned
INC000004460800,Assigned
INC000004460741,Assigned
INC000004460651,Cancel
INC000004457036,Assigned
INC000004456944,Assigned
INC000004456930,Assigned
INC000004456926,Assigned
INC000004456235,Assigned
INC000004451860,Cancel
INC000004451224,Assigned
INC000004451168,Cancel
INC000004450423,Cancel
INC000004448571,Assigned
INC000004448206,Assigned
INC000004443813,Assigned
INC000004438688,Assigned
INC000004433896,Assigned
INC000004430452,Assigned
INC000004430203,Cancel
INC000004415540,Assigned
INC000004411067,Assigned
INC000004410306,Cancel
INC000004408351,Assigned
INC000004408340,Assigned
INC000004399957,Cancel
INC000004399524,Assigned
INC000004398406,Assigned
INC000004398104,Assigned
INC000004378314,Hold by Techxpert
INC000003866478,Assigned
INC000004375833,Assigned
INC000004368270,Assigned
INC000004363235,Assigned
INC000004361474,Assigned
INC000004358547,Assigned
INC000004352359,Assigned
INC000004341320,Assigned
INC000004336773,Assigned
INC000004336666,Assigned
INC000004336640,Assigned
INC000004334117,Assigned
INC000004334049,Cancel
INC000004333674,Assigned
INC000004333487,Assigned
INC000004332843,Assigned
INC000004311049,Assigned
INC000004309447,Cancel
INC000004305195,Assigned
INC000004294498,Assigned
INC000004285701,Assigned
INC000004276704,Assigned
INC000004271592,Assigned
INC000004270131,Cancel
INC000004267902,Cancel
INC000004263106,Assigned
INC000004254774,Assigned
INC000004251021,Assigned
INC000004247105,Assigned
INC000004246957,Assigned
INC000004246943,Assigned
INC000004242266,Assigned
INC000003896572,Cancel
INC000004236679,Cancel
INC000004221196,Assigned
INC000004219396,Assigned
INC000004214257,Assigned
INC000004211691,Assigned
INC000004211521,Assigned
INC000004202916,Assigned
INC000004190389,Assigned
INC000004190078,Cancel
INC000004188733,Assigned
INC000004179450,Cancel
INC000004176676,Cancel
INC000004171464,Cancel
INC000004169758,Cancel
INC000003905200,Cancel
INC000004167765,Assigned
INC000004164078,Assigned
INC000004160715,Cancel
INC000003906353,Cancel
INC000004153803,Assigned
INC000004150128,Assigned
INC000004145325,Assigned
INC000004144819,Cancel
INC000004144748,Assigned
INC000004132606,Assigned
INC000004121332,Assigned
INC000004121320,Assigned
INC000004104466,Assigned
INC000004102004,Assigned
INC000004100201,Assigned
INC000004096408,Assigned
INC000004087261,Assigned
INC000004086380,Assigned
INC000004085472,Assigned
INC000004073809,Assigned
INC000004069143,Assigned
INC000004060171,Cancel
INC000004051500,Assigned
INC000004043426,Closed
INC000004038577,Visit Done Quote Pending
INC000004011728,Assigned
INC000004011582,Cancel
INC000004011495,Cancel
INC000004010985,Assigned
INC000004004204,Assigned
INC000004004146,Assigned
INC000003990256,Assigned
INC000003990144,Assigned
INC000003986140,Assigned
INC000003986128,Assigned
INC000003986116,Assigned
INC000003969379,Assigned
INC000003959762,Assigned
INC000004658552,Closed
INC000004664078,Assigned
INC000004664121,Closed
INC000004663345,Visit Done Quote Pending
INC000004649873,Assigned
INC000004289817,Visit Done Quote Pending
INC000004628797,Closed
INC000004641277,Closed
INC000004641151,Closed
INC000004639227,Closed
INC000004641778,Closed
INC000004645529,Closed
INC000004613063,Assigned
INC000004621371,Closed
INC000004599222,Assigned
INC000004563235,Visit Done Quote Pending
INC000004602620,Visit Done Quote Pending
INC000004473660,Assigned
INC000003789256,Closed
INC000004594739,Assigned
INC000004594694,Assigned
INC000004596891,Assigned
INC000004555428,Assigned
INC000004565823,Closed
INC000004561380,Assigned
INC000004560821,Assigned
INC000004391548,Closed
INC000003918286,Assigned
INC000004410458,Assigned
INC000004407544,Assigned
INC000004547551,Assigned
INC000004547368,Closed
INC000004549061,Visit Done Quote Pending
INC000004496638,Cancel
INC000004518483,Assigned
INC000004294345,Assigned
INC000004524328,Cancel
INC000004511580,Visit Done Quote Pending
INC000004487910,Assigned
INC000004491976,Assigned
INC000004492941,Assigned
INC000004493271,Cancel
INC000004495021,Visit Done Quote Pending
INC000004495078,Assigned
INC000004495122,Assigned
INC000004495266,Assigned
INC000004496609,Assigned
INC000004496738,Quote Sent Approval Pending
INC000004500293,Assigned
INC000004508114,Closed
INC000004509590,Closed
INC000004485533,Assigned
INC000004474364,Closed
INC000004467197,Visit Done Quote Pending
INC000003874943,Closed
INC000004465356,Closed
INC000004452675,Assigned
INC000004448339,Visit Done Quote Pending
INC000004448255,Visit Done Quote Pending
INC000004447885,Assigned
INC000004435263,Closed
INC000004419312,Closed
INC000004415719,Assigned
INC000004415012,Visit Done Quote Pending
INC000004414767,Cancel
INC000004414759,Closed
INC000003885924,Visit Done Quote Pending
INC000004414752,Cancel
INC000004411315,Closed
INC000004410255,Cancel
INC000004408784,Assigned
INC000004535284,Assigned
INC000004401294,Assigned
INC000004401233,Cancel
INC000004394318,Cancel
INC000004375446,Closed
INC000004371647,Assigned
INC000004360847,Visit Done Quote Pending
INC000004353993,Visit Done Quote Pending
INC000004322034,Cancel
INC000004317875,Assigned
INC000004309542,Visit Done Quote Pending
INC000004285872,Cancel
INC000004285848,Cancel
INC000004255845,Assigned
INC000004254455,Assigned
INC000004253603,Assigned
INC000004250971,Assigned
INC000004250733,Assigned
INC000004247329,Cancel
INC000004226283,Closed
INC000004218411,Cancel
INC000004204560,Assigned
INC000004202710,Cancel
INC000004202388,Assigned
INC000004189166,Assigned
INC000004179920,Closed
INC000004120349,Visit Done Quote Pending
INC000004118420,Assigned
INC000004088332,Assigned
INC000004086495,Assigned
INC000004047767,Closed
INC000004039949,Cancel
INC000004013215,Cancel
INC000004005025,Closed
INC000003971786,Assigned
INC000003971137,Quote Sent Approval Pending
INC000003964041,Visit Done Quote Pending
INC000003963786,Assigned
INC000003963786,Cancel
