BranchID,Lat,Long
2139,20.0177,73.8093
2140,25.6128,85.1415
2141,22.3115,73.1702
2142,17.7289,83.3082
2143,16.5002,80.6621
2144,28.5005,77.1511
2145,20.2878,85.8427
2146,11.0311,76.9744
2147,26.1285,91.7652
2148,22.7533,75.8943
2149,26.8922,75.7981
2150,26.4172,80.3705
2151,26.8488,81.0006
2152,12.9064,77.6253
2153,12.9442,77.6074
2157,13.0112,80.2017
2158,17.4948,78.3996
2160,18.5582,73.7634
2161,22.9904,72.5039
2162,22.5694,88.4326
2163,28.5028,77.0841
2245,28.5786,77.3174
2267,28.5042,77.0832
2966,28.6482,77.1415
3013,30.7061,76.7955
3014,19.1032,72.9253
3059,12.9317,77.6226
3060,12.9105,77.6409
3062,12.9716,77.5946
3114,25.3184,82.9839
3276,21.2163,72.7844
3286,21.1458,79.0882
3294,27.1767,78.0081
3316,25.4358,81.8463
3350,28.5284,77.2195
3351,17.4491,78.3842
3807,28.6011,77.3712
3810,17.4141,78.4357
3903,12.9064,77.6253
18402,9.9639,76.2875
18449,22.8015,86.2029
18482,23.2599,77.4126
18492,21.2294,81.6212
18619,28.5005,77.1511
18622,18.5582,73.7634
18777,18.9793,72.8383
18807,19.1176,72.911
18885,19.1663,72.855
19393,28.5355,77.391
19405,19.1154,72.8756
19423,28.4952,77.1584
19496,19.0345,72.866
19523,28.6291,77.4332
19524,28.3914,77.0562
19525,17.4646,78.3695
19526,17.4174,78.3643
19615,19.0965,72.8872
19805,19.0178,72.8478
19809,18.5582,73.7634
20385,28.502,77.1818
20440,22.5539,88.3974
20460,28.3992,77.0681
20494,28.6304,77.3813
20495,22.5878,88.4132
20584,12.9141,77.6413
20585,12.9716,77.5946
20586,18.5442,73.9391
20878,17.477,78.4419
19680,19.0223,73.0924
19682,19.2157,73.0784
19683,19.214,73.095
19684,19.1916,73.1235
19685,19.1085,72.8887
19686,19.1171,72.9115
19687,19.1118,72.8954
19688,19.0831,72.8415
19689,19.0847,72.853
19690,19.0195,73.0396
19691,19.1624,72.8465
19692,19.1678,72.8612
19693,19.1673,72.8369
19694,19.2392,73.1278
19695,19.2558,73.1412
19696,19.2274,73.1491
19697,19.2942,72.8574
19698,19.2921,72.8458
19699,19.2908,72.8491
19700,19.0645,73.0018
19701,19.0638,72.9982
19702,19.0719,73.0004
19703,19.0829,72.9961
19704,19.0116,72.8398
19705,19.1481,72.9937
19706,19.1559,72.9942
19707,19.2635,72.9691
19708,18.9568,72.8175
19709,19.1235,72.9984
19710,19.0621,72.8361
19711,19.0567,72.8348
19712,19.0238,73.1098
19713,19.0504,73.1365
19714,19.1411,72.8273
19715,18.9712,72.8423
19716,19.2137,72.8732
19717,19.2096,72.8765
19718,19.2062,72.8411
19719,19.2069,72.8344
19720,19.1924,72.9739
19721,19.2227,72.8429
19722,19.0601,72.8931
19723,19.0022,72.8184
19724,19.2084,72.8252
19725,19.2061,72.9774
19726,19.0163,72.8258
19727,19.0969,72.8532
19728,19.1121,72.8639
19729,19.1648,72.9377
19730,19.0371,72.8614
19731,19.0526,72.8941
19732,18.936,72.8344
19733,19.1292,72.8351
19734,18.9482,72.8339
19735,19.0664,72.8981
19736,19.1687,72.9515
19737,19.2882,72.8719
19738,19.1215,72.8427
19739,19.1418,72.9365
19740,19.0617,72.8973
19741,19.2504,72.8569
19742,19.0016,72.8419
19744,19.0984,73.0089
19745,19.1039,73.0055
19746,18.9667,72.8225
19747,19.1834,72.8358
19748,19.1965,72.8272
19749,19.1868,72.8494
19750,18.9959,72.8276
19752,18.9926,73.1251
19753,19.1315,72.8256
19754,19.0347,72.8422
19755,19.1152,72.8687
19756,19.1189,72.8454
19757,19.0792,72.9096
19758,19.0205,73.0182
19759,19.0289,73.0642
19760,19.2845,72.8572
19761,19.1912,72.9698
19762,19.2274,72.8481
19763,19.0645,72.8804
19764,19.0706,72.8841
19765,19.1601,72.9348
19766,19.2503,72.8539
19767,19.2319,72.8622
19768,19.1368,72.8443
19769,19.0628,73.0134
19770,19.0142,73.0245
19771,18.9614,73.0232
19772,19.2889,72.8631
19773,19.2831,72.8711
19774,19.2858,72.8739
19775,19.2131,72.9646
19776,18.9619,72.8378
19777,19.0886,72.909
19778,19.2215,72.9712
19779,19.2838,72.8624
19780,18.9774,72.8322
19781,19.0191,72.8427
19782,19.2185,72.9859
19783,19.2212,73.0931
19784,18.9892,73.1165
19785,18.9554,72.8221
19786,19.2483,72.9824
19787,19.1417,73.1256
19788,19.2114,72.9691
20423,19.1884,72.8459
20461,18.9398,72.8349
20618,19.1026,72.839
2599,18.9718,72.8096
3454,22.5786,88.4194
3458,22.9902,72.5035
3955,12.9279,77.6795
7400,18.9322,72.8335
7450,21.7584,72.1466
7451,20.3752,72.9329
7452,22.7161,75.8719
7453,28.6304,77.2235
7454,30.3444,78.0569
7476,19.1915,72.9695
7501,27.2004,78.0069
7519,19.1517,72.8554
7522,19.2294,72.8524
7523,19.0789,72.9038
7524,20.0016,73.7634
7525,16.7029,74.2415
7526,19.8821,75.3262
7527,21.1472,79.0818
7528,19.0734,72.8681
7540,22.4746,70.0638
7541,22.3101,73.1674
7542,21.1764,72.8222
7543,22.5532,72.9489
7544,22.2981,70.7812
7546,29.3986,76.9684
7547,23.3421,85.3218
7548,22.7964,86.1772
7549,12.9744,77.6198
7550,12.3021,76.6294
7551,12.8735,74.8488
7552,8.5147,76.9535
7553,26.2132,78.1945
7554,23.2212,77.4392
7555,23.1634,79.9321
7556,20.2748,85.8406
7557,31.3282,75.5898
7558,30.9015,75.8322
7559,31.6508,74.8582
7560,26.9141,75.8034
7561,26.2825,73.0189
7562,24.5932,73.7041
7563,9.9214,78.1147
7564,13.0694,80.2581
7565,10.8291,78.6852
7566,11.0116,76.9472
7567,26.8643,81.0028
7568,26.4746,80.3491
7569,25.4523,81.8344
7570,26.7594,83.3725
7571,25.3235,82.9902
7587,28.5786,77.3174
7629,28.5482,77.2343
7630,28.6306,77.2238
7631,28.5684,77.2435
18676,19.1176,72.911
18988,17.4338,78.3742
19301,23.0257,72.5583
19403,22.5714,88.3498
19404,22.5192,88.3653
20600,19.0181,72.8242
20603,12.9272,77.6744
20868,12.8964,77.6015
2782,18.5362,73.8794
2785,23.0257,72.5583
2864,28.4484,77.0682
3399,19.1517,72.8554
3866,9.9816,76.2998
3867,28.5684,77.2435
3868,28.6306,77.2238
3869,30.7456,76.7941
3870,13.0914,80.2902
3871,11.0028,76.9791
3872,11.0019,76.9804
3873,22.5714,88.3498
3874,28.5708,77.3261
3875,26.9064,75.7938
3876,13.0442,80.2524
3877,28.5482,77.2343
7131,23.1611,72.6841
18675,19.0614,72.8986
6676,23.0361,72.5611
6677,19.0642,72.8683
6678,18.9284,72.8228
6679,22.5489,88.3512
6680,26.8432,80.9415
6681,28.6304,77.2235
6682,25.6111,85.1384
18416,13.0428,80.2564
18677,30.7289,76.7712
18678,26.9156,75.8011
