Cloth type,Sub Service,Rate
Bed Cover ,Wet Cleaning Premium,150
Cusion Cover Regular ,Wet Cleaning Premium,120
Cusion Cover Large ,Wet Cleaning Premium,150
Carpet (2ft*3ft) ,Wet Cleaning Premium,450
Carpet (3ft*5ft) ,Wet Cleaning Premium,600
Carpet (5ft*7ft) ,Wet Cleaning Premium,800
Carpet (6ft*9ft) ,Wet Cleaning Premium,1300
Carpet (8ft*12ft) ,Wet Cleaning Premium,2000
Carpet (10ft*12ft) ,Wet Cleaning Premium,2500
Table Cover Small ,Wet Cleaning Premium,120
Table Cover Big ,Wet Cleaning Premium,150
Table Napkin ,Wet Cleaning Premium,50
Runner ,Wet Cleaning Premium,120
Bath Towel ,Wet Cleaning Premium,100
Hand Towel ,Wet Cleaning Premium,60
Face Towel ,Wet Cleaning Premium,60
Bathmate ,Wet Cleaning Premium,80
Car Cover ,Wet Cleaning Premium,350
Dog Costume ,Wet Cleaning Premium,150
Pillow (Small) ,Wet Cleaning Premium,150
Pillow (Big) ,Wet Cleaning Premium,250
Soft Toy (Small) ,Wet Cleaning Premium,150
Soft Toy (Midium) ,Wet Cleaning Premium,300
Soft Toy (Large) ,Wet Cleaning Premium,450
Bath Robe ,Wet Cleaning Premium,90
Rajai (Small) ,Wet Cleaning Premium,200
Rajai (Big) ,Wet Cleaning Premium,300
Bed Sheet Single ,Wet Cleaning Premium,120
Bed Sheet Double ,Wet Cleaning Premium,200
Blanket Baby ,Wet Cleaning Premium,200
Blanket Single ,Wet Cleaning Premium,450
Blanket Double ,Wet Cleaning Premium,650
Comfoter Single ,Wet Cleaning Premium,450
Comfoter Double ,Wet Cleaning Premium,650
Duvet Single ,Wet Cleaning Premium,450
Duvet Double ,Wet Cleaning Premium,650
Duvet Cover Single ,Wet Cleaning Premium,180
Duvet Cover Double ,Wet Cleaning Premium,250
Pillow Cover ,Wet Cleaning Premium,80
Pillow Cover Large ,Wet Cleaning Premium,120
Bed Cover ,Dry Cleaning,200
Cusion Cover Regular ,Dry Cleaning,150
Table Cover Small ,Dry Cleaning,150
Table Cover Big ,Dry Cleaning,200
Runner ,Dry Cleaning,200
Rajai (Small) ,Dry Cleaning,300
Rajai (Big) ,Dry Cleaning,450
Bed Sheet Single ,Dry Cleaning,150
Bed Sheet Double ,Dry Cleaning,250
Blanket Baby ,Dry Cleaning,250
Blanket Single ,Dry Cleaning,550
Blanket Double ,Dry Cleaning,750
Duvet Single ,Dry Cleaning,600
Duvet Double ,Dry Cleaning,750
Duvet Cover Single ,Dry Cleaning,200
Duvet Cover Double ,Dry Cleaning,300
Pillow Cover Large ,Dry Cleaning,150
Bed Cover ,Wet Cleaning Standard,100
Cusion Cover Regular ,Wet Cleaning Standard,40
Cusion Cover Large ,Wet Cleaning Standard,60
Table Cover Small ,Wet Cleaning Standard,60
Table Cover Big ,Wet Cleaning Standard,80
Table Napkin ,Wet Cleaning Standard,30
Runner ,Wet Cleaning Standard,60
Bath Towel ,Wet Cleaning Standard,60
Hand Towel ,Wet Cleaning Standard,40
Face Towel ,Wet Cleaning Standard,40
Bathmate ,Wet Cleaning Standard,50
Bath Robe ,Wet Cleaning Standard,40
Rajai (Small) ,Wet Cleaning Standard,100
Rajai (Big) ,Wet Cleaning Standard,150
Bed Sheet Single ,Wet Cleaning Standard,80
Bed Sheet Double ,Wet Cleaning Standard,100
Blanket Baby ,Wet Cleaning Standard,100
Blanket Single ,Wet Cleaning Standard,250
Blanket Double ,Wet Cleaning Standard,350
Comfoter Single ,Wet Cleaning Standard,250
Comfoter Double ,Wet Cleaning Standard,350
Duvet Single ,Wet Cleaning Standard,250
Duvet Double ,Wet Cleaning Standard,350
Duvet Cover Single ,Wet Cleaning Standard,100
Duvet Cover Double ,Wet Cleaning Standard,150
Pillow Cover ,Wet Cleaning Standard,30
Pillow Cover Large ,Wet Cleaning Standard,40
Bed Cover ,Steam Ironing,20
Cusion Cover Regular ,Steam Ironing,15
Cusion Cover Large ,Steam Ironing,20
Table Cover Small ,Steam Ironing,60
Table Cover Big ,Steam Ironing,20
Runner ,Steam Ironing,20
Bath Robe ,Steam Ironing,50
Rajai (Small) ,Steam Ironing,20
Rajai (Big) ,Steam Ironing,20
Bed Sheet Single ,Steam Ironing,15
Bed Sheet Double ,Steam Ironing,25
Blanket Baby ,Steam Ironing,25
Blanket Single ,Steam Ironing,40
Blanket Double ,Steam Ironing,60
Comfoter Single ,Steam Ironing,40
Comfoter Double ,Steam Ironing,60
Duvet Cover Single ,Steam Ironing,35
Duvet Cover Double ,Steam Ironing,50
Pillow Cover ,Steam Ironing,10
Pillow Cover Large ,Steam Ironing,15
Ladies Bag Cotton ,Wet Cleaning Premium,300
Ladies Bag Leather (Small) ,Wet Cleaning Premium,300
Ladies Bag Leather (Big) ,Wet Cleaning Premium,400
Jacket Leather ,Wet Cleaning Premium,350
Travelling Bag (Small) ,Wet Cleaning Premium,200
Travelling Bag (Big) ,Wet Cleaning Premium,250
Suitcase (Small) ,Wet Cleaning Premium,250
Suitcase (Big) ,Wet Cleaning Premium,350
Sports Shoe (Normal) ,Wet Cleaning Premium,350
Sports Shoe (Heavy) ,Wet Cleaning Premium,450
Leather Shoe (Dry Clean+Polish) ,Wet Cleaning Premium,250
Ladies Bag Cotton ,Dry Cleaning,350
Ladies Bag Leather (Small) ,Dry Cleaning,400
Ladies Bag Leather (Big) ,Dry Cleaning,450
Ladies Bag Cotton ,Wet Cleaning Standard,150
Travelling Bag (Small) ,Wet Cleaning Standard,100
Travelling Bag (Big) ,Wet Cleaning Standard,150
Ladies Lengha (Heavy Work) ,Wet Cleaning Premium,400
Chaniya Choli ,Wet Cleaning Premium,250
Chaniya Choli Designer ,Wet Cleaning Premium,300
Petticoat ,Wet Cleaning Premium,90
Evening Dress(Midium Work) ,Wet Cleaning Premium,150
Evening Dress(Heavy Work) ,Wet Cleaning Premium,250
Night Gown ,Wet Cleaning Premium,120
Skirt (Short) ,Wet Cleaning Premium,90
Skirt (Long) ,Wet Cleaning Premium,150
Swimming Costume ,Wet Cleaning Premium,90
Slip  ,Wet Cleaning Premium,90
Brassiere ,Wet Cleaning Premium,50
Panties ,Wet Cleaning Premium,50
Palozo ,Wet Cleaning Premium,150
Kurta Designer ,Wet Cleaning Premium,200
Kurta Anarkali ,Wet Cleaning Premium,200
Dupatta ,Wet Cleaning Premium,90
Dupatta Embrodary ,Wet Cleaning Premium,120
Salvar Kameez,Wet Cleaning Premium,200
Salvar Kameez Designer,Wet Cleaning Premium,300
Pyjama/Leggins ,Wet Cleaning Premium,90
Saree Silk ,Wet Cleaning Premium,250
Saree Designer (Midium Work) ,Wet Cleaning Premium,250
Saree Designer ( Heavy Work) ,Wet Cleaning Premium,300
Blouse Silk  ,Wet Cleaning Premium,90
Blouse Designer ,Wet Cleaning Premium,150
Ladies Lengha (Midium Work) ,Wet Cleaning Premium,300
Socks/Stocking ,Wet Cleaning Premium,60
Frock ,Wet Cleaning Premium,200
Ladies Lengha (Heavy Work) ,Dry Cleaning,500
Chaniya Choli ,Dry Cleaning,350
Chaniya Choli Designer ,Dry Cleaning,400
Evening Dress(Midium Work) ,Dry Cleaning,250
Evening Dress(Heavy Work) ,Dry Cleaning,400
Skirt (Short) ,Dry Cleaning,150
Skirt (Long) ,Dry Cleaning,200
Palozo ,Dry Cleaning,200
Kurta Designer ,Dry Cleaning,250
Kurta Anarkali ,Dry Cleaning,300
Dupatta ,Dry Cleaning,120
Dupatta Embrodary ,Dry Cleaning,200
Salvar Kameez,Dry Cleaning,250
Salvar Kameez Designer,Dry Cleaning,350
Pyjama/Leggins ,Dry Cleaning,120
Saree Silk ,Dry Cleaning,300
Saree Designer (Midium Work) ,Dry Cleaning,350
Saree Designer ( Heavy Work) ,Dry Cleaning,450
Blouse Silk  ,Dry Cleaning,150
Blouse Designer ,Dry Cleaning,200
Ladies Lengha (Midium Work) ,Dry Cleaning,400
Frock ,Dry Cleaning,300
Chaniya Choli ,Wet Cleaning Standard,200
Petticoat ,Wet Cleaning Standard,40
Evening Dress(Midium Work) ,Wet Cleaning Standard,120
Night Gown ,Wet Cleaning Standard,50
Skirt (Short) ,Wet Cleaning Standard,40
Skirt (Long) ,Wet Cleaning Standard,60
Swimming Costume ,Wet Cleaning Standard,40
Slip  ,Wet Cleaning Standard,40
Brassiere ,Wet Cleaning Standard,25
Panties ,Wet Cleaning Standard,25
Palozo ,Wet Cleaning Standard,60
Kurta Designer ,Wet Cleaning Standard,80
Kurta Anarkali ,Wet Cleaning Standard,80
Dupatta ,Wet Cleaning Standard,50
Salvar Kameez,Wet Cleaning Standard,100
Pyjama/Leggins ,Wet Cleaning Standard,40
Saree Silk ,Wet Cleaning Standard,100
Blouse Silk  ,Wet Cleaning Standard,40
Socks/Stocking ,Wet Cleaning Standard,30
Frock ,Wet Cleaning Standard,80
Ladies Lengha (Heavy Work) ,Steam Ironing,80
Chaniya Choli ,Steam Ironing,50
Chaniya Choli Designer ,Steam Ironing,80
Petticoat ,Steam Ironing,10
Evening Dress(Midium Work) ,Steam Ironing,20
Evening Dress(Heavy Work) ,Steam Ironing,50
Night Gown ,Steam Ironing,10
Skirt (Short) ,Steam Ironing,10
Skirt (Long) ,Steam Ironing,15
Swimming Costume ,Steam Ironing,15
Slip  ,Steam Ironing,10
Palozo ,Steam Ironing,15
Kurta Designer ,Steam Ironing,15
Kurta Anarkali ,Steam Ironing,15
Dupatta ,Steam Ironing,15
Dupatta Embrodary ,Steam Ironing,20
Salvar Kameez,Steam Ironing,35
Salvar Kameez Designer,Steam Ironing,50
Pyjama/Leggins ,Steam Ironing,10
Saree Silk ,Steam Ironing,15
Saree Designer (Midium Work) ,Steam Ironing,20
Saree Designer ( Heavy Work) ,Steam Ironing,20
Blouse Silk  ,Steam Ironing,10
Blouse Designer ,Steam Ironing,15
Ladies Lengha (Midium Work) ,Steam Ironing,50
Frock ,Steam Ironing,15
Sherwani (medium Work) ,Steam Ironing,100
Sherwani (Heavy Work) ,Steam Ironing,120
Jodhpuri ,Steam Ironing,100
Sherwani Dupatta ,Steam Ironing,15
Swimming Trunk ,Steam Ironing,10
Inner Wear ,Steam Ironing,10
Vest ,Steam Ironing,10
Tie ,Steam Ironing,10
Dhoti ,Steam Ironing,15
Safari Suit (Pant+Shirt) 2Pcs. ,Steam Ironing,35
Sherwani (medium Work) ,Dry Cleaning,350
Sherwani (Heavy Work) ,Dry Cleaning,400
Jodhpuri ,Dry Cleaning,400
Sherwani Dupatta ,Dry Cleaning,120
Tie ,Dry Cleaning,80
Dhoti ,Dry Cleaning,120
Sherwani (medium Work) ,Wet Cleaning Premium,300
Sherwani (Heavy Work) ,Wet Cleaning Premium,350
Jodhpuri ,Wet Cleaning Premium,300
Sherwani Dupatta ,Wet Cleaning Premium,90
Swimming Trunk ,Wet Cleaning Premium,80
Tie ,Wet Cleaning Premium,50
Dhoti ,Wet Cleaning Premium,90
Safari Suit (Pant+Shirt) 2Pcs. ,Wet Cleaning Premium,300
Sherwani Dupatta ,Wet Cleaning Standard,50
Swimming Trunk ,Wet Cleaning Standard,40
Inner Wear ,Wet Cleaning Standard,15
Vest ,Wet Cleaning Standard,15
Dhoti ,Wet Cleaning Standard,40
Safari Suit (Pant+Shirt) 2Pcs. ,Wet Cleaning Standard,120
