TECHXPERT FACILITIES INDIA PVT. LTD.,,,,,,,,,,,,,,,,,,,,,,
,,,,,,,,,,,,,,,,,,,,,,
,,,,,,,,,,,,,,,,,,,,,,
S.NO.,Name,EPF No.,UAN,ESIC No,Employee ID,DOJ,Site,Basic,Hra,Conveyance Allow.,Other,Bonus,Gross Pay,Medical Insurance Amt.,ESIC Amt.,EPF Amt.,VPF, Net Pay ,Latitude,Longitude,,
1,BALA JEE,10005,100736775629,NA,TECHX0082,01-06-2022,BIHAR & JHARKHAND,24080,9540,3000,596,584,37800,0,0,1800,0,36000.00,,,,
2,GOVIND KUMAR SINGH ,10016,100155939558,N/A,TECHX0083,22/11/2022,NOIDA ,32000,10000,5000,9216,584,56800,0,0,1800,0,55000.00,,,,
3,MUKESH GURJAR,10022,101896680328,2018873885,TECHX0152,12-01-2022,Rajsthan ,18000,2200,320,4336,584,25440,0,0,1800,0,23640.00,26.8717810,75.7759010,,
4,UMA SAHNI,10028,101817661114,"3013050058	",TECHX0130,01-01-2023,Noida -Office ,20044,3172,0,0,584,23800,0,0,1800,0,22000.00,28.61219,77.367164,,
5,DHARMJEET SINGH ,N/A,N/A,N/A,TECHX0019,13-03-2023,KOLKATA ,38000,13500,10000,7916,584,70000,0,0,0,0,70000.00,22.617778,88.434648,,
6,SANTOSH RAMJYABAN SONKAR ,10040,"	102010009769",N/A,TECHX0240,04-04-2023,Bangalore,28000,6500,3800,2916,584,41800,0,0,1800,0,40000.00,12.9362408,77.6145897,,
7,SACHIN YADAV,10039,101949493045,2019146727,TECHX0286,01-09-2023,Bangalore,23675,5018,1008,2015,584,32300,0,0,1800,0,30500.00,12.9362408,77.6145897,,
8,DILEEP KUMAR,10043,100443255020,NA,TECHX0018,01-01-2024,Mumbai-Maharatra ,26500,7000,2700,4216,584,41000,0,0,1800,0,39200.00,19.188567,72.976393,,
9,AJIT RANJAN,10041,101276949103,NA,TECHX0222,01-01-2024,Mumbai-Maharatra ,16536,3172,7008,1500,584,28800,0,0,1800,0,27000.00,19.188567,72.976393,,
10,SALMAN ALAM,10046,101787083752,2214830654,TECHX0030,01-02-2024,Mumbai-Maharatra ,21248,2000,723,1145,584,25700,0,0,1800,0,23900.00,19.188567,72.976393,,
11,SHIVA CHAND ,N/A,N/A,N/A,TECHX0223,01-02-2024,Mumbai-Maharatra ,21000,7500,4000,2916,584,36000,0,0,0,0,36000.00,19.188567,72.976393,,
12,GADSADHAR NAYAK,10099,101266423308,N/A,TECHX0257,09-06-2024,Bangalore,22000,8800,3800,3616,584,38800,0,0,1800,0,37000.00,12.9362408,77.6145897,,
13,ARVI ASHISH  KHERADE ,N/A,N/A,N/A,TECHX0441,20-08-2024,Mumbai-Maharatra ,21300,7300,4000,2916,584,36100,0,0,0,0,36100.00,19.188567,72.976393,,
14,DEVANAND SHARMA ,N/A,N/A,N/A,TECHX0347,01-09-2024,Mumbai-Maharatra ,17000,6500,0,2916,584,27000,0,0,0,0,27000.00,19.188567,72.976393,,
15,PRADNYA GHADGE,N/A,N/A,N/A,TECHX0423,01-09-2024,Pune,18000,2500,0,2916,584,24000,0,0,0,0,24000.00,18.603922,73.753279,,
16,SANTOSH,10078,102125114644,2019515041,TECHX0282,14-9-24,Delhi ,16366,3000,3000,2500,584,25450,0,0,1800,0,23650.00,,,,
17,KIRAN,10083,102125114663,2019510861,TECHX0382,14-9-24,Noida ,16193,1145,2028,500,584,20450,0,150,1800,0,18500.00,28.61219,77.367164,,
18,SALONI,10091,102038010464,6723062927,TECHX0380,17-9-24,Noida ,18835,2381,0,0,584,21800,0,0,1800,0,20000.00,28.61219,77.367164,,
19,SAURAV SHARMA,10093,101668161972,N/A,TECHX0124,01-10-2024,JAIPUR,29080,9540,2000,596,584,41800,0,0,1800,0,40000.00,26.8717810,75.7759010,,
20,AVDESH KUMAR SHARMA,10080,101167741945,2016831649,TECHX0388,01-10-2024,MSIL-Jaipur ,19815,2866,500,1000,584,24765,0,0,1800,0,22965.00,,,,
21,SITARAM ARYA,10090,101069078369,1508577520,TECHX0387,01-10-2024,MSIL-Jaipur ,14183,3172,500,0,584,18439,0,139,1800,0,16500.00,,,,
22,RAJKUMAR GURJAR,10076,101254403847,6928853331,TECHX0394,01-10-2024,MSIL-Jaipur ,14183,3172,500,0,584,18439,0,139,1800,0,16500.00,,,,
23,MOHAN LAL SAINI,10082,100961500570,1508519103,TECHX0391,01-10-2024,MSIL-Jaipur ,14183,3172,500,0,584,18439,0,139,1800,0,16500.00,,,,
24,SANDEEP KUMAR YADAV,10075,101969878106,1513008598,TECHX0395,01-10-2024,MSIL-Jaipur ,14183,3172,500,0,584,18439,0,139,1800,0,16500.00,,,,
25,SATYAVEER SINGH,10094,101714451541,1511585260,TECHX0386,01-10-2024,MSIL-Jaipur ,14183,3172,500,0,584,18439,0,139,1800,0,16500.00,,,,
26,KULDEEP SHARMA,10077,101925954900,1512691797,TECHX0390,01-10-2024,MSIL-Jaipur ,14183,3172,500,0,584,18439,0,139,1800,0,16500.00,,,,
27,DHARAMRAJ MEENA,10086,101592141907,1510900858,TECHX0389,01-10-2024,MSIL-Jaipur ,14183,3172,500,0,584,18439,0,139,1800,0,16500.00,,,,
28,PAWAN KUMAR MEENA,10089,101434287242,1512847401,TECHX0393,01-10-2024,MSIL-Jaipur ,14183,3172,500,0,584,18439,0,139,1800,0,16500.00,,,,
29,PAMMI KUMARI ,10092,102132882479,2019546108,TECHX0242,10-10-2024,NOIDA,13171,0,0,0,584,13755,0,104,1651,0,12000.00,28.61219,77.367164,,
30,PAWAN KUMAR SHARMA ,10100,100522420731,1511749697,,01-12-2024,MSIL-Jaipur ,14183,3172,500,0,584,18439,0,139,1800,0,16500.00,,,,
31,JEEVA S ,N/A,N/A,N/A,TECHX0438,20-12-2024,Chennai,16683,2718,2000,2015,584,24000,0,0,0,0,24000.00,13.090536,80.290108,,
32,RAHUL BOURASI,10107,101820738233,6932335592,TECHX0447,01-01-2025,MSIL-INDORE,19621,1000,0,0,584,21205,0,160,1800,0,19245.00,,,,
33,ASHOK BOURASI,10105,101748967072,6932335908,TECHX0448,01-01-2025,MSIL-INDORE,19621,1000,0,0,584,21205,0,160,1800,0,19245.00,,,,
34,VIKKY RATHORE,10112,101298728476,6934911984,TECHX0450,01-01-2025,MSIL-INDORE,19621,1000,0,0,584,21205,0,160,1800,0,19245.00,,,,
35,RAHUL PARMAR,10111,101228964620,6935390328,TECHX0451,01-01-2025,MSIL-INDORE,19621,1000,0,0,584,21205,0,160,1800,0,19245.00,,,,
36,SUNIL SONGARA,10110,101658406668,6934911921,TECHX0452,01-01-2025,MSIL-INDORE,19621,1000,0,0,584,21205,0,160,1800,0,19245.00,,,,
37,LOKENDRA SINGH UMATH,10118,101903059550,6934346860,TECHX0455,09.01.2025,MSIL-INDORE,19621,1000,0,0,584,21205,0,160,1800,0,19245.00,,,,
38,AKHILESH SHARMA,10117,101651765210,N/A,TECHX0461,20-01-2025,Bangalore,26400,8000,2976,4000,584,41960,0,0,1800,0,40160.00,12.9362408,77.6145897,,
39,KASHIF RAZA NAQVI,10121,101851655346,N/A,TECHX0458,11-02-2025,DELHI-NCR,32500,17500,9800,4416,584,64800,0,0,1800,0,63000.00,,,,
40,TAPU ACHARJEE,N/A,N/A,N/A,TECHX0463,21-02-2025,KOLKATA ,19580,4240,0,596,584,25000,0,0,0,0,25000.00,22.617778,88.434648,,
41,ANJALI KUMARI ,10126,102184407901,201966150,TECHX0466,10-03-2025,BIHAR & JHARKHAND,13171,3172,0,0,584,16927,0,127,1800,0,15000.00,,,,
42,KASHIRAM,10125,102184407891,2019670048,TECHX0511,24-03-2025,MSIL-INDORE,16132,0,0,0,584,16716,0,126,1800,0,14790.00,,,,
43,YOUMUDDIN,10128,101748967064,6932335701,,07-04-2025,MSIL-INDORE,19621,1000,0,0,584,21205,0,160,1800,0,19245.00,,,,
44,HIMANSHU POKHRIYAL,10127,101878398059,N/A,TECHX0474,28-04-2025,Noida,17080,5540,1000,1596,584,25800,0,0,1800,0,24000.00,28.61219,77.367164,,
45,BHAVESH KUMAR SURTI,10138,101365805498,NA,TECHX0480,01-05-2025,Surat,19416,4000,2000,800,584,26800,0,0,1800,0,25000.00,23.01278353795975,72.52287724202975,,
46,JABRELA HARSAD KUMAR RANJAN,10135,101129484576,NA,TECHX0476,01-05-2025,Baroda,19416,4000,2000,800,584,26800,0,0,1800,0,25000.00,23.01278353795975,72.52287724202975,,
47,KAMAL PRASHAD SONKAR,10146,101778838005,NA,TECHX0027,08-05-2025,BANARAS,19416,4000,2000,800,584,26800,0,0,1800,0,25000.00,,,,
48,MAYANK PRASAD,NA,NA,NA,TECHX0490,12-05-2025,GANDHINAGAR - JAMMU,18416,2200,3000,800,584,25000,0,0,0,0,25000.00,30.66143,76.86320,,
49,RAJ KUMAR,NA,NA,NA,TECHX0485,12-05-2025,CHANDIGARH,18416,2200,3000,800,584,25000,0,0,0,0,25000.00,30.66143,76.86320,,
50,RAVI KUMAR,NA,NA,NA,TECHX0487,01-05-2025,CHANDIGARH,21000,4616,0,800,584,27000,0,0,0,0,27000.00,30.66143,76.86320,,
51,EKTA TYAGI,10141,102199775979,2019709615,TECHX0497,16-05-2025,NOIDA,14346,2000,200,800,584,17930,0,129,1800,0,16001.00,28.61219,77.367164,,
52,ANIL GHORPADE,NA,NA,NA,TECHX0501,20-05-2025,PUNE,21000,8000,2216,800,584,32600,0,0,0,0,32600.00,18.603922,73.753279,,
53,ROHIT KUMAR ,NA,NA,NA,TECHX0503,19-05-2025,JAMU &KASMIR ,19000,509,107,800,584,21000,0,0,0,0,21000.00,30.66143,76.86320,,
54,NAND LAL SWAMI,10074,101386410055,1509937512,TECHX0392,01-10-2024,MSIL-Jaipur ,14183,3172,500,0,584,18439,0,139,1800,0,16500.00,,,,
55,TARUN LOT,10156,101791761140,1818352946,TECHX0518,06-07-2025,MSIL-INDORE,19621,1000,0,0,584,21205,0,160,1800,0,19245.00,,,,
56,RANA DHARMESH KUMAR,10155,101218112897,N/A,TECHX0508,07-07-2025,GUJRAT,21000,1500,1916,1800,584,26800,0,0,1800,0,25000.00,23.01278353795975,72.52287724202975,,
57,RAVI JADHAV,10157,102228331812,N/A,TECHX0516,11-07-2025,PUNE,35000,15000,2616,1800,584,55000,0,0,1800,0,53200.00,18.603922,73.753279,,
58,DEEPAK CHAUHAN,N/A,N/A,N/A,TECHX0543,15-07-2025,NOIDA,30000,6500,1916,1000,584,40000,0,0,0,0,40000.00,28.61219,77.367164,,
59,PATIL SANDEEP,10161,101186011774,N/A,TECHX0527,01-08-2025,GUJARAT,21000,1500,1916,1800,584,26800,0,0,1800,0,25000.00,23.01278353795975,72.52287724202975,,
60,AJEET PANDEY,10160,100444535641,N/A,TECHX0146,01-08-2025,NOIDA,25032,8800,6542,5842,584,46800,0,0,1800,0,45000.00,28.61219,77.367164,,
61,SANJIT KUMAR SINGH,10162,100812218643,N/A,TECHX0086,01-08-2025,NOIDA,17300,6465,2600,1851,584,28800,0,0,1800,0,27000.00,,,,
62,SANTOSH RAI,10163,100538102734,N/A,TECHX0008,01-08-2025,Office,22500,8500,0,3216,584,34800,0,0,1800,0,33000.00,,,,
63,BRAJ MOHAN,10164,101355828179,N/A,TECHX0534,14-08-2025,GHAZIABAD,21000,500,1716,0,584,23800,0,0,1800,0,22000.00,,,,
64,ROHIT KUSHWAHA,N/A,N/A,N/A,TECHX0542,25-08-2025,NOIDA,30000,6500,1916,1000,584,40000,0,0,0,0,40000.00,28.61219,77.367164,,
65,AYAZ MAKRANI ,N/A,N/A,N/A,TECHX0145,01-09-2025,Gujrat -Ahemdabad ,21500,0,0,0,0,21500,0,0,0,0,21500.00,23.01278353795975,72.52287724202975,,
66,AJAY RATHORE,10166,101902835360,6933077375,TECHX0544,02-09-2025,MSIL-INDORE,19621,1000,0,0,584,21205,0,160,1800,0,19245.00,,,,
67,ASHISH KUMAR MISHRA,N/A,N/A,N/A,TECHX0549,10-09-2025,GUJARAT,21000,2416,1000,0,584,25000,0,0,0,0,25000.00,23.01278353795975,72.52287724202975,,
68,DIWAKAR PANDIT,N/A,N/A,N/A,TECHX0550,23-09-2025,HYDERABAD,23416,5000,1000,5000,584,35000,0,0,0,0,35000.00,17.449935,78.365510,,
69,PARMAR SATISH KUMAR,10168,102128019971,N/A,TECHX0548,01-10-2025,GUJARAT,21000,1500,1916,1800,584,26800,0,0,1800,0,25000.00,23.01278353795975,72.52287724202975,,
70,ABHAY RAJ SINGH,10170,101641537682,6720223409,TECHX0560,21-11-2025,NOIDA,13500,1045,2000,1800,584,18929,0,129,1800,0,17000.00,28.61219,77.367164,,
71,RAJVEER SINGH,10175,101020836932,N/A,TECHX0005,01-12-2025,GURGAON,24900,8800,3800,3616,584,41700,0,0,1800,0,39900.00,28.504488,77.068853,,
72,PAVAN JADON,10176,100644190238,N/A,TECHX267,01-12-2025,GURGAON,19116,4500,1500,100,584,25800,0,0,1800,0,24000.00,28.504488,77.068853,,
73,SURAJ,10173,102280189938,2019862235,TECHX0339,10-12-2025,NOIDA,13700,0,0,0,584,14284,0,108,1714,0,12462.00,,,,
74,LALIT CHANDRA JOSHI,N/A,N/A,N/A,TECHX0585,05-02-2026,GUJARAT,21000,2416,0,0,584,24000,0,0,0,0,24000.00,23.01278353795975,72.52287724202975,,
75,ADARSH SINGH,N/A,N/A,N/A,TECHX0584,10-02-2026,NOIDA,25000,5000,5000,2416,584,38000,0,0,0,0,38000.00,28.61219,77.367164,,
76,SUMIT VERMA,10181,101848797427,N/A,TECHX0586,12-02-2026,MSIL INDORE,17751,2000,774,2494,584,23603,0,0,1800,0,21803.00,,,,
77,SARATH KUMAR M,10182,101513263768,N/A,TECHX0587,25-02-2026,CHENNAI,21000,8000,1916,1300,584,32800,0,0,1800,0,31000.00,13.090536,80.290108,,
78,BALBEER SINGH,10187,101913414044,N/A,TECHX0118,01-03-2026,GURGAON,17373,3731,3600,112,584,25400,0,0,1800,0,23600.00,28.504488,77.068853,,
79,SADIK KHAN,10184,102311484047,N/A,TECHX0588,02-03-2026,INDORE,17373,3731,1000,112,584,22800,0,0,1800,0,21000.00,,,,
80,DEVENDRA PATEL,N/A,N/A,N/A,TECHX0589,05-03-2026,BHOPAL,17373,3731,3312,0,584,25000,0,0,0,0,25000.00,,,,
81,ALOK BHASKAR,10185,101367068987,N/A,TECHX0590,09-03-2026,INDORE,22000,3731,3312,3173,584,32800,0,0,1800,0,31000.00,,,,
82,YUVRAJ,10183,102309673831,2215287771,TECHX0147,10-03-2026,GURGAON,14171,1000,0,69,584,15824,0,119,1800,0,13905.00,28.504488,77.068853,,
83,NITIN RAJPALI,10186,102063058252,8101394043,TECHX0591,10-03-2026,BHOPAL,11970,4788,2000,608,584,19950,0,150,1800,0,18000.00,,,,
84,VIVEK,10188,102124229617,N/A,TECHX0592,18-03-2026,CHENNAI,21000,7000,1916,1300,584,31800,0,0,1800,0,30000.00,13.090536,80.290108,,
85,ESHU SAGAR,10192,102323436412,N/A,TECHX0595,01-04-2026,NOIDA,58000,20000,10120,763,584,89467,0,0,1800,0,87667.00,28.61219,77.367164,,
86,VISHAL THAKUR,10190,101516374933,N/A,TECHX0594,01-04-2026,NOIDA,42080,14000,8500,3469,584,68633,0,0,1800,0,66833.00,28.61219,77.367164,,
87,TEJVEER SINGH,N/A,N/A,N/A,TECHX0602,02-04-2026,M.P,17500,4716,3000,2000,584,27800,0,0,1800,0,26000.00,,,,
88,KESHAV RAMJI NISHAD,N/A,N/A,N/A,TECHX0598,06-04-2026,HYDERABAD,16500,3716,3000,2000,584,25800,0,0,1800,0,24000.00,17.449935,78.365510,,
89,KHUSHI BHATT,10191,102323408086,2019938192,TECHX0597,07-04-2026,NOIDA,7455,3728,2500,645,584,14912,0,112,1800,0,13000.00,28.61219,77.367164,,
90,RAVINDRA BALU SABLE,10195,101840683279,N/A,TECHX0601,20-04-2026,Mumbai-Maharatra ,21500,7716,2000,2000,584,33800,0,0,1800,0,32000.00,19.188567,72.976393,,
91,RAJU SHIVHARE,10194,101373391977,N/A,TECHX0603,27-04-2026,JABALPUR,16500,2716,1000,2000,584,22800,0,0,1800,0,21000.00,,,,
92,SUJAL SHRIKANT MORE,10193,101847650360,N/A,TECHX0609,27-04-2026,Mumbai-Maharatra ,16500,2716,1000,1000,584,21800,0,0,1800,0,20000.00,19.188567,72.976393,,
93,VINOD GANPAT SURYAWANSHI,10198,101174321222,N/A,TECHX0010,27-04-2026,PUNE,29216,12000,3000,3000,584,47800,0,0,1800,0,46000.00,18.603922,73.753279,,
94,KARAN SINGH RATHORE,10196,100996650201,N/A,TECHX0612,28-04-2026,INDORE,16500,3716,1000,2000,584,23800,0,0,1800,0,22000.00,,,,
95,GOVIND BOURASI,10197,101900127731,1817321792,TECHX0619,28-04-2026,MSIL-INDORE,19621,1000,0,0,584,21205,0,160,1800,0,19245.00,,,,
,,,,,,,,,,,,,,,,,,,,,,
,,,,,,,,,,,,,,,,,,,,,,
,,,,,,,,,,,,,,,,,,,,,,
,,,,,,,,,,,,,,,,,,,,,,
,,,,,,,,,,,,,,,,,,,,,,
,,,,,,,,,,,,,,,,,,,,,,
,,,,,,,,,,,,,,,,,,,,,,
,,,,,,,,,,,,,,,,,,,,,,
,,,,,,,,,,,,,,,,,,,,,,
,,,,,,,,,,,,,,,,,,,,,,
,,,,,,,,,,,,,,,,,,,,,,
,,,,,,,,,,,,,,,,,,,,,,
,,,,,,,,,,,,,,,,,,,,,,
,,,,,,,,,,,,,,,,,,,,,,
,,,,,,,,,,,,,,,,,,,,,,
,,,,,,,,,,,,,,,,,,,,,,
,,,,,,,,,,,,,,,,,,,,,,
,,,,,,,,,,,,,,,,,,,,,,
,,,,,,,,,,,,,,,,,,,,,,
,,,,,,,,,,,,,,,,,,,,,,
,,,,,,,,,,,,,,,,,,,,,,
,,,,,,,,,,,,,,,,,,,,,,
,,,,,,,,,,,,,,,,,,,,,,
,,,,,,,,,,,,,,,,,,,,,,
,,,,,,,,,,,,,,,,,,,,,,
,,,,,,,,,,,,,,,,,,,,,,
,,,,,,,,,,,,,,,,,,,,,,
,,,,,,,,,,,,,,,,,,,,,,
,,,,,,,,,,,,,,,,,,,,,,
,,,,,,,,,,,,,,,,,,,,,,
,,,,,,,,,,,,,,,,,,,,,,
,,,,,,,,,,,,,,,,,,,,,,
,,,,,,,,,,,,,,,,,,,,,,
,,,,,,,,,,,,,,,,,,,,,,
,,,,,,,,,,,,,,,,,,,,,,
,,,,,,,,,,,,,,,,,,,,,,
,,,,,,,,,,,,,,,,,,,,,,
,,,,,,,,,,,,,,,,,,,,,,
,,,,,,,,,,,,,,,,,,,,,,
,,,,,,,,,,,,,,,,,,,,,,
,,,,,,,,,,,,,,,,,,,,,,
,,,,,,,,,,,,,,,,,,,,,,
,,,,,,,,,,,,,,,,,,,,,,
,,,,,,,,,,,,,,,,,,,,,,
,,,,,,,,,,,,,,,,,,,,,,
,,,,,,,,,,,,,,,,,,,,,,
,,,,,,,,,,,,,,,,,,,,,,
,,,,,,,,,,,,,,,,,,,,,,
,,,,,,,,,,,,,,,,,,,,,,
,,,,,,,,,,,,,,,,,,,,,,
,,,,,,,,,,,,,,,,,,,,,,
,,,,,,,,,,,,,,,,,,,,,,
,,,,,,,,,,,,,,,,,,,,,,
,,,,,,,,,,,,,,,,,,,,,,
,,,,,,,,,,,,,,,,,,,,,,
,,,,,,,,,,,,,,,,,,,,,,
,,,,,,,,,,,,,,,,,,,,,,
,,,,,,,,,,,,,,,,,,,,,,
,,,,,,,,,,,,,,,,,,,,,,
,,,,,,,,,,,,,,,,,,,,,,
,,,,,,,,,,,,,,,,,,,,,,
,,,,,,,,,,,,,,,,,,,,,,
,,,,,,,,,,,,,,,,,,,,,,
,,,,,,,,,,,,,,,,,,,,,,
,,,,,,,,,,,,,,,,,,,,,,
,,,,,,,,,,,,,,,,,,,,,,
,,,,,,,,,,,,,,,,,,,,,,
,,,,,,,,,,,,,,,,,,,,,,
,,,,,,,,,,,,,,,,,,,,,,
,,,,,,,,,,,,,,,,,,,,,,
,,,,,,,,,,,,,,,,,,,,,,
,,,,,,,,,,,,,,,,,,,,,,
,,,,,,,,,,,,,,,,,,,,,,
,,,,,,,,,,,,,,,,,,,,,,
,,,,,,,,,,,,,,,,,,,,,,
,,,,,,,,,,,,,,,,,,,,,,
,,,,,,,,,,,,,,,,,,,,,,
,,,,,,,,,,,,,,,,,,,,,,
,,,,,,,,,,,,,,,,,,,,,,
,,,,,,,,,,,,,,,,,,,,,,
,,,,,,,,,,,,,,,,,,,,,,
,,,,,,,,,,,,,,,,,,,,,,
,,,,,,,,,,,,,,,,,,,,,,
,,,,,,,,,,,,,,,,,,,,,,
,,,,,,,,,,,,,,,,,,,,,,
,,,,,,,,,,,,,,,,,,,,,,
,,,,,,,,,,,,,,,,,,,,,,
,,,,,,,,,,,,,,,,,,,,,,
,,,,,,,,,,,,,,,,,,,,,,
,,,,,,,,,,,,,,,,,,,,,,
,,,,,,,,,,,,,,,,,,,,,,
,,,,,,,,,,,,,,,,,,,,,,
,,,,,,,,,,,,,,,,,,,,,,
,,,,,,,,,,,,,,,,,,,,,,
,,,,,,,,,,,,,,,,,,,,,,
,,,,,,,,,,,,,,,,,,,,,,
,,,,,,,,,,,,,,,,,,,,,,
,,,,,,,,,,,,,,,,,,,,,,
,,,,,,,,,,,,,,,,,,,,,,
,,,,,,,,,,,,,,,,,,,,,,
,,,,,,,,,,,,,,,,,,,,,,
,,,,,,,,,,,,,,,,,,,,,,
,,,,,,,,,,,,,,,,,,,,,,
,,,,,,,,,,,,,,,,,,,,,,
,,,,,,,,,,,,,,,,,,,,,,
,,,,,,,,,,,,,,,,,,,,,,
,,,,,,,,,,,,,,,,,,,,,,
,,,,,,,,,,,,,,,,,,,,,,
,,,,,,,,,,,,,,,,,,,,,,
,,,,,,,,,,,,,,,,,,,,,,
,,,,,,,,,,,,,,,,,,,,,,
,,,,,,,,,,,,,,,,,,,,,,
,,,,,,,,,,,,,,,,,,,,,,
,,,,,,,,,,,,,,,,,,,,,,
,,,,,,,,,,,,,,,,,,,,,,
,,,,,,,,,,,,,,,,,,,,,,
,,,,,,,,,,,,,,,,,,,,,,
,,,,,,,,,,,,,,,,,,,,,,
,,,,,,,,,,,,,,,,,,,,,,
,,,,,,,,,,,,,,,,,,,,,,
,,,,,,,,,,,,,,,,,,,,,,
,,,,,,,,,,,,,,,,,,,,,,
,,,,,,,,,,,,,,,,,,,,,,
,,,,,,,,,,,,,,,,,,,,,,
,,,,,,,,,,,,,,,,,,,,,,
,,,,,,,,,,,,,,,,,,,,,,
,,,,,,,,,,,,,,,,,,,,,,
,,,,,,,,,,,,,,,,,,,,,,
,,,,,,,,,,,,,,,,,,,,,,
,,,,,,,,,,,,,,,,,,,,,,
,,,,,,,,,,,,,,,,,,,,,,
,,,,,,,,,,,,,,,,,,,,,,
,,,,,,,,,,,,,,,,,,,,,,
,,,,,,,,,,,,,,,,,,,,,,
,,,,,,,,,,,,,,,,,,,,,,
,,,,,,,,,,,,,,,,,,,,,,
,,,,,,,,,,,,,,,,,,,,,,
,,,,,,,,,,,,,,,,,,,,,,
,,,,,,,,,,,,,,,,,,,,,,
