SNO,CompanyID,BranchSite,PPM QTR 1,PPM QTR 2,PPM QTR 3,PPM QTR 4
202021401,Vodafone Idea Limited,VI Store (Randher - Surat),2024-02-15,2024-04-01,2024-07-01,2024-10-01
202021402,Vodafone Idea Limited,VI Store (Parvatpatiya - Surat),2024-02-15,2024-04-01,2024-07-01,2024-10-01
202021403,Vodafone Idea Limited,VI Store (Yagnik Road - Rajkot),2024-02-15,2024-04-01,2024-07-01,2024-10-01
202021404,Vodafone Idea Limited,VI Store (Jamnagar),2024-02-15,2024-04-01,2024-07-01,2024-10-01
202021405,Vodafone Idea Limited,VI Store (Gandhidham),2024-02-15,2024-04-01,2024-07-01,2024-10-01
202021406,Vodafone Idea Limited,VI Store (Mehsana - COCO),2024-02-15,2024-04-01,2024-07-01,2024-10-01
202021407,Vodafone Idea Limited,Idea CRS (Race Course - Baroda),2024-02-15,2024-04-01,2024-07-01,2024-10-01
202021408,Vodafone Idea Limited,VI Store (Raopura - Baroda),2024-02-15,2024-04-01,2024-07-01,2024-10-01
202021409,Vodafone Idea Limited,VI Store (OP Road - Baroda),2024-02-15,2024-04-01,2024-07-01,2024-10-01
202021410,Vodafone Idea Limited,VI Store (Gotri Road - Baroda),2024-02-15,2024-04-01,2024-07-01,2024-10-01
202021411,Vodafone Idea Limited,VI Store (Nizampura - Baroda),2024-02-15,2024-04-01,2024-07-01,2024-10-01
202021412,Vodafone Idea Limited,VI Store (Makarpura - Baroda),2024-02-15,2024-04-01,2024-07-01,2024-10-01
202021413,Vodafone Idea Limited,VI Store (Karelibag - Baroda),2024-02-15,2024-04-01,2024-07-01,2024-10-01
202021414,Vodafone Idea Limited,VI Store(Thaltej-Ahmedabad),2024-02-15,2024-04-01,2024-07-01,2024-10-01
202021415,Vodafone Idea Limited,VI Store (Gandhinagar - Ahmedabad),2024-02-15,2024-04-01,2024-07-01,2024-10-01
202021416,Vodafone Idea Limited,Idea CRS (Navrangpura - Ahmedabad),2024-02-15,2024-04-01,2024-07-01,2024-10-01
202021417,Vodafone Idea Limited,Idea CRS (Relief Road - Ahmedabad),2024-02-15,2024-04-01,2024-07-01,2024-10-01
202021418,Vodafone Idea Limited,Idea CRS (Shahibaug - Ahmedabad),2024-02-15,2024-04-01,2024-07-01,2024-10-01
202021419,Vodafone Idea Limited,Idea CRS (Maninagar - Ahmedabad),2024-02-15,2024-04-01,2024-07-01,2024-10-01
202021420,Vodafone Idea Limited,VI Store (Stadium Road - Ahmedabad),2024-02-15,2024-04-01,2024-07-01,2024-10-01
202021421,Vodafone Idea Limited,VI Store (Paldi - Ahmedabad),2024-02-15,2024-04-01,2024-07-01,2024-10-01
202021422,Vodafone Idea Limited,VI Store (New Cloth Market - Ahmedabad),2024-02-15,2024-04-01,2024-07-01,2024-10-01
202021423,Vodafone Idea Limited,VI Store (Ghodasar - Ahmedabad),2024-02-15,2024-04-01,2024-07-01,2024-10-01
202021424,Vodafone Idea Limited,VI Store (Naroda - Ahmedabad),2024-02-15,2024-04-01,2024-07-01,2024-10-01
202021425,Vodafone Idea Limited,VI Store (Chandkheda -Ahmedabad),2024-02-15,2024-04-01,2024-07-01,2024-10-01
202021426,Vodafone Idea Limited,VI Store (Bopal -Ahmedabad),2024-02-15,2024-04-01,2024-07-01,2024-10-01
202021427,Vodafone Idea Limited,VI Store (Ashram road - Ahmedabad),2024-02-15,2024-04-01,2024-07-01,2024-10-01
202021428,Vodafone Idea Limited,VI Store (Vastrapur -Ahmedabad),2024-02-15,2024-04-01,2024-07-01,2024-10-01
202021429,Vodafone Idea Limited,VI Store (Shivranjani -Ahmedabad),2024-02-15,2024-04-01,2024-07-01,2024-10-01
202021430,Vodafone Idea Limited,VI Store (Naranpura - Ahmedabad),2024-02-15,2024-04-01,2024-07-01,2024-10-01
202021431,Vodafone Idea Limited,VI Store (Anandnagar - Ahmedabad),2024-02-15,2024-04-01,2024-07-01,2024-10-01
202021432,Vodafone Idea Limited,VI Store (Vesu - Surat),2024-02-15,2024-04-01,2024-07-01,2024-10-01
202021433,Vodafone Idea Limited,VI Store (Sarthana - Surat),2024-02-15,2024-04-01,2024-07-01,2024-10-01
202021434,Vodafone Idea Limited,VI Store (Varachha - Surat),2024-02-15,2024-04-01,2024-07-01,2024-10-01
202021435,Vodafone Idea Limited,VI Store (Varachha 2 - Surat),2024-02-15,2024-04-01,2024-07-01,2024-10-01
202021436,Vodafone Idea Limited,Idea CRS (Ring Road - Surat),2024-02-15,2024-04-01,2024-07-01,2024-10-01
202021437,Vodafone Idea Limited,VI Store(Adajan- Surat),2024-02-15,2024-04-01,2024-07-01,2024-10-01
202021438,Tata Communication Limited,TCL - VSB - Delhi,2024-02-15,2024-04-01,2024-07-01,2024-10-01
202021439,Tata Communication Limited,TCL - VSB - Jalandhar,2024-02-15,2024-04-01,2024-07-01,2024-10-01
202021440,Tata Communication Limited,TCL - Mohali - Chandigarh,2024-02-15,2024-04-01,2024-07-01,2024-10-01
202021441,Tata Communication Limited,TCL - Dehradun - UK,2024-02-15,2024-04-01,2024-07-01,2024-10-01
202021442,Tata Communication Limited,TCL - VSB - Dehradun,2024-02-15,2024-04-01,2024-07-01,2024-10-01
202021443,Tata Communication Limited,TCL - VSB - Kanpur,2024-02-15,2024-04-01,2024-07-01,2024-10-01
202021444,Tata Communication Limited,TCL - Lucknow - UP,2024-02-15,2024-04-01,2024-07-01,2024-10-01
202021445,Tata Communication Limited,TCL - Jaipur - Rajasthan,2024-02-15,2024-04-01,2024-07-01,2024-10-01
202021446,Tata Communication Limited,TCL - GK-1 - Delhi,2024-02-15,2024-04-01,2024-07-01,2024-10-01
202021447,Tata Communication Limited,TCL - Udyog Vihar - Gurugram,2024-02-15,2024-04-01,2024-07-01,2024-10-01
202021448,Tata Communication Limited,TCL - NSEZ - Noida,2024-02-15,2024-04-01,2024-07-01,2024-10-01
202021449,Tata Communication Limited,TCL - Chattarpur - Delhi,2024-02-15,2024-04-01,2024-07-01,2024-10-01
202021450,CBRE-UNITED SPRIT (Diageo),DIAGEO - Jaipur,2024-02-15,2024-04-01,2024-07-01,2024-10-01
202021451,CBRE-UNITED SPRIT (Diageo),DIAGEO - Dehradun,2024-02-15,2024-04-01,2024-07-01,2024-10-01
202021452,CBRE-UNITED SPRIT (Diageo),DIAGEO - Lucknow,2024-02-15,2024-04-01,2024-07-01,2024-10-01
202021453,CBRE-UNITED SPRIT (Diageo),DIAGEO - Gurgaon,2024-02-15,2024-04-01,2024-07-01,2024-10-01
202021454,CBRE-UNITED SPRIT (Diageo),DIAGEO - Goa,2024-02-15,2024-04-01,2024-07-01,2024-10-01
202021455,CBRE-UNITED SPRIT (Diageo),DIAGEO - Chandigarh,2024-02-15,2024-04-01,2024-07-01,2024-10-01
202021456,CBRE-UNITED SPRIT (Diageo),DIAGEO - Daman,2024-02-15,2024-04-01,2024-07-01,2024-10-01
202021457,CBRE-DXC Technology,DXC - Hyderabad,2024-02-15,2024-04-01,2024-07-01,2024-10-01
202021458,CBRE-DXC Technology,DXC - Bangalore EC1,2024-02-15,2024-04-01,2024-07-01,2024-10-01
202021459,CBRE-DXC Technology,DXC - Chennai OTP,2024-02-15,2024-04-01,2024-07-01,2024-10-01
202021460,CBRE-DXC Technology,DXC - Chennai TRIL,2024-02-15,2024-04-01,2024-07-01,2024-10-01
202021461,CBRE-DXC Technology,DXC - Bangalore EMC,2024-02-15,2024-04-01,2024-07-01,2024-10-01
202021462,CBRE-DXC Technology,DXC - Bangalore KTP,2024-02-15,2024-04-01,2024-07-01,2024-10-01
202021463,CBRE-WELLONE WASH AND CLEANÂ LLP,001-Augusta Point Gurugram,2024-02-15,2024-04-01,2024-07-01,2024-10-01
202021464,GeBBS Healthcare Solutions Pvt. Ltd.,Gebbs - Airoli,2024-02-15,2024-04-01,2024-07-01,2024-10-01
202021465,Vodafone Idea Limited,VI Store (Morbi - Rajkot),2024-02-15,2024-04-01,2024-07-01,2024-10-01
202021466,GeBBS Healthcare Solutions Pvt. Ltd.,"Gebbs - Sakinaka				",2024-02-15,2024-04-01,2024-07-01,2024-10-01
202021467,GeBBS Healthcare Solutions Pvt. Ltd.,Gebbs - Aurangabad,2024-02-15,2024-04-01,2024-07-01,2024-10-01
202021468,GeBBS Healthcare Solutions Pvt. Ltd.,Gebbs - Hyderabad,2024-02-15,2024-04-01,2024-07-01,2024-10-01
202021469,Vodafone Idea Limited,VI Store (Ankleshwar - Baroda),2024-02-15,2024-04-01,2024-07-01,2024-10-01
202021470,Vodafone Idea Limited,VI Store (Bapunagar2 -Ahmedabad),2024-02-15,2024-04-01,2024-07-01,2024-10-01
202021471,Vodafone Idea Limited,VI Store (Bharuch - Baroda),2024-02-15,2024-04-01,2024-07-01,2024-10-01
202021472,Vodafone Idea Limited,VI Store (Bhavnagar),2024-02-15,2024-04-01,2024-07-01,2024-10-01
202021473,Vodafone Idea Limited,VI Store (Bhuj),2024-02-15,2024-04-01,2024-07-01,2024-10-01
202021474,Vodafone Idea Limited,VI Store (Dhaber Road - Rajkot),2024-02-15,2024-04-01,2024-07-01,2024-10-01
202021475,Vodafone Idea Limited,VI Store (Godhra - Baroda),2024-02-15,2024-04-01,2024-07-01,2024-10-01
202021476,Vodafone Idea Limited,VI Store (Gurukul -Ahmedabad),2024-02-15,2024-04-01,2024-07-01,2024-10-01
202021477,Vodafone Idea Limited,VI Store (Himmatnagar),2024-02-15,2024-04-01,2024-07-01,2024-10-01
202021478,Vodafone Idea Limited,VI Store (Junagadh),2024-02-15,2024-04-01,2024-07-01,2024-10-01
202021479,Vodafone Idea Limited,VI Store (Kalawad - Rajkot),2024-02-15,2024-04-01,2024-07-01,2024-10-01
202021480,Vodafone Idea Limited,VI Store (Nadiad - Ahmedabad),2024-02-15,2024-04-01,2024-07-01,2024-10-01
202021481,Vodafone Idea Limited,VI Store (Navsari - Surat),2024-02-15,2024-04-01,2024-07-01,2024-10-01
202021482,Vodafone Idea Limited,VI Store (Ring Road - Surat),2024-02-15,2024-04-01,2024-07-01,2024-10-01
202021483,Vodafone Idea Limited,VI Store (Surendranagar - Rajkot),2024-02-15,2024-04-01,2024-07-01,2024-10-01
202021484,Vodafone Idea Limited,VI Store (Vapi),2024-02-15,2024-04-01,2024-07-01,2024-10-01
202021485,Vodafone Idea Limited,VI Store (Veraval),2024-02-15,2024-04-01,2024-07-01,2024-10-01
202021486,Vodafone Idea Limited,VI Store (Yogi Chowk - Surat),2024-02-15,2024-04-01,2024-07-01,2024-10-01
202021487,CBRE - BNP Paribas India Solution Pvt Ltd.,BNP - Chennai - TN,2024-02-15,2024-04-01,2024-07-01,2024-10-01
202021488,Vodafone Idea Limited,IDEA CRS (Relief Road),2024-02-15,2024-04-01,2024-07-01,2024-10-01
202021489,Vodafone Idea Limited,VI Store (L P Savani - Surat),2024-02-15,2024-04-01,2024-07-01,2024-10-01
202021490,CBRE-UNITED SPRIT (Diageo),DIAGEO - Raipur,2024-02-15,2024-04-01,2024-07-01,2024-10-01
202021491,CBRE-UNITED SPRIT (Diageo),DIAGEO - Ranchi,2024-02-15,2024-04-01,2024-07-01,2024-10-01
202021492,Ernst and Young Global Limited,E&Y - AEROCITY - DL,2024-02-15,2024-04-01,2024-07-01,2024-10-01
202021493,CBRE-UNITED SPRIT (Diageo),DIAGEO - Pune,2024-02-15,2024-04-01,2024-07-01,2024-10-01
202021494,CBRE-UNITED SPRIT (Diageo),DIAGEO - Guwahati,2024-02-15,2024-04-01,2024-07-01,2024-10-01
202021495,CBRE-UNITED SPRIT (Diageo),DIAGEO - Hyderabad,2024-02-15,2024-04-01,2024-07-01,2024-10-01
202021496,CBRE-UNITED SPRIT (Diageo),DIAGEO - Kolkata,2024-02-15,2024-04-01,2024-07-01,2024-10-01
202021497,CBRE-UNITED SPRIT (Diageo),DIAGEO - Mumbai,2024-02-15,2024-04-01,2024-07-01,2024-10-01
202021498,CBRE-UNITED SPRIT (Diageo),DIAGEO - Nagpur,2024-02-15,2024-04-01,2024-07-01,2024-10-01
202021499,CBRE-UNITED SPRIT (Diageo),DIAGEO - Bhubaneswar,2024-02-15,2024-04-01,2024-07-01,2024-10-01
202021500,CBRE-UNITED SPRIT (Diageo),DIAGEO - Bangalore,2024-02-15,2024-04-01,2024-07-01,2024-10-01
