Ticket ID,Corporate,Branch,Branch Asset,PPMDate,,DueDate,Status,,,,,,,,,,,,,,,,
CS-PPM-004184,Tata Communication Limited,TCL - Mohali - Chandigarh,2 TR Split units,2024-11-03,,2024-11-11,Planned,,,,,,,,,,,,,,,,
CS-PPM-004180,Tata Communication Limited,TCL - Mohali - Chandigarh,2 TR Split units,2024-11-03,,2024-11-11,Planned,,,,,,,,,,,,,,,,
CS-PPM-004176,Tata Communication Limited,TCL - Mohali - Chandigarh,2 TR Split units,2024-11-03,,2024-11-11,Planned,,,,,,,,,,,,,,,,
CS-PPM-004172,Tata Communication Limited,TCL - Mohali - Chandigarh,8.5 TR CAC units,2024-11-03,,2024-11-11,Planned,,,,,,,,,,,,,,,,
CS-PPM-004168,Tata Communication Limited,TCL - Mohali - Chandigarh,8.5 TR CAC units,2024-11-03,,2024-11-11,Planned,,,,,,,,,,,,,,,,
CS-PPM-004164,Tata Communication Limited,TCL - VSB - Jalandhar,1.5 TR split AC units,2024-11-03,,2024-11-11,Planned,,,,,,,,,,,,,,,,
CS-PPM-004160,Tata Communication Limited,TCL - VSB - Jalandhar,1.5 TR split AC units,2024-11-03,,2024-11-11,Planned,,,,,,,,,,,,,,,,
CS-PPM-004156,Tata Communication Limited,TCL - VSB - Jalandhar,1.5 TR split AC units,2024-11-03,,2024-11-11,Planned,,,,,,,,,,,,,,,,
CS-PPM-004152,Tata Communication Limited,TCL - VSB - Jalandhar,1.5 TR split AC units,2024-11-03,,2024-11-11,Planned,,,,,,,,,,,,,,,,
,,,,,,,,,,,,,,,,,,,,,,,
CS-PPM-008523,CBRE - Juniper Networks Solution India Private Ltd,CBRE - Juniper - Bandra Kurla - MH,CASSETTE AC,2024-11-04,,2024-11-10,Planned,,,,,,,,,,,,,,,,
CS-PPM-008519,CBRE - Juniper Networks Solution India Private Ltd,CBRE - Juniper - Bandra Kurla - MH,CSU,2024-11-04,,2024-11-10,Planned,,,,,,,,,,,,,,,,
CS-PPM-008515,CBRE - Juniper Networks Solution India Private Ltd,CBRE - Juniper - Bandra Kurla - MH,UPS,2024-11-04,,2024-11-10,Planned,,,,,,,,,,,,,,,,
CS-PPM-008511,CBRE - Juniper Networks Solution India Private Ltd,CBRE - Juniper - Bandra Kurla - MH,Split - AC,2024-11-04,,2024-11-10,Planned,,,,,,,,,,,,,,,,
,,,,,,,,,,,,,,,,,,,,,,,
CS-PPM-005424,CBRE-DXC Technology,DXC - Bangalore EC1,Split,2024-12-01,,2024-12-17,Planned,,,,,,,,,,,,,,,,
CS-PPM-005420,CBRE-DXC Technology,DXC - Bangalore EC1,Split,2024-12-01,,2024-12-17,Planned,,,,,,,,,,,,,,,,
CS-PPM-005416,CBRE-DXC Technology,DXC - Bangalore EC1,Split,2024-12-01,,2024-12-17,Planned,,,,,,,,,,,,,,,,
CS-PPM-005412,CBRE-DXC Technology,DXC - Bangalore EC1,Split,2024-12-01,,2024-12-17,Planned,,,,,,,,,,,,,,,,
CS-PPM-005408,CBRE-DXC Technology,DXC - Bangalore EC1,Split,2024-12-01,,2024-12-17,Planned,,,,,,,,,,,,,,,,
CS-PPM-005404,CBRE-DXC Technology,DXC - Bangalore EC1,Split,2024-12-01,,2024-12-17,Planned,,,,,,,,,,,,,,,,
CS-PPM-005400,CBRE-DXC Technology,DXC - Bangalore EC1,Split,2024-12-01,,2024-12-17,Planned,,,,,,,,,,,,,,,,
CS-PPM-005396,CBRE-DXC Technology,DXC - Bangalore EC1,Split,2024-12-01,,2024-12-17,Planned,,,,,,,,,,,,,,,,
CS-PPM-005392,CBRE-DXC Technology,DXC - Bangalore EC1,Split,2024-12-01,,2024-12-17,Planned,,,,,,,,,,,,,,,,
CS-PPM-005388,CBRE-DXC Technology,DXC - Bangalore EC1,Split,2024-12-01,,2024-12-17,Planned,,,,,,,,,,,,,,,,
CS-PPM-005384,CBRE-DXC Technology,DXC - Bangalore EC1,Split,2024-12-01,,2024-12-17,Planned,,,,,,,,,,,,,,,,
CS-PPM-005380,CBRE-DXC Technology,DXC - Bangalore EC1,Split,2024-12-01,,2024-12-17,Planned,,,,,,,,,,,,,,,,
CS-PPM-005376,CBRE-DXC Technology,DXC - Bangalore EC1,Split,2024-12-01,,2024-12-17,Planned,,,,,,,,,,,,,,,,
CS-PPM-005372,CBRE-DXC Technology,DXC - Bangalore EC1,Split,2024-12-01,,2024-12-17,Planned,,,,,,,,,,,,,,,,
CS-PPM-005368,CBRE-DXC Technology,DXC - Bangalore EC1,Split,2024-12-01,,2024-12-17,Planned,,,,,,,,,,,,,,,,
CS-PPM-005364,CBRE-DXC Technology,DXC - Bangalore EC1,Split,2024-12-01,,2024-12-17,Planned,,,,,,,,,,,,,,,,
CS-PPM-005360,CBRE-DXC Technology,DXC - Bangalore EC1,Split,2024-12-01,,2024-12-17,Planned,,,,,,,,,,,,,,,,
CS-PPM-005356,CBRE-DXC Technology,DXC - Bangalore EC1,Split,2024-12-01,,2024-12-17,Planned,,,,,,,,,,,,,,,,
CS-PPM-005352,CBRE-DXC Technology,DXC - Bangalore EC1,Split,2024-12-01,,2024-12-17,Planned,,,,,,,,,,,,,,,,
CS-PPM-005348,CBRE-DXC Technology,DXC - Bangalore EC1,Split,2024-12-01,,2024-12-17,Planned,,,,,,,,,,,,,,,,
CS-PPM-005344,CBRE-DXC Technology,DXC - Bangalore EC1,Split,2024-12-01,,2024-12-17,Planned,,,,,,,,,,,,,,,,
CS-PPM-005340,CBRE-DXC Technology,DXC - Bangalore EC1,Split,2024-12-01,,2024-12-17,Planned,,,,,,,,,,,,,,,,
CS-PPM-005336,CBRE-DXC Technology,DXC - Bangalore EC1,Split,2024-12-01,,2024-12-17,Planned,,,,,,,,,,,,,,,,
CS-PPM-005332,CBRE-DXC Technology,DXC - Bangalore EC1,Split,2024-12-01,,2024-12-17,Planned,,,,,,,,,,,,,,,,
CS-PPM-005328,CBRE-DXC Technology,DXC - Bangalore EC1,Split,2024-12-01,,2024-12-17,Planned,,,,,,,,,,,,,,,,
CS-PPM-005324,CBRE-DXC Technology,DXC - Bangalore EC1,Split,2024-12-01,,2024-12-17,Planned,,,,,,,,,,,,,,,,
CS-PPM-005320,CBRE-DXC Technology,DXC - Bangalore EC1,Split,2024-12-01,,2024-12-17,Planned,,,,,,,,,,,,,,,,
CS-PPM-005316,CBRE-DXC Technology,DXC - Bangalore EC1,Split,2024-12-01,,2024-12-17,Planned,,,,,,,,,,,,,,,,
CS-PPM-005312,CBRE-DXC Technology,DXC - Bangalore EC1,Split,2024-12-01,,2024-12-17,Planned,,,,,,,,,,,,,,,,
CS-PPM-005308,CBRE-DXC Technology,DXC - Bangalore EC1,Split,2024-12-01,,2024-12-17,Planned,,,,,,,,,,,,,,,,
CS-PPM-005304,CBRE-DXC Technology,DXC - Bangalore EC1,Split,2024-12-01,,2024-12-17,Planned,,,,,,,,,,,,,,,,
CS-PPM-005300,CBRE-DXC Technology,DXC - Bangalore EC1,Split,2024-12-01,,2024-12-17,Planned,,,,,,,,,,,,,,,,
CS-PPM-005296,CBRE-DXC Technology,DXC - Bangalore EC1,Split,2024-12-01,,2024-12-17,Planned,,,,,,,,,,,,,,,,
CS-PPM-005292,CBRE-DXC Technology,DXC - Bangalore EC1,Split,2024-12-01,,2024-12-17,Planned,,,,,,,,,,,,,,,,
CS-PPM-005288,CBRE-DXC Technology,DXC - Bangalore EC1,Split,2024-12-01,,2024-12-17,Planned,,,,,,,,,,,,,,,,
CS-PPM-005284,CBRE-DXC Technology,DXC - Bangalore EC1,Split,2024-12-01,,2024-12-17,Planned,,,,,,,,,,,,,,,,
CS-PPM-005280,CBRE-DXC Technology,DXC - Bangalore EC1,Split,2024-12-01,,2024-12-17,Planned,,,,,,,,,,,,,,,,
CS-PPM-005276,CBRE-DXC Technology,DXC - Bangalore EC1,Split,2024-12-01,,2024-12-17,Planned,,,,,,,,,,,,,,,,
CS-PPM-005272,CBRE-DXC Technology,DXC - Bangalore EC1,Split,2024-12-01,,2024-12-17,Planned,,,,,,,,,,,,,,,,
CS-PPM-005268,CBRE-DXC Technology,DXC - Bangalore EC1,Split,2024-12-01,,2024-12-17,Planned,,,,,,,,,,,,,,,,
CS-PPM-005264,CBRE-DXC Technology,DXC - Bangalore EC1,Split,2024-12-01,,2024-12-17,Planned,,,,,,,,,,,,,,,,
CS-PPM-005260,CBRE-DXC Technology,DXC - Bangalore EC1,Split,2024-12-01,,2024-12-17,Planned,,,,,,,,,,,,,,,,
CS-PPM-005256,CBRE-DXC Technology,DXC - Bangalore EC1,Split,2024-12-01,,2024-12-17,Planned,,,,,,,,,,,,,,,,
CS-PPM-005252,CBRE-DXC Technology,DXC - Bangalore EC1,Split,2024-12-01,,2024-12-17,Planned,,,,,,,,,,,,,,,,
CS-PPM-005248,CBRE-DXC Technology,DXC - Bangalore EC1,Split,2024-12-01,,2024-12-17,Planned,,,,,,,,,,,,,,,,
CS-PPM-005244,CBRE-DXC Technology,DXC - Bangalore EC1,Split,2024-12-01,,2024-12-17,Planned,,,,,,,,,,,,,,,,
CS-PPM-005240,CBRE-DXC Technology,DXC - Bangalore EC1,Split,2024-12-01,,2024-12-17,Planned,,,,,,,,,,,,,,,,
CS-PPM-005236,CBRE-DXC Technology,DXC - Bangalore EC1,Split,2024-12-01,,2024-12-17,Planned,,,,,,,,,,,,,,,,
CS-PPM-005232,CBRE-DXC Technology,DXC - Bangalore EC1,Split,2024-12-01,,2024-12-17,Planned,,,,,,,,,,,,,,,,
CS-PPM-005228,CBRE-DXC Technology,DXC - Bangalore EC1,Split,2024-12-01,,2024-12-17,Planned,,,,,,,,,,,,,,,,
CS-PPM-005224,CBRE-DXC Technology,DXC - Bangalore EC1,Split,2024-12-01,,2024-12-17,Planned,,,,,,,,,,,,,,,,
CS-PPM-005220,CBRE-DXC Technology,DXC - Bangalore EC1,Split,2024-12-01,,2024-12-17,Planned,,,,,,,,,,,,,,,,
CS-PPM-005216,CBRE-DXC Technology,DXC - Bangalore EC1,Split,2024-12-01,,2024-12-17,Planned,,,,,,,,,,,,,,,,
CS-PPM-005212,CBRE-DXC Technology,DXC - Bangalore EC1,Split,2024-12-01,,2024-12-17,Planned,,,,,,,,,,,,,,,,
CS-PPM-005208,CBRE-DXC Technology,DXC - Bangalore EC1,Split,2024-12-01,,2024-12-17,Planned,,,,,,,,,,,,,,,,
CS-PPM-005204,CBRE-DXC Technology,DXC - Bangalore EC1,Split,2024-12-01,,2024-12-17,Planned,,,,,,,,,,,,,,,,
CS-PPM-005200,CBRE-DXC Technology,DXC - Bangalore EC1,Split,2024-12-01,,2024-12-17,Planned,,,,,,,,,,,,,,,,
CS-PPM-005196,CBRE-DXC Technology,DXC - Bangalore EC1,Split,2024-12-01,,2024-12-17,Planned,,,,,,,,,,,,,,,,
CS-PPM-005192,CBRE-DXC Technology,DXC - Bangalore EC1,Split,2024-12-01,,2024-12-17,Planned,,,,,,,,,,,,,,,,
CS-PPM-005188,CBRE-DXC Technology,DXC - Bangalore EC1,Split,2024-12-01,,2024-12-17,Planned,,,,,,,,,,,,,,,,
CS-PPM-005184,CBRE-DXC Technology,DXC - Bangalore EC1,Split,2024-12-01,,2024-12-17,Planned,,,,,,,,,,,,,,,,
CS-PPM-005180,CBRE-DXC Technology,DXC - Bangalore EC1,PAC,2024-12-01,,2024-12-17,Planned,,,,,,,,,,,,,,,,
CS-PPM-005176,CBRE-DXC Technology,DXC - Bangalore EC1,PAC,2024-12-01,,2024-12-17,Planned,,,,,,,,,,,,,,,,
CS-PPM-005172,CBRE-DXC Technology,DXC - Bangalore EC1,PAC,2024-12-01,,2024-12-17,Planned,,,,,,,,,,,,,,,,
CS-PPM-005168,CBRE-DXC Technology,DXC - Bangalore EC1,PAC,2024-12-01,,2024-12-17,Planned,,,,,,,,,,,,,,,,
CS-PPM-005164,CBRE-DXC Technology,DXC - Bangalore EC1,PAC,2024-12-01,,2024-12-17,Planned,,,,,,,,,,,,,,,,
CS-PPM-005160,CBRE-DXC Technology,DXC - Bangalore EC1,PAC,2024-12-01,,2024-12-17,Planned,,,,,,,,,,,,,,,,
CS-PPM-005156,CBRE-DXC Technology,DXC - Bangalore EC1,PAC,2024-12-01,,2024-12-17,Planned,,,,,,,,,,,,,,,,
CS-PPM-005152,CBRE-DXC Technology,DXC - Bangalore EC1,PAC,2024-12-01,,2024-12-17,Planned,,,,,,,,,,,,,,,,
CS-PPM-005148,CBRE-DXC Technology,DXC - Bangalore EC1,PAC,2024-12-01,,2024-12-17,Planned,,,,,,,,,,,,,,,,
CS-PPM-005144,CBRE-DXC Technology,DXC - Bangalore EC1,PAC,2024-12-01,,2024-12-17,Planned,,,,,,,,,,,,,,,,
CS-PPM-005140,CBRE-DXC Technology,DXC - Bangalore EC1,PAC,2024-12-01,,2024-12-17,Planned,,,,,,,,,,,,,,,,
CS-PPM-005136,CBRE-DXC Technology,DXC - Bangalore EC1,PAC,2024-12-01,,2024-12-17,Planned,,,,,,,,,,,,,,,,
CS-PPM-005132,CBRE-DXC Technology,DXC - Bangalore EC1,PAC,2024-12-01,,2024-12-17,Planned,,,,,,,,,,,,,,,,
CS-PPM-005128,CBRE-DXC Technology,DXC - Bangalore EC1,PAC,2024-12-01,,2024-12-17,Planned,,,,,,,,,,,,,,,,
CS-PPM-005124,CBRE-DXC Technology,DXC - Bangalore EC1,PAC,2024-12-01,,2024-12-17,Planned,,,,,,,,,,,,,,,,
CS-PPM-005120,CBRE-DXC Technology,DXC - Bangalore EC1,PAC,2024-12-01,,2024-12-17,Planned,,,,,,,,,,,,,,,,
CS-PPM-005116,CBRE-DXC Technology,DXC - Bangalore EC1,PAC,2024-12-01,,2024-12-17,Planned,,,,,,,,,,,,,,,,
CS-PPM-005112,CBRE-DXC Technology,DXC - Bangalore EC1,PAC,2024-12-01,,2024-12-17,Planned,,,,,,,,,,,,,,,,
CS-PPM-005108,CBRE-DXC Technology,DXC - Bangalore EC1,PAC,2024-12-01,,2024-12-17,Planned,,,,,,,,,,,,,,,,
CS-PPM-005104,CBRE-DXC Technology,DXC - Bangalore EC1,PAC,2024-12-01,,2024-12-17,Planned,,,,,,,,,,,,,,,,
CS-PPM-005100,CBRE-DXC Technology,DXC - Bangalore EC1,PAC,2024-12-01,,2024-12-17,Planned,,,,,,,,,,,,,,,,
CS-PPM-005096,CBRE-DXC Technology,DXC - Bangalore EC1,PAC,2024-12-01,,2024-12-17,Planned,,,,,,,,,,,,,,,,
CS-PPM-005092,CBRE-DXC Technology,DXC - Bangalore EC1,PAC,2024-12-01,,2024-12-17,Planned,,,,,,,,,,,,,,,,
CS-PPM-005088,CBRE-DXC Technology,DXC - Bangalore EC1,PAC,2024-12-01,,2024-12-17,Planned,,,,,,,,,,,,,,,,
,,,,,,,,,,,,,,,,,,,,,,,
CS-PPM-009536,Flipkart Internet Pvt Ltd - West,Flipkart - New Nagpur MH BTS - 3388,Split AC,2024-12-01,,2024-12-15,Planned,,,,,,,,,,,,,,,,
CS-PPM-009532,Flipkart Internet Pvt Ltd - West,Flipkart - New Nagpur MH BTS - 3388,Split AC,2024-12-01,,2024-12-15,Planned,,,,,,,,,,,,,,,,
CS-PPM-009528,Flipkart Internet Pvt Ltd - West,Flipkart - New Nagpur MH BTS - 3388,Split AC,2024-12-01,,2024-12-15,Planned,,,,,,,,,,,,,,,,
CS-PPM-009524,Flipkart Internet Pvt Ltd - West,Flipkart - New Nagpur MH BTS - 3388,Split AC,2024-12-01,,2024-12-15,Planned,,,,,,,,,,,,,,,,
CS-PPM-009520,Flipkart Internet Pvt Ltd - West,Flipkart - New Nagpur MH BTS - 3388,Split AC,2024-12-01,,2024-12-15,Planned,,,,,,,,,,,,,,,,
CS-PPM-009516,Flipkart Internet Pvt Ltd - West,Flipkart - New Nagpur MH BTS - 3388,Split AC,2024-12-01,,2024-12-15,Planned,,,,,,,,,,,,,,,,
CS-PPM-009512,Flipkart Internet Pvt Ltd - West,Flipkart - New Nagpur MH BTS - 3388,Split AC,2024-12-01,,2024-12-15,Planned,,,,,,,,,,,,,,,,
CS-PPM-009508,Flipkart Internet Pvt Ltd - West,Flipkart - New Nagpur MH BTS - 3388,Split AC,2024-12-01,,2024-12-15,Planned,,,,,,,,,,,,,,,,
CS-PPM-009504,Flipkart Internet Pvt Ltd - West,Flipkart - New Nagpur MH BTS - 3388,Split AC,2024-12-01,,2024-12-15,Planned,,,,,,,,,,,,,,,,
CS-PPM-009500,Flipkart Internet Pvt Ltd - West,Flipkart - New Nagpur MH BTS - 3388,Split AC,2024-12-01,,2024-12-15,Planned,,,,,,,,,,,,,,,,
CS-PPM-009496,Flipkart Internet Pvt Ltd - West,Flipkart - New Nagpur MH BTS - 3388,Split AC,2024-12-01,,2024-12-15,Planned,,,,,,,,,,,,,,,,
CS-PPM-009492,Flipkart Internet Pvt Ltd - West,Flipkart - New Nagpur MH BTS - 3388,Split AC,2024-12-01,,2024-12-15,Planned,,,,,,,,,,,,,,,,
CS-PPM-009488,Flipkart Internet Pvt Ltd - West,Flipkart - New Nagpur MH BTS - 3388,Split AC,2024-12-01,,2024-12-15,Planned,,,,,,,,,,,,,,,,
CS-PPM-009484,Flipkart Internet Pvt Ltd - West,Flipkart - New Nagpur MH BTS - 3388,Split AC,2024-12-01,,2024-12-15,Planned,,,,,,,,,,,,,,,,
CS-PPM-009480,Flipkart Internet Pvt Ltd - West,Flipkart - New Nagpur MH BTS - 3388,Split AC,2024-12-01,,2024-12-15,Planned,,,,,,,,,,,,,,,,
CS-PPM-009476,Flipkart Internet Pvt Ltd - West,Flipkart - New Nagpur MH BTS - 3388,Split AC,2024-12-01,,2024-12-15,Planned,,,,,,,,,,,,,,,,
CS-PPM-009472,Flipkart Internet Pvt Ltd - West,Flipkart - New Nagpur MH BTS - 3388,Split AC,2024-12-01,,2024-12-15,Planned,,,,,,,,,,,,,,,,
CS-PPM-009468,Flipkart Internet Pvt Ltd - West,Flipkart - New Nagpur MH BTS - 3388,Split AC,2024-12-01,,2024-12-15,Planned,,,,,,,,,,,,,,,,
CS-PPM-009464,Flipkart Internet Pvt Ltd - West,Flipkart - New Nagpur MH BTS - 3388,Split AC,2024-12-01,,2024-12-15,Planned,,,,,,,,,,,,,,,,
CS-PPM-009460,Flipkart Internet Pvt Ltd - West,Flipkart - New Nagpur MH BTS - 3388,Split AC,2024-12-01,,2024-12-15,Planned,,,,,,,,,,,,,,,,
CS-PPM-009456,Flipkart Internet Pvt Ltd - West,Flipkart - New Nagpur MH BTS - 3388,Split AC,2024-12-01,,2024-12-15,Planned,,,,,,,,,,,,,,,,
CS-PPM-009452,Flipkart Internet Pvt Ltd - West,Flipkart - New Nagpur MH BTS - 3388,Split AC,2024-12-01,,2024-12-15,Planned,,,,,,,,,,,,,,,,
CS-PPM-009448,Flipkart Internet Pvt Ltd - West,Flipkart - New Nagpur MH BTS - 3388,Split AC,2024-12-01,,2024-12-15,Planned,,,,,,,,,,,,,,,,
CS-PPM-009444,Flipkart Internet Pvt Ltd - West,Flipkart - Nagpur Large - 3478,Split AC,2024-12-01,,2024-12-15,Planned,,,,,,,,,,,,,,,,
CS-PPM-009440,Flipkart Internet Pvt Ltd - West,Flipkart - Nagpur Large - 3478,Split AC,2024-12-01,,2024-12-15,Planned,,,,,,,,,,,,,,,,
CS-PPM-009436,Flipkart Internet Pvt Ltd - West,Flipkart - Nagpur Large - 3478,Split AC,2024-12-01,,2024-12-15,Planned,,,,,,,,,,,,,,,,
CS-PPM-009432,Flipkart Internet Pvt Ltd - West,Flipkart - Nagpur Large - 3478,Split AC,2024-12-01,,2024-12-15,Planned,,,,,,,,,,,,,,,,
CS-PPM-009428,Flipkart Internet Pvt Ltd - West,Flipkart - Nagpur Large - 3478,Split AC,2024-12-01,,2024-12-15,Planned,,,,,,,,,,,,,,,,
CS-PPM-009424,Flipkart Internet Pvt Ltd - West,Flipkart - Nagpur Large - 3478,Split AC,2024-12-01,,2024-12-15,Planned,,,,,,,,,,,,,,,,
CS-PPM-009420,Flipkart Internet Pvt Ltd - West,Flipkart - Nagpur Large - 3478,Split AC,2024-12-01,,2024-12-15,Planned,,,,,,,,,,,,,,,,
CS-PPM-009416,Flipkart Internet Pvt Ltd - West,Flipkart - Nagpur Large - 3478,Split AC,2024-12-01,,2024-12-15,Planned,,,,,,,,,,,,,,,,
CS-PPM-009412,Flipkart Internet Pvt Ltd - West,Flipkart - Nagpur Large - 3478,Split AC,2024-12-01,,2024-12-15,Planned,,,,,,,,,,,,,,,,
CS-PPM-009408,Flipkart Internet Pvt Ltd - West,Flipkart - Nagpur Large - 3478,Split AC,2024-12-01,,2024-12-15,Planned,,,,,,,,,,,,,,,,
CS-PPM-009404,Flipkart Internet Pvt Ltd - West,Flipkart - Nagpur Large - 3478,Split AC,2024-12-01,,2024-12-15,Planned,,,,,,,,,,,,,,,,
CS-PPM-009400,Flipkart Internet Pvt Ltd - West,Flipkart - Nagpur Large - 3478,Split AC,2024-12-01,,2024-12-15,Planned,,,,,,,,,,,,,,,,
CS-PPM-009396,Flipkart Internet Pvt Ltd - West,Flipkart - Nagpur Large - 3478,Split AC,2024-12-01,,2024-12-15,Planned,,,,,,,,,,,,,,,,
,,,,,,,,,,,,,,,,,,,,,,,
CS-PPM-004688,Tata Communication Limited,TCL - Udyog Vihar - Gurugram,Split AC unit,2024-12-03,,2024-12-10,Planned,,,,,,,,,,,,,,,,
CS-PPM-004684,Tata Communication Limited,TCL - Udyog Vihar - Gurugram,Split AC unit,2024-12-03,,2024-12-10,Planned,,,,,,,,,,,,,,,,
CS-PPM-004680,Tata Communication Limited,TCL - Udyog Vihar - Gurugram,Split AC unit,2024-12-03,,2024-12-10,Planned,,,,,,,,,,,,,,,,
CS-PPM-004676,Tata Communication Limited,TCL - Udyog Vihar - Gurugram,Split AC unit,2024-12-03,,2024-12-10,Planned,,,,,,,,,,,,,,,,
CS-PPM-004672,Tata Communication Limited,TCL - Udyog Vihar - Gurugram,Split AC unit,2024-12-03,,2024-12-10,Planned,,,,,,,,,,,,,,,,
,,,,,,,,,,,,,,,,,,,,,,,
CS-PPM-009660,Tata Communication Limited,TCL - Nehru Colony - Dehradun,Split AC-3,2024-11-03,,2024-12-15,Planned,,,,,,,,,,,,,,,,
CS-PPM-009656,Tata Communication Limited,TCL - Nehru Colony - Dehradun,Split AC-2,2024-11-03,,2024-12-15,Planned,,,,,,,,,,,,,,,,
CS-PPM-009652,Tata Communication Limited,TCL - Nehru Colony - Dehradun,Split AC-1,2024-11-03,,2024-12-15,Planned,,,,,,,,,,,,,,,,
CS-PPM-009648,Tata Communication Limited,TCL - Lachhiwala - Dehradun,?Split AC,2024-11-03,,2024-12-15,Planned,,,,,,,,,,,,,,,,
CS-PPM-009644,Tata Communication Limited,TCL - Lachhiwala - Dehradun,?Split AC,2024-11-03,,2024-12-15,Planned,,,,,,,,,,,,,,,,
CS-PPM-009640,Tata Communication Limited,TCL - Lachhiwala - Dehradun,?Split AC,2024-11-03,,2024-12-15,Planned,,,,,,,,,,,,,,,,
CS-PPM-009636,Tata Communication Limited,TCL - Lachhiwala - Dehradun,?Split AC,2024-11-03,,2024-12-15,Planned,,,,,,,,,,,,,,,,
CS-PPM-009632,Tata Communication Limited,TCL - Lachhiwala - Dehradun,Split AC,2024-11-03,,2024-12-15,Planned,,,,,,,,,,,,,,,,
CS-PPM-009628,Tata Communication Limited,TCL - Lachhiwala - Dehradun,split AC,2024-11-03,,2024-12-15,Planned,,,,,,,,,,,,,,,,
CS-PPM-004712,Tata Communication Limited,TCL - NSEZ - Noida,Split AC unit,2024-11-03,,2024-12-15,Planned,,,,,,,,,,,,,,,,
CS-PPM-004708,Tata Communication Limited,TCL - NSEZ - Noida,Split AC unit,2024-11-03,,2024-12-15,Planned,,,,,,,,,,,,,,,,
CS-PPM-004704,Tata Communication Limited,TCL - NSEZ - Noida,Split AC unit,2024-11-03,,2024-12-15,Planned,,,,,,,,,,,,,,,,
CS-PPM-004700,Tata Communication Limited,TCL - NSEZ - Noida,Split AC unit,2024-11-03,,2024-12-15,Planned,,,,,,,,,,,,,,,,
CS-PPM-004696,Tata Communication Limited,TCL - NSEZ - Noida,Split AC unit,2024-11-03,,2024-12-15,Planned,,,,,,,,,,,,,,,,
CS-PPM-004692,Tata Communication Limited,TCL - NSEZ - Noida,Split AC unit,2024-11-03,,2024-12-15,Planned,,,,,,,,,,,,,,,,
CS-PPM-004300,Tata Communication Limited,TCL - Lucknow - UP,Split AC unit,2024-11-03,,2024-12-15,Planned,,,,,,,,,,,,,,,,
CS-PPM-004296,Tata Communication Limited,TCL - Lucknow - UP,Split AC unit,2024-11-03,,2024-12-15,Planned,,,,,,,,,,,,,,,,
CS-PPM-004292,Tata Communication Limited,TCL - Lucknow - UP,Split AC unit,2024-11-03,,2024-12-15,Planned,,,,,,,,,,,,,,,,
CS-PPM-004288,Tata Communication Limited,TCL - Lucknow - UP,Split AC unit,2024-11-03,,2024-12-15,Planned,,,,,,,,,,,,,,,,
CS-PPM-004284,Tata Communication Limited,TCL - Lucknow - UP,Split AC unit,2024-11-03,,2024-12-15,Planned,,,,,,,,,,,,,,,,
CS-PPM-004280,Tata Communication Limited,TCL - Lucknow - UP,Split AC unit,2024-11-03,,2024-12-15,Planned,,,,,,,,,,,,,,,,
CS-PPM-004276,Tata Communication Limited,TCL - Lucknow - UP,Split AC unit,2024-11-03,,2024-12-15,Planned,,,,,,,,,,,,,,,,
CS-PPM-004272,Tata Communication Limited,TCL - Lucknow - UP,Split AC unit,2024-11-03,,2024-12-15,Planned,,,,,,,,,,,,,,,,
CS-PPM-004268,Tata Communication Limited,TCL - Lucknow - UP,Split AC unit,2024-11-03,,2024-12-15,Planned,,,,,,,,,,,,,,,,
CS-PPM-004264,Tata Communication Limited,TCL - Lucknow - UP,Split AC unit,2024-11-03,,2024-12-15,Planned,,,,,,,,,,,,,,,,
CS-PPM-004260,Tata Communication Limited,TCL - Lucknow - UP,Split AC unit,2024-11-03,,2024-12-15,Planned,,,,,,,,,,,,,,,,
CS-PPM-004256,Tata Communication Limited,TCL - Lucknow - UP,Split AC unit,2024-11-03,,2024-12-15,Planned,,,,,,,,,,,,,,,,
CS-PPM-004252,Tata Communication Limited,TCL - VSB - Kanpur,Cassette AC Unit,2024-11-03,,2024-12-15,Planned,,,,,,,,,,,,,,,,
CS-PPM-004248,Tata Communication Limited,TCL - VSB - Kanpur,Split AC unit,2024-11-03,,2024-12-15,Planned,,,,,,,,,,,,,,,,
CS-PPM-004244,Tata Communication Limited,TCL - VSB - Kanpur,Split AC unit,2024-11-03,,2024-12-15,Planned,,,,,,,,,,,,,,,,
CS-PPM-004240,Tata Communication Limited,TCL - VSB - Kanpur,Split AC unit,2024-11-03,,2024-12-15,Planned,,,,,,,,,,,,,,,,
CS-PPM-004236,Tata Communication Limited,TCL - VSB - Kanpur,Split AC unit,2024-11-03,,2024-12-15,Planned,,,,,,,,,,,,,,,,
CS-PPM-004232,Tata Communication Limited,TCL - Nehru Colony - Dehradun,1.5 TR Split AC unitÂ ,2024-11-03,,2024-12-15,Planned,,,,,,,,,,,,,,,,
CS-PPM-004228,Tata Communication Limited,TCL - Nehru Colony - Dehradun,2 TR Split AC-3,2024-11-03,,2024-12-15,Planned,,,,,,,,,,,,,,,,
CS-PPM-004224,Tata Communication Limited,TCL - Nehru Colony - Dehradun,2 TR Split AC-2,2024-11-03,,2024-12-15,Planned,,,,,,,,,,,,,,,,
CS-PPM-004220,Tata Communication Limited,TCL - Nehru Colony - Dehradun,1.5 TR Split AC-1,2024-11-03,,2024-12-15,Planned,,,,,,,,,,,,,,,,
CS-PPM-004216,Tata Communication Limited,TCL - Lachhiwala - Dehradun,2TRÂ Split AC unitÂ ,2024-11-03,,2024-12-15,Planned,,,,,,,,,,,,,,,,
CS-PPM-004212,Tata Communication Limited,TCL - Lachhiwala - Dehradun,2TRÂ Split AC unitÂ ,2024-11-03,,2024-12-15,Planned,,,,,,,,,,,,,,,,
CS-PPM-004208,Tata Communication Limited,TCL - Lachhiwala - Dehradun,2TRÂ Split AC unitÂ ,2024-11-03,,2024-12-15,Planned,,,,,,,,,,,,,,,,
CS-PPM-004204,Tata Communication Limited,TCL - Lachhiwala - Dehradun,2TRÂ Split AC unitÂ ,2024-11-03,,2024-12-15,Planned,,,,,,,,,,,,,,,,
CS-PPM-004200,Tata Communication Limited,TCL - Lachhiwala - Dehradun,2TRÂ Split AC unitÂ ,2024-11-03,,2024-12-15,Planned,,,,,,,,,,,,,,,,
CS-PPM-004196,Tata Communication Limited,TCL - Lachhiwala - Dehradun,2 TR split AC units,2024-11-03,,2024-12-15,Planned,,,,,,,,,,,,,,,,
CS-PPM-004192,Tata Communication Limited,TCL - Lachhiwala - Dehradun,2 TR split AC units,2024-11-03,,2024-12-15,Planned,,,,,,,,,,,,,,,,
CS-PPM-004188,Tata Communication Limited,TCL - Lachhiwala - Dehradun,2 TR split AC units,2024-11-03,,2024-12-15,Planned,,,,,,,,,,,,,,,,
,,,,,,,,,,,,,,,,,,,,,,,
,,,,,,,,,,,,,,,,,,,,,,,
CS-PPM-009540,Flipkart Internet Pvt Ltd - North,Flipkart - Bahadurgarh,Split AC,2024-11-02,,2024-11-12,Planned,,,,,,,,,,,,,,,,
CS-PPM-009392,Flipkart Internet Pvt Ltd - West,Flipkart - TrimurtiNagarHub_NAG - 6670,Split AC,2024-11-02,,2024-11-12,Planned,,,,,,,,,,,,,,,,
CS-PPM-009388,Flipkart Internet Pvt Ltd - West,Flipkart - TrimurtiNagarHub_NAG - 6670,Split AC,2024-11-02,,2024-11-12,Planned,,,,,,,,,,,,,,,,
CS-PPM-009384,Flipkart Internet Pvt Ltd - West,Flipkart - TrimurtiNagarHub_NAG - 6670,Split AC,2024-11-02,,2024-11-12,Planned,,,,,,,,,,,,,,,,
CS-PPM-009380,Flipkart Internet Pvt Ltd - West,Flipkart - TrimurtiNagarHub_NAG - 6670,Split AC,2024-11-02,,2024-11-12,Planned,,,,,,,,,,,,,,,,
CS-PPM-009323,Flipkart Internet Pvt Ltd - North,Flipkart - Shahibabad - B399(OSH),Split AC,2024-11-02,,2024-11-12,Planned,,,,,,,,,,,,,,,,
CS-PPM-009319,Flipkart Internet Pvt Ltd - North,Flipkart - Ballabhgarh Hub - 5590,Split AC,2024-11-02,,2024-11-12,Planned,,,,,,,,,,,,,,,,
CS-PPM-009315,Flipkart Internet Pvt Ltd - North,Flipkart - Chandigarh RO - 8114,Split AC,2024-11-02,,2024-11-12,Planned,,,,,,,,,,,,,,,,
CS-PPM-009311,Flipkart Internet Pvt Ltd - North,Flipkart - Chandigarh RO - 8114,Split AC,2024-11-02,,2024-11-12,Planned,,,,,,,,,,,,,,,,
CS-PPM-009307,Flipkart Internet Pvt Ltd - North,Flipkart - ChuakaghatHub_VNS - 1477,Split AC,2024-11-02,,2024-11-12,Planned,,,,,,,,,,,,,,,,
CS-PPM-009303,Flipkart Internet Pvt Ltd - North,Flipkart - SarnathHub_VNS - 1472,Split AC,2024-11-02,,2024-11-12,Planned,,,,,,,,,,,,,,,,
CS-PPM-009299,Flipkart Internet Pvt Ltd - North,Flipkart - Varanasi Bypass Hub _VNS - 1457,Split AC,2024-11-02,,2024-11-12,Planned,,,,,,,,,,,,,,,,
CS-PPM-009295,Flipkart Internet Pvt Ltd - North,Flipkart - Varanasi Hub(Sigra) - 1420,Split AC,2024-11-02,,2024-11-12,Planned,,,,,,,,,,,,,,,,
CS-PPM-009291,Flipkart Internet Pvt Ltd - North,Flipkart - BhuHub_VNS/ Varanasi Split Hub - 7797,Split AC,2024-11-02,,2024-11-12,Planned,,,,,,,,,,,,,,,,
CS-PPM-009287,Flipkart Internet Pvt Ltd - North,Flipkart - OrderlyBazarHub_VNS - 7716,Split AC,2024-11-02,,2024-11-12,Planned,,,,,,,,,,,,,,,,
CS-PPM-009283,Flipkart Internet Pvt Ltd - North,Flipkart - Udaipur Hub - 6022,Split AC,2024-11-02,,2024-11-12,Planned,,,,,,,,,,,,,,,,
CS-PPM-009279,Flipkart Internet Pvt Ltd - North,Flipkart - Sri Ganganagar - 6014,Split AC,2024-11-02,,2024-11-12,Planned,,,,,,,,,,,,,,,,
CS-PPM-009275,Flipkart Internet Pvt Ltd - North,Flipkart - Sitapura hub - A117,Split AC,2024-11-02,,2024-11-12,Planned,,,,,,,,,,,,,,,,
CS-PPM-009271,Flipkart Internet Pvt Ltd - North,Flipkart - Sitapurhub_SIT - 1455,Split AC,2024-11-02,,2024-11-12,Planned,,,,,,,,,,,,,,,,
CS-PPM-009267,Flipkart Internet Pvt Ltd - North,Flipkart - Saharanpur Hub - 1406,Split AC,2024-11-02,,2024-11-12,Planned,,,,,,,,,,,,,,,,
CS-PPM-009263,Flipkart Internet Pvt Ltd - North,Flipkart - RewariHub_RWR - 5563,Split AC,2024-11-02,,2024-11-12,Planned,,,,,,,,,,,,,,,,
CS-PPM-009259,Flipkart Internet Pvt Ltd - North,Flipkart - Jhusi Hub - A005,Split AC,2024-11-02,,2024-11-12,Planned,,,,,,,,,,,,,,,,
CS-PPM-009255,Flipkart Internet Pvt Ltd - North,Flipkart - Naini Hub - 635,Split AC,2024-11-02,,2024-11-12,Planned,,,,,,,,,,,,,,,,
CS-PPM-009251,Flipkart Internet Pvt Ltd - North,Flipkart - RambaghHub_RMB - 7734,Split AC,2024-11-02,,2024-11-12,Planned,,,,,,,,,,,,,,,,
CS-PPM-009247,Flipkart Internet Pvt Ltd - North,Flipkart - Patiala Hub - 4752,Split AC,2024-11-02,,2024-11-12,Planned,,,,,,,,,,,,,,,,
CS-PPM-009243,Flipkart Internet Pvt Ltd - North,Flipkart - PanipatSec25Hub_PPT - 7951,Split AC,2024-11-02,,2024-11-12,Planned,,,,,,,,,,,,,,,,
CS-PPM-009239,Flipkart Internet Pvt Ltd - North,Flipkart - Panchkula Hub - 7901,Split AC,2024-11-02,,2024-11-12,Planned,,,,,,,,,,,,,,,,
CS-PPM-009235,Flipkart Internet Pvt Ltd - North,Flipkart - Noida hub - 4643,Split AC,2024-11-02,,2024-11-12,Planned,,,,,,,,,,,,,,,,
CS-PPM-009231,Flipkart Internet Pvt Ltd - North,Flipkart - Surajpur Hub - 1440,Split AC,2024-11-02,,2024-11-12,Planned,,,,,,,,,,,,,,,,
CS-PPM-009227,Flipkart Internet Pvt Ltd - North,Flipkart - Noida city center hub - 1474,Split AC,2024-11-02,,2024-11-12,Planned,,,,,,,,,,,,,,,,
CS-PPM-009223,Flipkart Internet Pvt Ltd - North,Flipkart - Kasna Hub - 1436,Split AC,2024-11-02,,2024-11-12,Planned,,,,,,,,,,,,,,,,
CS-PPM-009219,Flipkart Internet Pvt Ltd - North,Flipkart - Dasna Hub - 1451,Split AC,2024-11-02,,2024-11-12,Planned,,,,,,,,,,,,,,,,
CS-PPM-009215,Flipkart Internet Pvt Ltd - North,Flipkart - SarafabadNoidaHub_DEL - 1421,Split AC,2024-11-02,,2024-11-12,Planned,,,,,,,,,,,,,,,,
CS-PPM-009211,Flipkart Internet Pvt Ltd - North,Flipkart - Phase3NoidaHub_DEL - A023,Split AC,2024-11-02,,2024-11-12,Planned,,,,,,,,,,,,,,,,
CS-PPM-009207,Flipkart Internet Pvt Ltd - North,Flipkart - IOCL Noida Hub - 1407,Split AC,2024-11-02,,2024-11-12,Planned,,,,,,,,,,,,,,,,
CS-PPM-009203,Flipkart Internet Pvt Ltd - North,Flipkart - Phase2noidaHub_DEL - 1418,Split AC,2024-11-02,,2024-11-12,Planned,,,,,,,,,,,,,,,,
CS-PPM-009199,Flipkart Internet Pvt Ltd - North,Flipkart - Greater Noida - 4630,Split AC,2024-11-02,,2024-11-12,Planned,,,,,,,,,,,,,,,,
CS-PPM-009195,Flipkart Internet Pvt Ltd - North,Flipkart - Moradabad Hub - 4624,Split AC,2024-11-02,,2024-11-12,Planned,,,,,,,,,,,,,,,,
CS-PPM-009191,Flipkart Internet Pvt Ltd - North,Flipkart - Mohali Hub - 4776,Split AC,2024-11-02,,2024-11-12,Planned,,,,,,,,,,,,,,,,
CS-PPM-009187,Flipkart Internet Pvt Ltd - North,Flipkart - Modinagar hub - A061,Split AC,2024-11-02,,2024-11-12,Planned,,,,,,,,,,,,,,,,
CS-PPM-009183,Flipkart Internet Pvt Ltd - North,Flipkart - Meerut Hub - 4272,Split AC,2024-11-02,,2024-11-12,Planned,,,,,,,,,,,,,,,,
CS-PPM-009179,Flipkart Internet Pvt Ltd - North,Flipkart - VrindavanHub_MTH - 1456,Split AC,2024-11-02,,2024-11-12,Planned,,,,,,,,,,,,,,,,
CS-PPM-009175,Flipkart Internet Pvt Ltd - North,Flipkart - Ludhiana Hub - 4714,Split AC,2024-11-02,,2024-11-12,Planned,,,,,,,,,,,,,,,,
CS-PPM-009171,Flipkart Internet Pvt Ltd - North,Flipkart - ChandigarhRoad Ludhiana - 4779,Split AC,2024-11-02,,2024-11-12,Planned,,,,,,,,,,,,,,,,
CS-PPM-009167,Flipkart Internet Pvt Ltd - North,Flipkart - FirozpurRoad Hub Ludhiana - 4774,Split AC,2024-11-02,,2024-11-12,Planned,,,,,,,,,,,,,,,,
CS-PPM-009164,Flipkart Internet Pvt Ltd - North,Flipkart - FirozpurRoad Hub Ludhiana - 4774,Split AC,2024-11-02,,2024-11-12,Planned,,,,,,,,,,,,,,,,
CS-PPM-009163,Flipkart Internet Pvt Ltd - North,Flipkart - FirozpurRoad Hub Ludhiana - 4774,Split AC,2024-11-02,,2024-11-12,Planned,,,,,,,,,,,,,,,,
CS-PPM-009159,Flipkart Internet Pvt Ltd - North,Flipkart - SatelliteHub_LKO - 4665,Split AC,2024-11-02,,2024-11-12,Planned,,,,,,,,,,,,,,,,
CS-PPM-009155,Flipkart Internet Pvt Ltd - North,Flipkart - PGIHub_LKO - 7759,Split AC,2024-11-02,,2024-11-12,Planned,,,,,,,,,,,,,,,,
CS-PPM-009151,Flipkart Internet Pvt Ltd - North,Flipkart - TransportNagarHub_LKO - 7772,Split AC,2024-11-02,,2024-11-12,Planned,,,,,,,,,,,,,,,,
CS-PPM-009147,Flipkart Internet Pvt Ltd - North,Flipkart - LekhrajMarketHub_LKO - 1464,Split AC,2024-11-02,,2024-11-12,Planned,,,,,,,,,,,,,,,,
CS-PPM-009143,Flipkart Internet Pvt Ltd - North,Flipkart - Vibhutikand Hub - 4646,Split AC,2024-11-02,,2024-11-12,Planned,,,,,,,,,,,,,,,,
CS-PPM-009139,Flipkart Internet Pvt Ltd - North,Flipkart - Kota Hub - 6083,Split AC,2024-11-02,,2024-11-12,Planned,,,,,,,,,,,,,,,,
CS-PPM-009135,Flipkart Internet Pvt Ltd - North,Flipkart - KarnalHub_KAL - 7903,Split AC,2024-11-02,,2024-11-12,Planned,,,,,,,,,,,,,,,,
CS-PPM-009131,Flipkart Internet Pvt Ltd - North,Flipkart - SatelliteHub_KNU - 1430,Split Ac,2024-11-02,,2024-11-12,Planned,,,,,,,,,,,,,,,,
CS-PPM-009127,Flipkart Internet Pvt Ltd - North,Flipkart - BarraHub_KNU - 1444,Split AC,2024-11-02,,2024-11-12,Planned,,,,,,,,,,,,,,,,
CS-PPM-009123,Flipkart Internet Pvt Ltd - North,Flipkart - GumtiHub_KNU - 1402,Split AC,2024-11-02,,2024-11-12,Planned,,,,,,,,,,,,,,,,
CS-PPM-009119,Flipkart Internet Pvt Ltd - North,Flipkart - Jodhpur Hub - 6073,Split AC,2024-11-02,,2024-11-12,Planned,,,,,,,,,,,,,,,,
CS-PPM-009115,Flipkart Internet Pvt Ltd - North,Flipkart - Jammu Hub - 6110,Split AC,2024-11-02,,2024-11-12,Planned,,,,,,,,,,,,,,,,
CS-PPM-009111,Flipkart Internet Pvt Ltd - North,Flipkart - Adampur Hub - 4780,Split AC,2024-11-02,,2024-11-12,Planned,,,,,,,,,,,,,,,,
CS-PPM-009107,Flipkart Internet Pvt Ltd - North,Flipkart - Jalandhar Hub - 4773,Split AC,2024-11-02,,2024-11-12,Planned,,,,,,,,,,,,,,,,
CS-PPM-009083,Flipkart Internet Pvt Ltd - North,Flipkart - Kalwarroadhub - 6079,Split AC,2024-11-02,,2024-11-12,Planned,,,,,,,,,,,,,,,,
CS-PPM-009079,Flipkart Internet Pvt Ltd - North,Flipkart - Hawamahalhub - 6081,Split AC,2024-11-02,,2024-11-12,Planned,,,,,,,,,,,,,,,,
CS-PPM-009075,Flipkart Internet Pvt Ltd - North,Flipkart - Bhankrotahub - 6075,Split AC,2024-11-02,,2024-11-12,Planned,,,,,,,,,,,,,,,,
CS-PPM-009071,Flipkart Internet Pvt Ltd - North,Flipkart - Pink City hub - 6086,Split AC,2024-11-02,,2024-11-12,Planned,,,,,,,,,,,,,,,,
CS-PPM-009055,Flipkart Internet Pvt Ltd - North,Flipkart - Jhotawara hub - 6069,Split AC,2024-11-02,,2024-11-12,Planned,,,,,,,,,,,,,,,,
CS-PPM-009047,Flipkart Internet Pvt Ltd - North,Flipkart - HissarHub_PL_HSS - 7909,Split AC,2024-11-02,,2024-11-12,Planned,,,,,,,,,,,,,,,,
CS-PPM-009043,Flipkart Internet Pvt Ltd - North,Flipkart - CanttHissarHub_HSS - 6456,Split AC,2024-11-02,,2024-11-12,Planned,,,,,,,,,,,,,,,,
CS-PPM-009039,Flipkart Internet Pvt Ltd - North,Flipkart - Hissarhub_HSS - 7952,Split AC,2024-11-02,,2024-11-12,Planned,,,,,,,,,,,,,,,,
CS-PPM-009035,Flipkart Internet Pvt Ltd - North,Flipkart - Haridwar Hub - 6406,Split AC,2024-11-02,,2024-11-12,Planned,,,,,,,,,,,,,,,,
CS-PPM-009031,Flipkart Internet Pvt Ltd - North,Flipkart - Haldwani Hub - 6430,Split AC,2024-11-02,,2024-11-12,Planned,,,,,,,,,,,,,,,,
CS-PPM-009023,Flipkart Internet Pvt Ltd - North,Flipkart - Badshahpur Hub - 5592,Split AC,2024-11-02,,2024-11-12,Planned,,,,,,,,,,,,,,,,
CS-PPM-009019,Flipkart Internet Pvt Ltd - North,Flipkart - Gurgaon Manesar Hub - 5517,Split AC,2024-11-02,,2024-11-12,Planned,,,,,,,,,,,,,,,,
CS-PPM-009015,Flipkart Internet Pvt Ltd - North,Flipkart - Gurgaon Hub - 740,Split AC,2024-11-02,,2024-11-12,Planned,,,,,,,,,,,,,,,,
CS-PPM-009011,Flipkart Internet Pvt Ltd - North,Flipkart - RajendraPark Hub - 7953,Split AC,2024-11-02,,2024-11-12,Planned,,,,,,,,,,,,,,,,
CS-PPM-009007,Flipkart Internet Pvt Ltd - North,Flipkart - GurgaonMilestone Hub - 7911,Split AC,2024-11-02,,2024-11-12,Planned,,,,,,,,,,,,,,,,
CS-PPM-009003,Flipkart Internet Pvt Ltd - North,Flipkart - GorakhpurHub_GOP - 1476,Split AC,2024-11-02,,2024-11-12,Planned,,,,,,,,,,,,,,,,
CS-PPM-008999,Flipkart Internet Pvt Ltd - North,Flipkart - MedicalRoadHub_GOP - 711,Split AC,2024-11-02,,2024-11-12,Planned,,,,,,,,,,,,,,,,
CS-PPM-008995,Flipkart Internet Pvt Ltd - North,Flipkart - Shalimar Garden - 1452,Split AC,2024-11-02,,2024-11-12,Planned,,,,,,,,,,,,,,,,
CS-PPM-008991,Flipkart Internet Pvt Ltd - North,Flipkart - Ghaziabad Hub - 4641,Split AC,2024-11-02,,2024-11-12,Planned,,,,,,,,,,,,,,,,
CS-PPM-008987,Flipkart Internet Pvt Ltd - North,Flipkart - Faridabad Hub(NHPC) - 7908,Split AC,2024-11-02,,2024-11-12,Planned,,,,,,,,,,,,,,,,
CS-PPM-008983,Flipkart Internet Pvt Ltd - North,Flipkart - Badkal Hub - 7932,Split AC,2024-11-02,,2024-11-12,Planned,,,,,,,,,,,,,,,,
CS-PPM-008979,Flipkart Internet Pvt Ltd - North,Flipkart - OldFaridabad Hub - B392,Split AC,2024-11-02,,2024-11-12,Planned,,,,,,,,,,,,,,,,
CS-PPM-008955,Flipkart Internet Pvt Ltd - North,Flipkart - VijayNagarHub_DEL - 9800,Split AC,2024-11-02,,2024-11-12,Planned,,,,,,,,,,,,,,,,
CS-PPM-008767,Flipkart Internet Pvt Ltd - North,Flipkart - Dehradun Hub - 6403,Split AC,2024-11-02,,2024-11-12,Planned,,,,,,,,,,,,,,,,
CS-PPM-008763,Flipkart Internet Pvt Ltd - North,Flipkart - BikanerHub_BKB - 6093,Split AC,2024-11-02,,2024-11-12,Planned,,,,,,,,,,,,,,,,
CS-PPM-008759,Flipkart Internet Pvt Ltd - North,Flipkart - Bhilwarahub - 6082,Split AC,2024-11-02,,2024-11-12,Planned,,,,,,,,,,,,,,,,
CS-PPM-008755,Flipkart Internet Pvt Ltd - North,Flipkart - BHATINDA - 4782,Split AC,2024-11-02,,2024-11-12,Planned,,,,,,,,,,,,,,,,
CS-PPM-008751,Flipkart Internet Pvt Ltd - North,Flipkart - Bareilly Hub - 4626,Split AC,2024-11-02,,2024-11-12,Planned,,,,,,,,,,,,,,,,
CS-PPM-008747,Flipkart Internet Pvt Ltd - North,Flipkart - BarabankiHub_BBK - 1459,Split AC,2024-11-02,,2024-11-12,Planned,,,,,,,,,,,,,,,,
CS-PPM-008743,Flipkart Internet Pvt Ltd - North,Flipkart - RanjeetAvenueHub - 4778,Split AC,2024-11-02,,2024-11-12,Planned,,,,,,,,,,,,,,,,
CS-PPM-008739,Flipkart Internet Pvt Ltd - North,Flipkart - Amritsar Hub - 4765,Split AC,2024-11-02,,2024-11-12,Planned,,,,,,,,,,,,,,,,
CS-PPM-008735,Flipkart Internet Pvt Ltd - North,Flipkart - Ambala Hub - 7906,Split AC,2024-11-02,,2024-11-12,Planned,,,,,,,,,,,,,,,,
CS-PPM-008731,Flipkart Internet Pvt Ltd - North,Flipkart - Agra PL Hub - 4628,Split AC,2024-11-02,,2024-11-12,Planned,,,,,,,,,,,,,,,,
CS-PPM-008727,Flipkart Internet Pvt Ltd - North,Flipkart - Agra Hub - 4636,Split AC,2024-11-02,,2024-11-12,Planned,,,,,,,,,,,,,,,,
CS-PPM-008723,Flipkart Internet Pvt Ltd - North,Flipkart - SikandraNH2Hub_AGR_PL - 1466,Split AC,2024-11-02,,2024-11-12,Planned,,,,,,,,,,,,,,,,
,,,,,,,,,,,,,,,,,,,,,,,
,,,,,,,,,,,,,,,,,,,,,,,
CS-PPM-008683,PRL Developers Private Limited,PRL - THANE - MH,Split AC - 2 TR,2024-11-04,,2024-11-11,Planned,,,,,,,,,,,,,,,,
CS-PPM-008679,PRL Developers Private Limited,PRL - THANE - MH,Split AC - 1TR,2024-11-04,,2024-11-11,Planned,,,,,,,,,,,,,,,,
CS-PPM-008675,PRL Developers Private Limited,PRL - THANE - MH,Split AC - 1TR,2024-11-04,,2024-11-11,Planned,,,,,,,,,,,,,,,,
CS-PPM-008671,PRL Developers Private Limited,PRL - THANE - MH,Split AC - 1.5 TR,2024-11-04,,2024-11-11,Planned,,,,,,,,,,,,,,,,
CS-PPM-008667,PRL Developers Private Limited,PRL - THANE - MH,Split AC - 2 TR,2024-11-04,,2024-11-11,Planned,,,,,,,,,,,,,,,,
CS-PPM-008663,PRL Developers Private Limited,PRL - THANE - MH,CASSETTE AC - 2 TR,2024-11-04,,2024-11-11,Planned,,,,,,,,,,,,,,,,
CS-PPM-008659,PRL Developers Private Limited,PRL - THANE - MH,Split AC - 1.5 TR,2024-11-04,,2024-11-11,Planned,,,,,,,,,,,,,,,,
CS-PPM-008655,PRL Developers Private Limited,PRL - THANE - MH,Split AC - 2 TR,2024-11-04,,2024-11-11,Planned,,,,,,,,,,,,,,,,
CS-PPM-008651,PRL Developers Private Limited,PRL - THANE - MH,Split AC - 1.8 TR,2024-11-04,,2024-11-11,Planned,,,,,,,,,,,,,,,,
CS-PPM-008647,PRL Developers Private Limited,PRL - THANE - MH,CASSETTE AC - 4 TR,2024-11-04,,2024-11-11,Planned,,,,,,,,,,,,,,,,
CS-PPM-008643,PRL Developers Private Limited,PRL - BYCULLA EAST- MH,Split AC - 2 TR,2024-11-04,,2024-11-11,Planned,,,,,,,,,,,,,,,,
CS-PPM-008639,PRL Developers Private Limited,PRL - BYCULLA EAST- MH,Split AC - 1.5 TR,2024-11-04,,2024-11-11,Planned,,,,,,,,,,,,,,,,
CS-PPM-008635,PRL Developers Private Limited,PRL - BYCULLA EAST- MH,Split AC - 1TR,2024-11-04,,2024-11-11,Planned,,,,,,,,,,,,,,,,
CS-PPM-008631,PRL Developers Private Limited,PRL - BYCULLA EAST- MH,WINDOW AC - 2TR,2024-11-04,,2024-11-11,Planned,,,,,,,,,,,,,,,,
CS-PPM-008627,PRL Developers Private Limited,PRL - Mulund - MH,Split AC - 1.5 TR,2024-11-04,,2024-11-11,Planned,,,,,,,,,,,,,,,,
CS-PPM-008623,PRL Developers Private Limited,PRL - Mulund - MH,VRV - 14 HP,2024-11-04,,2024-11-11,Planned,,,,,,,,,,,,,,,,
CS-PPM-008619,PRL Developers Private Limited,PRL - Mulund - MH,VRV - 20 HP,2024-11-04,,2024-11-11,Planned,,,,,,,,,,,,,,,,
CS-PPM-008615,PRL Developers Private Limited,PRL - Mulund - MH,Split AC - 1.5 TR,2024-11-04,,2024-11-11,Planned,,,,,,,,,,,,,,,,
CS-PPM-008611,PRL Developers Private Limited,PRL - Mulund - MH,Split AC - 1TR,2024-11-04,,2024-11-11,Planned,,,,,,,,,,,,,,,,
CS-PPM-008607,PRL Developers Private Limited,PRL - Mulund - MH,Split AC - 1.5 TR,2024-11-04,,2024-11-11,Planned,,,,,,,,,,,,,,,,
CS-PPM-008603,PRL Developers Private Limited,PRL - Mulund - MH,Split AC - 2 TR,2024-11-04,,2024-11-11,Planned,,,,,,,,,,,,,,,,
CS-PPM-008599,PRL Developers Private Limited,PRL - Mulund - MH,Split AC - 1.5 TR,2024-11-04,,2024-11-11,Planned,,,,,,,,,,,,,,,,
CS-PPM-008595,PRL Developers Private Limited,PRL - Mulund - MH,Split AC - 2 TR,2024-11-04,,2024-11-11,Planned,,,,,,,,,,,,,,,,
CS-PPM-008591,PRL Developers Private Limited,PRL - Lower Parel - MH,Split AC - 1TR,2024-11-04,,2024-11-11,Planned,,,,,,,,,,,,,,,,
CS-PPM-008587,PRL Developers Private Limited,PRL - Lower Parel - MH,Split AC - 1.5 TR,2024-11-04,,2024-11-11,Planned,,,,,,,,,,,,,,,,
CS-PPM-008583,PRL Developers Private Limited,PRL - MAHALAKSHMI - MH,Split AC - 2 TR,2024-11-04,,2024-11-11,Planned,,,,,,,,,,,,,,,,
CS-PPM-008579,PRL Developers Private Limited,PRL - MAHALAKSHMI - MH,Split AC - 1.5 TR,2024-11-04,,2024-11-11,Planned,,,,,,,,,,,,,,,,
CS-PPM-008575,PRL Developers Private Limited,PRL - MAHALAKSHMI - MH,Split AC - 1TR,2024-11-04,,2024-11-11,Planned,,,,,,,,,,,,,,,,
,,,,,,,,,,,,,,,,,,,,,,,
,,,,,,,,,,,,,,,,,,,,,,,
,,,,,,,,,,,,,,,,,,,,,,,
,,,,,,,,,,,,,,,,,,,,,,,
,,,,,,,,,,,,,,,,,,,,,,,
,,,,,,,,,,,,,,,,,,,,,,,
,,,,,,,,,,,,,,,,,,,,,,,
,,,,,,,,,,,,,,,,,,,,,,,
,,,,,,,,,,,,,,,,,,,,,,,
,,,,,,,,,,,,,,,,,,,,,,,
,,,,,,,,,,,,,,,,,,,,,,,
,,,,,,,,,,,,,,,,,,,,,,,
,,,,,,,,,,,,,,,,,,,,,,,
,,,,,,,,,,,,,,,,,,,,,,,
,,,,,,,,,,,,,,,,,,,,,,,
,,,,,,,,,,,,,,,,,,,,,,,
,,,,,,,,,,,,,,,,,,,,,,,
,,,,,,,,,,,,,,,,,,,,,,,
,,,,,,,,,,,,,,,,,,,,,,,
,,,,,,,,,,,,,,,,,,,,,,,
,,,,,,,,,,,,,,,,,,,,,,,
,,,,,,,,,,,,,,,,,,,,,,,
,,,,,,,,,,,,,,,,,,,,,,,
,,,,,,,,,,,,,,,,,,,,,,,
,,,,,,,,,,,,,,,,,,,,,,,
,,,,,,,,,,,,,,,,,,,,,,,
,,,,,,,,,,,,,,,,,,,,,,,
,,,,,,,,,,,,,,,,,,,,,,,
,,,,,,,,,,,,,,,,,,,,,,,
,,,,,,,,,,,,,,,,,,,,,,,
,,,,,,,,,,,,,,,,,,,,,,,
,,,,,,,,,,,,,,,,,,,,,,,
,,,,,,,,,,,,,,,,,,,,,,,
,,,,,,,,,,,,,,,,,,,,,,,
,,,,,,,,,,,,,,,,,,,,,,,
,,,,,,,,,,,,,,,,,,,,,,,
,,,,,,,,,,,,,,,,,,,,,,,
,,,,,,,,,,,,,,,,,,,,,,,
,,,,,,,,,,,,,,,,,,,,,,,
,,,,,,,,,,,,,,,,,,,,,,,
,,,,,,,,,,,,,,,,,,,,,,,
,,,,,,,,,,,,,,,,,,,,,,,
,,,,,,,,,,,,,,,,,,,,,,,
,,,,,,,,,,,,,,,,,,,,,,,
,,,,,,,,,,,,,,,,,,,,,,,
,,,,,,,,,,,,,,,,,,,,,,,
,,,,,,,,,,,,,,,,,,,,,,,
,,,,,,,,,,,,,,,,,,,,,,,
,,,,,,,,,,,,,,,,,,,,,,,
,,,,,,,,,,,,,,,,,,,,,,,
,,,,,,,,,,,,,,,,,,,,,,,
,,,,,,,,,,,,,,,,,,,,,,,
,,,,,,,,,,,,,,,,,,,,,,,
,,,,,,,,,,,,,,,,,,,,,,,
,,,,,,,,,,,,,,,,,,,,,,,
,,,,,,,,,,,,,,,,,,,,,,,
,,,,,,,,,,,,,,,,,,,,,,,
,,,,,,,,,,,,,,,,,,,,,,,
,,,,,,,,,,,,,,,,,,,,,,,
,,,,,,,,,,,,,,,,,,,,,,,
,,,,,,,,,,,,,,,,,,,,,,,
,,,,,,,,,,,,,,,,,,,,,,,
,,,,,,,,,,,,,,,,,,,,,,,
,,,,,,,,,,,,,,,,,,,,,,,
,,,,,,,,,,,,,,,,,,,,,,,
,,,,,,,,,,,,,,,,,,,,,,,
,,,,,,,,,,,,,,,,,,,,,,,
,,,,,,,,,,,,,,,,,,,,,,,
,,,,,,,,,,,,,,,,,,,,,,,
,,,,,,,,,,,,,,,,,,,,,,,
,,,,,,,,,,,,,,,,,,,,,,,
,,,,,,,,,,,,,,,,,,,,,,,
,,,,,,,,,,,,,,,,,,,,,,,
,,,,,,,,,,,,,,,,,,,,,,,
,,,,,,,,,,,,,,,,,,,,,,,
,,,,,,,,,,,,,,,,,,,,,,,
,,,,,,,,,,,,,,,,,,,,,,,
,,,,,,,,,,,,,,,,,,,,,,,
,,,,,,,,,,,,,,,,,,,,,,,
,,,,,,,,,,,,,,,,,,,,,,,
,,,,,,,,,,,,,,,,,,,,,,,
,,,,,,,,,,,,,,,,,,,,,,,
,,,,,,,,,,,,,,,,,,,,,,,
,,,,,,,,,,,,,,,,,,,,,,,
,,,,,,,,,,,,,,,,,,,,,,,
,,,,,,,,,,,,,,,,,,,,,,,
,,,,,,,,,,,,,,,,,,,,,,,
,,,,,,,,,,,,,,,,,,,,,,,
,,,,,,,,,,,,,,,,,,,,,,,
,,,,,,,,,,,,,,,,,,,,,,,
,,,,,,,,,,,,,,,,,,,,,,,
,,,,,,,,,,,,,,,,,,,,,,,
,,,,,,,,,,,,,,,,,,,,,,,
,,,,,,,,,,,,,,,,,,,,,,,
,,,,,,,,,,,,,,,,,,,,,,,
,,,,,,,,,,,,,,,,,,,,,,,
,,,,,,,,,,,,,,,,,,,,,,,
,,,,,,,,,,,,,,,,,,,,,,,
,,,,,,,,,,,,,,,,,,,,,,,
,,,,,,,,,,,,,,,,,,,,,,,
,,,,,,,,,,,,,,,,,,,,,,,
,,,,,,,,,,,,,,,,,,,,,,,
,,,,,,,,,,,,,,,,,,,,,,,
,,,,,,,,,,,,,,,,,,,,,,,
,,,,,,,,,,,,,,,,,,,,,,,
,,,,,,,,,,,,,,,,,,,,,,,
,,,,,,,,,,,,,,,,,,,,,,,
,,,,,,,,,,,,,,,,,,,,,,,
,,,,,,,,,,,,,,,,,,,,,,,
,,,,,,,,,,,,,,,,,,,,,,,
,,,,,,,,,,,,,,,,,,,,,,,
,,,,,,,,,,,,,,,,,,,,,,,
,,,,,,,,,,,,,,,,,,,,,,,
,,,,,,,,,,,,,,,,,,,,,,,
,,,,,,,,,,,,,,,,,,,,,,,
,,,,,,,,,,,,,,,,,,,,,,,
,,,,,,,,,,,,,,,,,,,,,,,
,,,,,,,,,,,,,,,,,,,,,,,
,,,,,,,,,,,,,,,,,,,,,,,
,,,,,,,,,,,,,,,,,,,,,,,
,,,,,,,,,,,,,,,,,,,,,,,
,,,,,,,,,,,,,,,,,,,,,,,
,,,,,,,,,,,,,,,,,,,,,,,
,,,,,,,,,,,,,,,,,,,,,,,
,,,,,,,,,,,,,,,,,,,,,,,
,,,,,,,,,,,,,,,,,,,,,,,
,,,,,,,,,,,,,,,,,,,,,,,
,,,,,,,,,,,,,,,,,,,,,,,
,,,,,,,,,,,,,,,,,,,,,,,
,,,,,,,,,,,,,,,,,,,,,,,
,,,,,,,,,,,,,,,,,,,,,,,
,,,,,,,,,,,,,,,,,,,,,,,
,,,,,,,,,,,,,,,,,,,,,,,
,,,,,,,,,,,,,,,,,,,,,,,
,,,,,,,,,,,,,,,,,,,,,,,
,,,,,,,,,,,,,,,,,,,,,,,
,,,,,,,,,,,,,,,,,,,,,,,
,,,,,,,,,,,,,,,,,,,,,,,
,,,,,,,,,,,,,,,,,,,,,,,
,,,,,,,,,,,,,,,,,,,,,,,
,,,,,,,,,,,,,,,,,,,,,,,
,,,,,,,,,,,,,,,,,,,,,,,
,,,,,,,,,,,,,,,,,,,,,,,
,,,,,,,,,,,,,,,,,,,,,,,
,,,,,,,,,,,,,,,,,,,,,,,
,,,,,,,,,,,,,,,,,,,,,,,
,,,,,,,,,,,,,,,,,,,,,,,
,,,,,,,,,,,,,,,,,,,,,,,
,,,,,,,,,,,,,,,,,,,,,,,
,,,,,,,,,,,,,,,,,,,,,,,
,,,,,,,,,,,,,,,,,,,,,,,
,,,,,,,,,,,,,,,,,,,,,,,
,,,,,,,,,,,,,,,,,,,,,,,
,,,,,,,,,,,,,,,,,,,,,,,
,,,,,,,,,,,,,,,,,,,,,,,
,,,,,,,,,,,,,,,,,,,,,,,
,,,,,,,,,,,,,,,,,,,,,,,
,,,,,,,,,,,,,,,,,,,,,,,
,,,,,,,,,,,,,,,,,,,,,,,
,,,,,,,,,,,,,,,,,,,,,,,
,,,,,,,,,,,,,,,,,,,,,,,
,,,,,,,,,,,,,,,,,,,,,,,
,,,,,,,,,,,,,,,,,,,,,,,
,,,,,,,,,,,,,,,,,,,,,,,
,,,,,,,,,,,,,,,,,,,,,,,
,,,,,,,,,,,,,,,,,,,,,,,
,,,,,,,,,,,,,,,,,,,,,,,
,,,,,,,,,,,,,,,,,,,,,,,
,,,,,,,,,,,,,,,,,,,,,,,
,,,,,,,,,,,,,,,,,,,,,,,
,,,,,,,,,,,,,,,,,,,,,,,
,,,,,,,,,,,,,,,,,,,,,,,
,,,,,,,,,,,,,,,,,,,,,,,
,,,,,,,,,,,,,,,,,,,,,,,
,,,,,,,,,,,,,,,,,,,,,,,
,,,,,,,,,,,,,,,,,,,,,,,
,,,,,,,,,,,,,,,,,,,,,,,
,,,,,,,,,,,,,,,,,,,,,,,
,,,,,,,,,,,,,,,,,,,,,,,
,,,,,,,,,,,,,,,,,,,,,,,
,,,,,,,,,,,,,,,,,,,,,,,
,,,,,,,,,,,,,,,,,,,,,,,
,,,,,,,,,,,,,,,,,,,,,,,
,,,,,,,,,,,,,,,,,,,,,,,
,,,,,,,,,,,,,,,,,,,,,,,
,,,,,,,,,,,,,,,,,,,,,,,
,,,,,,,,,,,,,,,,,,,,,,,
,,,,,,,,,,,,,,,,,,,,,,,
,,,,,,,,,,,,,,,,,,,,,,,
,,,,,,,,,,,,,,,,,,,,,,,
,,,,,,,,,,,,,,,,,,,,,,,
,,,,,,,,,,,,,,,,,,,,,,,
,,,,,,,,,,,,,,,,,,,,,,,
,,,,,,,,,,,,,,,,,,,,,,,
,,,,,,,,,,,,,,,,,,,,,,,
,,,,,,,,,,,,,,,,,,,,,,,
,,,,,,,,,,,,,,,,,,,,,,,
,,,,,,,,,,,,,,,,,,,,,,,
,,,,,,,,,,,,,,,,,,,,,,,
,,,,,,,,,,,,,,,,,,,,,,,
,,,,,,,,,,,,,,,,,,,,,,,
,,,,,,,,,,,,,,,,,,,,,,,
,,,,,,,,,,,,,,,,,,,,,,,
,,,,,,,,,,,,,,,,,,,,,,,
,,,,,,,,,,,,,,,,,,,,,,,
,,,,,,,,,,,,,,,,,,,,,,,
,,,,,,,,,,,,,,,,,,,,,,,
,,,,,,,,,,,,,,,,,,,,,,,
,,,,,,,,,,,,,,,,,,,,,,,
,,,,,,,,,,,,,,,,,,,,,,,
,,,,,,,,,,,,,,,,,,,,,,,
,,,,,,,,,,,,,,,,,,,,,,,
,,,,,,,,,,,,,,,,,,,,,,,
,,,,,,,,,,,,,,,,,,,,,,,
,,,,,,,,,,,,,,,,,,,,,,,
,,,,,,,,,,,,,,,,,,,,,,,
,,,,,,,,,,,,,,,,,,,,,,,
,,,,,,,,,,,,,,,,,,,,,,,
,,,,,,,,,,,,,,,,,,,,,,,
,,,,,,,,,,,,,,,,,,,,,,,
,,,,,,,,,,,,,,,,,,,,,,,
,,,,,,,,,,,,,,,,,,,,,,,
,,,,,,,,,,,,,,,,,,,,,,,
,,,,,,,,,,,,,,,,,,,,,,,
,,,,,,,,,,,,,,,,,,,,,,,
,,,,,,,,,,,,,,,,,,,,,,,
,,,,,,,,,,,,,,,,,,,,,,,
,,,,,,,,,,,,,,,,,,,,,,,
,,,,,,,,,,,,,,,,,,,,,,,
,,,,,,,,,,,,,,,,,,,,,,,
,,,,,,,,,,,,,,,,,,,,,,,
,,,,,,,,,,,,,,,,,,,,,,,
,,,,,,,,,,,,,,,,,,,,,,,
,,,,,,,,,,,,,,,,,,,,,,,
,,,,,,,,,,,,,,,,,,,,,,,
,,,,,,,,,,,,,,,,,,,,,,,
,,,,,,,,,,,,,,,,,,,,,,,
,,,,,,,,,,,,,,,,,,,,,,,
,,,,,,,,,,,,,,,,,,,,,,,
,,,,,,,,,,,,,,,,,,,,,,,
,,,,,,,,,,,,,,,,,,,,,,,
,,,,,,,,,,,,,,,,,,,,,,,
,,,,,,,,,,,,,,,,,,,,,,,
,,,,,,,,,,,,,,,,,,,,,,,
,,,,,,,,,,,,,,,,,,,,,,,
,,,,,,,,,,,,,,,,,,,,,,,
,,,,,,,,,,,,,,,,,,,,,,,
,,,,,,,,,,,,,,,,,,,,,,,
,,,,,,,,,,,,,,,,,,,,,,,
,,,,,,,,,,,,,,,,,,,,,,,
,,,,,,,,,,,,,,,,,,,,,,,
,,,,,,,,,,,,,,,,,,,,,,,
,,,,,,,,,,,,,,,,,,,,,,,
,,,,,,,,,,,,,,,,,,,,,,,
,,,,,,,,,,,,,,,,,,,,,,,
,,,,,,,,,,,,,,,,,,,,,,,
,,,,,,,,,,,,,,,,,,,,,,,
,,,,,,,,,,,,,,,,,,,,,,,
,,,,,,,,,,,,,,,,,,,,,,,
,,,,,,,,,,,,,,,,,,,,,,,
,,,,,,,,,,,,,,,,,,,,,,,
,,,,,,,,,,,,,,,,,,,,,,,
,,,,,,,,,,,,,,,,,,,,,,,
,,,,,,,,,,,,,,,,,,,,,,,
,,,,,,,,,,,,,,,,,,,,,,,
,,,,,,,,,,,,,,,,,,,,,,,
,,,,,,,,,,,,,,,,,,,,,,,
,,,,,,,,,,,,,,,,,,,,,,,
,,,,,,,,,,,,,,,,,,,,,,,
,,,,,,,,,,,,,,,,,,,,,,,
,,,,,,,,,,,,,,,,,,,,,,,
,,,,,,,,,,,,,,,,,,,,,,,
,,,,,,,,,,,,,,,,,,,,,,,
,,,,,,,,,,,,,,,,,,,,,,,
,,,,,,,,,,,,,,,,,,,,,,,
,,,,,,,,,,,,,,,,,,,,,,,
,,,,,,,,,,,,,,,,,,,,,,,
,,,,,,,,,,,,,,,,,,,,,,,
,,,,,,,,,,,,,,,,,,,,,,,
,,,,,,,,,,,,,,,,,,,,,,,
,,,,,,,,,,,,,,,,,,,,,,,
,,,,,,,,,,,,,,,,,,,,,,,
,,,,,,,,,,,,,,,,,,,,,,,
,,,,,,,,,,,,,,,,,,,,,,,
,,,,,,,,,,,,,,,,,,,,,,,
,,,,,,,,,,,,,,,,,,,,,,,
,,,,,,,,,,,,,,,,,,,,,,,
,,,,,,,,,,,,,,,,,,,,,,,
,,,,,,,,,,,,,,,,,,,,,,,
,,,,,,,,,,,,,,,,,,,,,,,
,,,,,,,,,,,,,,,,,,,,,,,
,,,,,,,,,,,,,,,,,,,,,,,
,,,,,,,,,,,,,,,,,,,,,,,
,,,,,,,,,,,,,,,,,,,,,,,
,,,,,,,,,,,,,,,,,,,,,,,
,,,,,,,,,,,,,,,,,,,,,,,
,,,,,,,,,,,,,,,,,,,,,,,
,,,,,,,,,,,,,,,,,,,,,,,
,,,,,,,,,,,,,,,,,,,,,,,
,,,,,,,,,,,,,,,,,,,,,,,
,,,,,,,,,,,,,,,,,,,,,,,
,,,,,,,,,,,,,,,,,,,,,,,
,,,,,,,,,,,,,,,,,,,,,,,
,,,,,,,,,,,,,,,,,,,,,,,
,,,,,,,,,,,,,,,,,,,,,,,
,,,,,,,,,,,,,,,,,,,,,,,
,,,,,,,,,,,,,,,,,,,,,,,
,,,,,,,,,,,,,,,,,,,,,,,
,,,,,,,,,,,,,,,,,,,,,,,
,,,,,,,,,,,,,,,,,,,,,,,
,,,,,,,,,,,,,,,,,,,,,,,
,,,,,,,,,,,,,,,,,,,,,,,
,,,,,,,,,,,,,,,,,,,,,,,
,,,,,,,,,,,,,,,,,,,,,,,
,,,,,,,,,,,,,,,,,,,,,,,
,,,,,,,,,,,,,,,,,,,,,,,
,,,,,,,,,,,,,,,,,,,,,,,
,,,,,,,,,,,,,,,,,,,,,,,
,,,,,,,,,,,,,,,,,,,,,,,
,,,,,,,,,,,,,,,,,,,,,,,
,,,,,,,,,,,,,,,,,,,,,,,
,,,,,,,,,,,,,,,,,,,,,,,
,,,,,,,,,,,,,,,,,,,,,,,
,,,,,,,,,,,,,,,,,,,,,,,
,,,,,,,,,,,,,,,,,,,,,,,
,,,,,,,,,,,,,,,,,,,,,,,
,,,,,,,,,,,,,,,,,,,,,,,
,,,,,,,,,,,,,,,,,,,,,,,
,,,,,,,,,,,,,,,,,,,,,,,
,,,,,,,,,,,,,,,,,,,,,,,
,,,,,,,,,,,,,,,,,,,,,,,
,,,,,,,,,,,,,,,,,,,,,,,
,,,,,,,,,,,,,,,,,,,,,,,
,,,,,,,,,,,,,,,,,,,,,,,
,,,,,,,,,,,,,,,,,,,,,,,
,,,,,,,,,,,,,,,,,,,,,,,
,,,,,,,,,,,,,,,,,,,,,,,
,,,,,,,,,,,,,,,,,,,,,,,
,,,,,,,,,,,,,,,,,,,,,,,
,,,,,,,,,,,,,,,,,,,,,,,
,,,,,,,,,,,,,,,,,,,,,,,
,,,,,,,,,,,,,,,,,,,,,,,
,,,,,,,,,,,,,,,,,,,,,,,
,,,,,,,,,,,,,,,,,,,,,,,
,,,,,,,,,,,,,,,,,,,,,,,
,,,,,,,,,,,,,,,,,,,,,,,
,,,,,,,,,,,,,,,,,,,,,,,
,,,,,,,,,,,,,,,,,,,,,,,
,,,,,,,,,,,,,,,,,,,,,,,
,,,,,,,,,,,,,,,,,,,,,,,
,,,,,,,,,,,,,,,,,,,,,,,
,,,,,,,,,,,,,,,,,,,,,,,
,,,,,,,,,,,,,,,,,,,,,,,
,,,,,,,,,,,,,,,,,,,,,,,
,,,,,,,,,,,,,,,,,,,,,,,
,,,,,,,,,,,,,,,,,,,,,,,
,,,,,,,,,,,,,,,,,,,,,,,
,,,,,,,,,,,,,,,,,,,,,,,
,,,,,,,,,,,,,,,,,,,,,,,
,,,,,,,,,,,,,,,,,,,,,,,
,,,,,,,,,,,,,,,,,,,,,,,
,,,,,,,,,,,,,,,,,,,,,,,
,,,,,,,,,,,,,,,,,,,,,,,
,,,,,,,,,,,,,,,,,,,,,,,
,,,,,,,,,,,,,,,,,,,,,,,
,,,,,,,,,,,,,,,,,,,,,,,
,,,,,,,,,,,,,,,,,,,,,,,
,,,,,,,,,,,,,,,,,,,,,,,
,,,,,,,,,,,,,,,,,,,,,,,
,,,,,,,,,,,,,,,,,,,,,,,
,,,,,,,,,,,,,,,,,,,,,,,
,,,,,,,,,,,,,,,,,,,,,,,
,,,,,,,,,,,,,,,,,,,,,,,
,,,,,,,,,,,,,,,,,,,,,,,
,,,,,,,,,,,,,,,,,,,,,,,
,,,,,,,,,,,,,,,,,,,,,,,
,,,,,,,,,,,,,,,,,,,,,,,
,,,,,,,,,,,,,,,,,,,,,,,
,,,,,,,,,,,,,,,,,,,,,,,
,,,,,,,,,,,,,,,,,,,,,,,
,,,,,,,,,,,,,,,,,,,,,,,
,,,,,,,,,,,,,,,,,,,,,,,
,,,,,,,,,,,,,,,,,,,,,,,
,,,,,,,,,,,,,,,,,,,,,,,
,,,,,,,,,,,,,,,,,,,,,,,
,,,,,,,,,,,,,,,,,,,,,,,
,,,,,,,,,,,,,,,,,,,,,,,
,,,,,,,,,,,,,,,,,,,,,,,
,,,,,,,,,,,,,,,,,,,,,,,
,,,,,,,,,,,,,,,,,,,,,,,
,,,,,,,,,,,,,,,,,,,,,,,
,,,,,,,,,,,,,,,,,,,,,,,
,,,,,,,,,,,,,,,,,,,,,,,
,,,,,,,,,,,,,,,,,,,,,,,
,,,,,,,,,,,,,,,,,,,,,,,
,,,,,,,,,,,,,,,,,,,,,,,
,,,,,,,,,,,,,,,,,,,,,,,
,,,,,,,,,,,,,,,,,,,,,,,
,,,,,,,,,,,,,,,,,,,,,,,
,,,,,,,,,,,,,,,,,,,,,,,
,,,,,,,,,,,,,,,,,,,,,,,
,,,,,,,,,,,,,,,,,,,,,,,
,,,,,,,,,,,,,,,,,,,,,,,
,,,,,,,,,,,,,,,,,,,,,,,
,,,,,,,,,,,,,,,,,,,,,,,
,,,,,,,,,,,,,,,,,,,,,,,
,,,,,,,,,,,,,,,,,,,,,,,
,,,,,,,,,,,,,,,,,,,,,,,
,,,,,,,,,,,,,,,,,,,,,,,
,,,,,,,,,,,,,,,,,,,,,,,
,,,,,,,,,,,,,,,,,,,,,,,
,,,,,,,,,,,,,,,,,,,,,,,
,,,,,,,,,,,,,,,,,,,,,,,
,,,,,,,,,,,,,,,,,,,,,,,
,,,,,,,,,,,,,,,,,,,,,,,
,,,,,,,,,,,,,,,,,,,,,,,
,,,,,,,,,,,,,,,,,,,,,,,
,,,,,,,,,,,,,,,,,,,,,,,
,,,,,,,,,,,,,,,,,,,,,,,
,,,,,,,,,,,,,,,,,,,,,,,
,,,,,,,,,,,,,,,,,,,,,,,
,,,,,,,,,,,,,,,,,,,,,,,
,,,,,,,,,,,,,,,,,,,,,,,
,,,,,,,,,,,,,,,,,,,,,,,
,,,,,,,,,,,,,,,,,,,,,,,
,,,,,,,,,,,,,,,,,,,,,,,
,,,,,,,,,,,,,,,,,,,,,,,
,,,,,,,,,,,,,,,,,,,,,,,
,,,,,,,,,,,,,,,,,,,,,,,
,,,,,,,,,,,,,,,,,,,,,,,
,,,,,,,,,,,,,,,,,,,,,,,
,,,,,,,,,,,,,,,,,,,,,,,
,,,,,,,,,,,,,,,,,,,,,,,
,,,,,,,,,,,,,,,,,,,,,,,
,,,,,,,,,,,,,,,,,,,,,,,
,,,,,,,,,,,,,,,,,,,,,,,
,,,,,,,,,,,,,,,,,,,,,,,
,,,,,,,,,,,,,,,,,,,,,,,
,,,,,,,,,,,,,,,,,,,,,,,
,,,,,,,,,,,,,,,,,,,,,,,
,,,,,,,,,,,,,,,,,,,,,,,
,,,,,,,,,,,,,,,,,,,,,,,
,,,,,,,,,,,,,,,,,,,,,,,
,,,,,,,,,,,,,,,,,,,,,,,
,,,,,,,,,,,,,,,,,,,,,,,
,,,,,,,,,,,,,,,,,,,,,,,
,,,,,,,,,,,,,,,,,,,,,,,
,,,,,,,,,,,,,,,,,,,,,,,
,,,,,,,,,,,,,,,,,,,,,,,
,,,,,,,,,,,,,,,,,,,,,,,
,,,,,,,,,,,,,,,,,,,,,,,
,,,,,,,,,,,,,,,,,,,,,,,
,,,,,,,,,,,,,,,,,,,,,,,
,,,,,,,,,,,,,,,,,,,,,,,
,,,,,,,,,,,,,,,,,,,,,,,
,,,,,,,,,,,,,,,,,,,,,,,
,,,,,,,,,,,,,,,,,,,,,,,
,,,,,,,,,,,,,,,,,,,,,,,
,,,,,,,,,,,,,,,,,,,,,,,
,,,,,,,,,,,,,,,,,,,,,,,
,,,,,,,,,,,,,,,,,,,,,,,
,,,,,,,,,,,,,,,,,,,,,,,
,,,,,,,,,,,,,,,,,,,,,,,
,,,,,,,,,,,,,,,,,,,,,,,
,,,,,,,,,,,,,,,,,,,,,,,
,,,,,,,,,,,,,,,,,,,,,,,
,,,,,,,,,,,,,,,,,,,,,,,
,,,,,,,,,,,,,,,,,,,,,,,
,,,,,,,,,,,,,,,,,,,,,,,
,,,,,,,,,,,,,,,,,,,,,,,
,,,,,,,,,,,,,,,,,,,,,,,
,,,,,,,,,,,,,,,,,,,,,,,
,,,,,,,,,,,,,,,,,,,,,,,
,,,,,,,,,,,,,,,,,,,,,,,
,,,,,,,,,,,,,,,,,,,,,,,
,,,,,,,,,,,,,,,,,,,,,,,
,,,,,,,,,,,,,,,,,,,,,,,
,,,,,,,,,,,,,,,,,,,,,,,
,,,,,,,,,,,,,,,,,,,,,,,
,,,,,,,,,,,,,,,,,,,,,,,
,,,,,,,,,,,,,,,,,,,,,,,
,,,,,,,,,,,,,,,,,,,,,,,
,,,,,,,,,,,,,,,,,,,,,,,
,,,,,,,,,,,,,,,,,,,,,,,
,,,,,,,,,,,,,,,,,,,,,,,
,,,,,,,,,,,,,,,,,,,,,,,
,,,,,,,,,,,,,,,,,,,,,,,
,,,,,,,,,,,,,,,,,,,,,,,
,,,,,,,,,,,,,,,,,,,,,,,
,,,,,,,,,,,,,,,,,,,,,,,
,,,,,,,,,,,,,,,,,,,,,,,
,,,,,,,,,,,,,,,,,,,,,,,
,,,,,,,,,,,,,,,,,,,,,,,
,,,,,,,,,,,,,,,,,,,,,,,
,,,,,,,,,,,,,,,,,,,,,,,
,,,,,,,,,,,,,,,,,,,,,,,
,,,,,,,,,,,,,,,,,,,,,,,
,,,,,,,,,,,,,,,,,,,,,,,
,,,,,,,,,,,,,,,,,,,,,,,
,,,,,,,,,,,,,,,,,,,,,,,
,,,,,,,,,,,,,,,,,,,,,,,
,,,,,,,,,,,,,,,,,,,,,,,
,,,,,,,,,,,,,,,,,,,,,,,
,,,,,,,,,,,,,,,,,,,,,,,
,,,,,,,,,,,,,,,,,,,,,,,
,,,,,,,,,,,,,,,,,,,,,,,
,,,,,,,,,,,,,,,,,,,,,,,
,,,,,,,,,,,,,,,,,,,,,,,
,,,,,,,,,,,,,,,,,,,,,,,
,,,,,,,,,,,,,,,,,,,,,,,
,,,,,,,,,,,,,,,,,,,,,,,
,,,,,,,,,,,,,,,,,,,,,,,
,,,,,,,,,,,,,,,,,,,,,,,
,,,,,,,,,,,,,,,,,,,,,,,
,,,,,,,,,,,,,,,,,,,,,,,
,,,,,,,,,,,,,,,,,,,,,,,
,,,,,,,,,,,,,,,,,,,,,,,
,,,,,,,,,,,,,,,,,,,,,,,
,,,,,,,,,,,,,,,,,,,,,,,
,,,,,,,,,,,,,,,,,,,,,,,
,,,,,,,,,,,,,,,,,,,,,,,
,,,,,,,,,,,,,,,,,,,,,,,
,,,,,,,,,,,,,,,,,,,,,,,
,,,,,,,,,,,,,,,,,,,,,,,
,,,,,,,,,,,,,,,,,,,,,,,
,,,,,,,,,,,,,,,,,,,,,,,
,,,,,,,,,,,,,,,,,,,,,,,
,,,,,,,,,,,,,,,,,,,,,,,
,,,,,,,,,,,,,,,,,,,,,,,
,,,,,,,,,,,,,,,,,,,,,,,
,,,,,,,,,,,,,,,,,,,,,,,
,,,,,,,,,,,,,,,,,,,,,,,
,,,,,,,,,,,,,,,,,,,,,,,
,,,,,,,,,,,,,,,,,,,,,,,
,,,,,,,,,,,,,,,,,,,,,,,
,,,,,,,,,,,,,,,,,,,,,,,
,,,,,,,,,,,,,,,,,,,,,,,
,,,,,,,,,,,,,,,,,,,,,,,
,,,,,,,,,,,,,,,,,,,,,,,
,,,,,,,,,,,,,,,,,,,,,,,
,,,,,,,,,,,,,,,,,,,,,,,
,,,,,,,,,,,,,,,,,,,,,,,
,,,,,,,,,,,,,,,,,,,,,,,
,,,,,,,,,,,,,,,,,,,,,,,
,,,,,,,,,,,,,,,,,,,,,,,
,,,,,,,,,,,,,,,,,,,,,,,
,,,,,,,,,,,,,,,,,,,,,,,
,,,,,,,,,,,,,,,,,,,,,,,
,,,,,,,,,,,,,,,,,,,,,,,
,,,,,,,,,,,,,,,,,,,,,,,
,,,,,,,,,,,,,,,,,,,,,,,
,,,,,,,,,,,,,,,,,,,,,,,
,,,,,,,,,,,,,,,,,,,,,,,
,,,,,,,,,,,,,,,,,,,,,,,
,,,,,,,,,,,,,,,,,,,,,,,
,,,,,,,,,,,,,,,,,,,,,,,
,,,,,,,,,,,,,,,,,,,,,,,
,,,,,,,,,,,,,,,,,,,,,,,
,,,,,,,,,,,,,,,,,,,,,,,
,,,,,,,,,,,,,,,,,,,,,,,
,,,,,,,,,,,,,,,,,,,,,,,
,,,,,,,,,,,,,,,,,,,,,,,
,,,,,,,,,,,,,,,,,,,,,,,
,,,,,,,,,,,,,,,,,,,,,,,
,,,,,,,,,,,,,,,,,,,,,,,
,,,,,,,,,,,,,,,,,,,,,,,
,,,,,,,,,,,,,,,,,,,,,,,
,,,,,,,,,,,,,,,,,,,,,,,
,,,,,,,,,,,,,,,,,,,,,,,
,,,,,,,,,,,,,,,,,,,,,,,
,,,,,,,,,,,,,,,,,,,,,,,
,,,,,,,,,,,,,,,,,,,,,,,
,,,,,,,,,,,,,,,,,,,,,,,
,,,,,,,,,,,,,,,,,,,,,,,
,,,,,,,,,,,,,,,,,,,,,,,
,,,,,,,,,,,,,,,,,,,,,,,
,,,,,,,,,,,,,,,,,,,,,,,
,,,,,,,,,,,,,,,,,,,,,,,
,,,,,,,,,,,,,,,,,,,,,,,
,,,,,,,,,,,,,,,,,,,,,,,
,,,,,,,,,,,,,,,,,,,,,,,
,,,,,,,,,,,,,,,,,,,,,,,
,,,,,,,,,,,,,,,,,,,,,,,
,,,,,,,,,,,,,,,,,,,,,,,
,,,,,,,,,,,,,,,,,,,,,,,
,,,,,,,,,,,,,,,,,,,,,,,
,,,,,,,,,,,,,,,,,,,,,,,
,,,,,,,,,,,,,,,,,,,,,,,
,,,,,,,,,,,,,,,,,,,,,,,
,,,,,,,,,,,,,,,,,,,,,,,
,,,,,,,,,,,,,,,,,,,,,,,
,,,,,,,,,,,,,,,,,,,,,,,
,,,,,,,,,,,,,,,,,,,,,,,
,,,,,,,,,,,,,,,,,,,,,,,
,,,,,,,,,,,,,,,,,,,,,,,
,,,,,,,,,,,,,,,,,,,,,,,
,,,,,,,,,,,,,,,,,,,,,,,
,,,,,,,,,,,,,,,,,,,,,,,
,,,,,,,,,,,,,,,,,,,,,,,
,,,,,,,,,,,,,,,,,,,,,,,
,,,,,,,,,,,,,,,,,,,,,,,
,,,,,,,,,,,,,,,,,,,,,,,
,,,,,,,,,,,,,,,,,,,,,,,
,,,,,,,,,,,,,,,,,,,,,,,
,,,,,,,,,,,,,,,,,,,,,,,
,,,,,,,,,,,,,,,,,,,,,,,
,,,,,,,,,,,,,,,,,,,,,,,
,,,,,,,,,,,,,,,,,,,,,,,
,,,,,,,,,,,,,,,,,,,,,,,
,,,,,,,,,,,,,,,,,,,,,,,
,,,,,,,,,,,,,,,,,,,,,,,
,,,,,,,,,,,,,,,,,,,,,,,
,,,,,,,,,,,,,,,,,,,,,,,
,,,,,,,,,,,,,,,,,,,,,,,
,,,,,,,,,,,,,,,,,,,,,,,
,,,,,,,,,,,,,,,,,,,,,,,
,,,,,,,,,,,,,,,,,,,,,,,
,,,,,,,,,,,,,,,,,,,,,,,
,,,,,,,,,,,,,,,,,,,,,,,
,,,,,,,,,,,,,,,,,,,,,,,
,,,,,,,,,,,,,,,,,,,,,,,
,,,,,,,,,,,,,,,,,,,,,,,
,,,,,,,,,,,,,,,,,,,,,,,
,,,,,,,,,,,,,,,,,,,,,,,
,,,,,,,,,,,,,,,,,,,,,,,
,,,,,,,,,,,,,,,,,,,,,,,
,,,,,,,,,,,,,,,,,,,,,,,
,,,,,,,,,,,,,,,,,,,,,,,
,,,,,,,,,,,,,,,,,,,,,,,
,,,,,,,,,,,,,,,,,,,,,,,
,,,,,,,,,,,,,,,,,,,,,,,
,,,,,,,,,,,,,,,,,,,,,,,
,,,,,,,,,,,,,,,,,,,,,,,
,,,,,,,,,,,,,,,,,,,,,,,
,,,,,,,,,,,,,,,,,,,,,,,
,,,,,,,,,,,,,,,,,,,,,,,
,,,,,,,,,,,,,,,,,,,,,,,
,,,,,,,,,,,,,,,,,,,,,,,
,,,,,,,,,,,,,,,,,,,,,,,
,,,,,,,,,,,,,,,,,,,,,,,
,,,,,,,,,,,,,,,,,,,,,,,
,,,,,,,,,,,,,,,,,,,,,,,
,,,,,,,,,,,,,,,,,,,,,,,
,,,,,,,,,,,,,,,,,,,,,,,
,,,,,,,,,,,,,,,,,,,,,,,
,,,,,,,,,,,,,,,,,,,,,,,
,,,,,,,,,,,,,,,,,,,,,,,
,,,,,,,,,,,,,,,,,,,,,,,
,,,,,,,,,,,,,,,,,,,,,,,
,,,,,,,,,,,,,,,,,,,,,,,
,,,,,,,,,,,,,,,,,,,,,,,
,,,,,,,,,,,,,,,,,,,,,,,
,,,,,,,,,,,,,,,,,,,,,,,
,,,,,,,,,,,,,,,,,,,,,,,
,,,,,,,,,,,,,,,,,,,,,,,
,,,,,,,,,,,,,,,,,,,,,,,
,,,,,,,,,,,,,,,,,,,,,,,
,,,,,,,,,,,,,,,,,,,,,,,
,,,,,,,,,,,,,,,,,,,,,,,
,,,,,,,,,,,,,,,,,,,,,,,
,,,,,,,,,,,,,,,,,,,,,,,
,,,,,,,,,,,,,,,,,,,,,,,
,,,,,,,,,,,,,,,,,,,,,,,
,,,,,,,,,,,,,,,,,,,,,,,
,,,,,,,,,,,,,,,,,,,,,,,
,,,,,,,,,,,,,,,,,,,,,,,
,,,,,,,,,,,,,,,,,,,,,,,
,,,,,,,,,,,,,,,,,,,,,,,
,,,,,,,,,,,,,,,,,,,,,,,
,,,,,,,,,,,,,,,,,,,,,,,
,,,,,,,,,,,,,,,,,,,,,,,
,,,,,,,,,,,,,,,,,,,,,,,
,,,,,,,,,,,,,,,,,,,,,,,
,,,,,,,,,,,,,,,,,,,,,,,
,,,,,,,,,,,,,,,,,,,,,,,
,,,,,,,,,,,,,,,,,,,,,,,
,,,,,,,,,,,,,,,,,,,,,,,
,,,,,,,,,,,,,,,,,,,,,,,
,,,,,,,,,,,,,,,,,,,,,,,
,,,,,,,,,,,,,,,,,,,,,,,
,,,,,,,,,,,,,,,,,,,,,,,
,,,,,,,,,,,,,,,,,,,,,,,
,,,,,,,,,,,,,,,,,,,,,,,
,,,,,,,,,,,,,,,,,,,,,,,
,,,,,,,,,,,,,,,,,,,,,,,
,,,,,,,,,,,,,,,,,,,,,,,
,,,,,,,,,,,,,,,,,,,,,,,
,,,,,,,,,,,,,,,,,,,,,,,
,,,,,,,,,,,,,,,,,,,,,,,
,,,,,,,,,,,,,,,,,,,,,,,
,,,,,,,,,,,,,,,,,,,,,,,
,,,,,,,,,,,,,,,,,,,,,,,
,,,,,,,,,,,,,,,,,,,,,,,
,,,,,,,,,,,,,,,,,,,,,,,
,,,,,,,,,,,,,,,,,,,,,,,
,,,,,,,,,,,,,,,,,,,,,,,
,,,,,,,,,,,,,,,,,,,,,,,
