Ticket ID,Corporate,Branch,Branch Asset,PPMDate,Name,DueDate,Status,,,,,,,,,,,,,,,,,,
CS-PPM-003996,Vodafone Idea Limited,Vi CRS (Ring Road - Surat),Cassette AC,2024-11-15,AYAZ MAKRANI,2024-11-19,Assigned,,,,,,,,,,,,,,,,,,
CS-PPM-003992,Vodafone Idea Limited,Vi CRS (Ring Road - Surat),CCTV,2024-11-15,AYAZ MAKRANI,2024-11-19,Assigned,,,,,,,,,,,,,,,,,,
CS-PPM-003988,Vodafone Idea Limited,Vi CRS (Ring Road - Surat),Below SD-9,2024-11-15,AYAZ MAKRANI,2024-11-19,Assigned,,,,,,,,,,,,,,,,,,
CS-PPM-003984,Vodafone Idea Limited,Vi CRS (Ring Road - Surat),Below SD-8,2024-11-15,AYAZ MAKRANI,2024-11-19,Assigned,,,,,,,,,,,,,,,,,,
CS-PPM-003980,Vodafone Idea Limited,Vi CRS (Ring Road - Surat),Below SD-7,2024-11-15,AYAZ MAKRANI,2024-11-19,Assigned,,,,,,,,,,,,,,,,,,
CS-PPM-003976,Vodafone Idea Limited,Vi CRS (Ring Road - Surat),Below SD-6,2024-11-15,AYAZ MAKRANI,2024-11-19,Assigned,,,,,,,,,,,,,,,,,,
CS-PPM-003972,Vodafone Idea Limited,Vi CRS (Ring Road - Surat),Below SD-5,2024-11-15,AYAZ MAKRANI,2024-11-19,Assigned,,,,,,,,,,,,,,,,,,
CS-PPM-003968,Vodafone Idea Limited,Vi CRS (Ring Road - Surat),Above SD-4,2024-11-15,AYAZ MAKRANI,2024-11-19,Assigned,,,,,,,,,,,,,,,,,,
CS-PPM-003964,Vodafone Idea Limited,Vi CRS (Ring Road - Surat),Above SD-3,2024-11-15,AYAZ MAKRANI,2024-11-19,Assigned,,,,,,,,,,,,,,,,,,
CS-PPM-003960,Vodafone Idea Limited,Vi CRS (Ring Road - Surat),Above SD-2,2024-11-15,AYAZ MAKRANI,2024-11-19,Assigned,,,,,,,,,,,,,,,,,,
CS-PPM-003956,Vodafone Idea Limited,Vi CRS (Ring Road - Surat),Above SD-1,2024-11-15,AYAZ MAKRANI,2024-11-19,Assigned,,,,,,,,,,,,,,,,,,
CS-PPM-003952,Vodafone Idea Limited,Vi CRS (Ring Road - Surat),Fire Panel-1,2024-11-15,AYAZ MAKRANI,2024-11-19,Assigned,,,,,,,,,,,,,,,,,,
CS-PPM-003796,Vodafone Idea Limited,VI Store (Varachha - Surat),Split AC,2024-11-15,AYAZ MAKRANI,2024-11-19,Assigned,,,,,,,,,,,,,,,,,,
CS-PPM-003792,Vodafone Idea Limited,VI Store (Varachha - Surat),Cassette AC,2024-11-15,AYAZ MAKRANI,2024-11-19,Assigned,,,,,,,,,,,,,,,,,,
CS-PPM-003788,Vodafone Idea Limited,VI Store (Varachha - Surat),CCTV,2024-11-15,AYAZ MAKRANI,2024-11-19,Assigned,,,,,,,,,,,,,,,,,,
CS-PPM-003784,Vodafone Idea Limited,VI Store (Varachha - Surat),Hooter-1,2024-11-15,AYAZ MAKRANI,2024-11-19,Assigned,,,,,,,,,,,,,,,,,,
CS-PPM-003780,Vodafone Idea Limited,VI Store (Varachha - Surat),RI-9,2024-11-15,AYAZ MAKRANI,2024-11-19,Assigned,,,,,,,,,,,,,,,,,,
CS-PPM-003776,Vodafone Idea Limited,VI Store (Varachha - Surat),RI-8,2024-11-15,AYAZ MAKRANI,2024-11-19,Assigned,,,,,,,,,,,,,,,,,,
CS-PPM-003772,Vodafone Idea Limited,VI Store (Varachha - Surat),RI-7,2024-11-15,AYAZ MAKRANI,2024-11-19,Assigned,,,,,,,,,,,,,,,,,,
CS-PPM-003768,Vodafone Idea Limited,VI Store (Varachha - Surat),RI-6,2024-11-15,AYAZ MAKRANI,2024-11-19,Assigned,,,,,,,,,,,,,,,,,,
CS-PPM-003764,Vodafone Idea Limited,VI Store (Varachha - Surat),RI-5,2024-11-15,AYAZ MAKRANI,2024-11-19,Assigned,,,,,,,,,,,,,,,,,,
CS-PPM-003760,Vodafone Idea Limited,VI Store (Varachha - Surat),RI-4,2024-11-15,AYAZ MAKRANI,2024-11-19,Assigned,,,,,,,,,,,,,,,,,,
CS-PPM-003756,Vodafone Idea Limited,VI Store (Varachha - Surat),RI-3,2024-11-15,AYAZ MAKRANI,2024-11-19,Assigned,,,,,,,,,,,,,,,,,,
CS-PPM-003752,Vodafone Idea Limited,VI Store (Varachha - Surat),RI-2,2024-11-15,AYAZ MAKRANI,2024-11-19,Assigned,,,,,,,,,,,,,,,,,,
CS-PPM-003748,Vodafone Idea Limited,VI Store (Varachha - Surat),RI-1,2024-11-15,AYAZ MAKRANI,2024-11-19,Assigned,,,,,,,,,,,,,,,,,,
CS-PPM-003744,Vodafone Idea Limited,VI Store (Varachha - Surat),MCP-1,2024-11-15,AYAZ MAKRANI,2024-11-19,Assigned,,,,,,,,,,,,,,,,,,
CS-PPM-003740,Vodafone Idea Limited,VI Store (Varachha - Surat),Below SD-9,2024-11-15,AYAZ MAKRANI,2024-11-19,Assigned,,,,,,,,,,,,,,,,,,
CS-PPM-003736,Vodafone Idea Limited,VI Store (Varachha - Surat),Below SD-8,2024-11-15,AYAZ MAKRANI,2024-11-19,Assigned,,,,,,,,,,,,,,,,,,
CS-PPM-003732,Vodafone Idea Limited,VI Store (Varachha - Surat),Below SD-7,2024-11-15,AYAZ MAKRANI,2024-11-19,Assigned,,,,,,,,,,,,,,,,,,
CS-PPM-003728,Vodafone Idea Limited,VI Store (Varachha - Surat),Below SD-6,2024-11-15,AYAZ MAKRANI,2024-11-19,Assigned,,,,,,,,,,,,,,,,,,
CS-PPM-003724,Vodafone Idea Limited,VI Store (Varachha - Surat),Below SD-5,2024-11-15,AYAZ MAKRANI,2024-11-19,Assigned,,,,,,,,,,,,,,,,,,
CS-PPM-003720,Vodafone Idea Limited,VI Store (Varachha - Surat),Below SD-4,2024-11-15,AYAZ MAKRANI,2024-11-19,Assigned,,,,,,,,,,,,,,,,,,
CS-PPM-003716,Vodafone Idea Limited,VI Store (Varachha - Surat),Below SD-3,2024-11-15,AYAZ MAKRANI,2024-11-19,Assigned,,,,,,,,,,,,,,,,,,
CS-PPM-003712,Vodafone Idea Limited,VI Store (Varachha - Surat),Below SD-2,2024-11-15,AYAZ MAKRANI,2024-11-19,Assigned,,,,,,,,,,,,,,,,,,
CS-PPM-003708,Vodafone Idea Limited,VI Store (Varachha - Surat),Below SD-1,2024-11-15,AYAZ MAKRANI,2024-11-19,Assigned,,,,,,,,,,,,,,,,,,
CS-PPM-003704,Vodafone Idea Limited,VI Store (Varachha - Surat),Above SD-9,2024-11-15,AYAZ MAKRANI,2024-11-19,Assigned,,,,,,,,,,,,,,,,,,
CS-PPM-003700,Vodafone Idea Limited,VI Store (Varachha - Surat),Above SD-8,2024-11-15,AYAZ MAKRANI,2024-11-19,Assigned,,,,,,,,,,,,,,,,,,
CS-PPM-003696,Vodafone Idea Limited,VI Store (Varachha - Surat),Above SD-7,2024-11-15,AYAZ MAKRANI,2024-11-19,Assigned,,,,,,,,,,,,,,,,,,
CS-PPM-003692,Vodafone Idea Limited,VI Store (Varachha - Surat),Above SD-6,2024-11-15,AYAZ MAKRANI,2024-11-19,Assigned,,,,,,,,,,,,,,,,,,
CS-PPM-003688,Vodafone Idea Limited,VI Store (Varachha - Surat),Above SD-5,2024-11-15,AYAZ MAKRANI,2024-11-19,Assigned,,,,,,,,,,,,,,,,,,
CS-PPM-003684,Vodafone Idea Limited,VI Store (Varachha - Surat),Above SD-4,2024-11-15,AYAZ MAKRANI,2024-11-19,Assigned,,,,,,,,,,,,,,,,,,
CS-PPM-003680,Vodafone Idea Limited,VI Store (Varachha - Surat),Above SD-3,2024-11-15,AYAZ MAKRANI,2024-11-19,Assigned,,,,,,,,,,,,,,,,,,
CS-PPM-003676,Vodafone Idea Limited,VI Store (Varachha - Surat),Above SD-2,2024-11-15,AYAZ MAKRANI,2024-11-19,Assigned,,,,,,,,,,,,,,,,,,
CS-PPM-003672,Vodafone Idea Limited,VI Store (Varachha - Surat),Above SD-1,2024-11-15,AYAZ MAKRANI,2024-11-19,Assigned,,,,,,,,,,,,,,,,,,
CS-PPM-003668,Vodafone Idea Limited,VI Store (Varachha - Surat),Fire Panel-1,2024-11-15,AYAZ MAKRANI,2024-11-19,Assigned,,,,,,,,,,,,,,,,,,
CS-PPM-003532,Vodafone Idea Limited,VI Store (Vesu - Surat),Split AC,2024-11-15,AYAZ MAKRANI,2024-11-19,Assigned,,,,,,,,,,,,,,,,,,
CS-PPM-003528,Vodafone Idea Limited,VI Store (Vesu - Surat),CCTV,2024-11-15,AYAZ MAKRANI,2024-11-19,Assigned,,,,,,,,,,,,,,,,,,
CS-PPM-003524,Vodafone Idea Limited,VI Store (Vesu - Surat),Hooter-1,2024-11-15,AYAZ MAKRANI,2024-11-19,Assigned,,,,,,,,,,,,,,,,,,
CS-PPM-003520,Vodafone Idea Limited,VI Store (Vesu - Surat),RI-8,2024-11-15,AYAZ MAKRANI,2024-11-19,Assigned,,,,,,,,,,,,,,,,,,
CS-PPM-003516,Vodafone Idea Limited,VI Store (Vesu - Surat),RI-7,2024-11-15,AYAZ MAKRANI,2024-11-19,Assigned,,,,,,,,,,,,,,,,,,
CS-PPM-003512,Vodafone Idea Limited,VI Store (Vesu - Surat),RI-6,2024-11-15,AYAZ MAKRANI,2024-11-19,Assigned,,,,,,,,,,,,,,,,,,
CS-PPM-003508,Vodafone Idea Limited,VI Store (Vesu - Surat),RI-5,2024-11-15,AYAZ MAKRANI,2024-11-19,Assigned,,,,,,,,,,,,,,,,,,
CS-PPM-003504,Vodafone Idea Limited,VI Store (Vesu - Surat),RI-4,2024-11-15,AYAZ MAKRANI,2024-11-19,Assigned,,,,,,,,,,,,,,,,,,
CS-PPM-003500,Vodafone Idea Limited,VI Store (Vesu - Surat),RI-3,2024-11-15,AYAZ MAKRANI,2024-11-19,Assigned,,,,,,,,,,,,,,,,,,
CS-PPM-003496,Vodafone Idea Limited,VI Store (Vesu - Surat),RI-2,2024-11-15,AYAZ MAKRANI,2024-11-19,Assigned,,,,,,,,,,,,,,,,,,
CS-PPM-003492,Vodafone Idea Limited,VI Store (Vesu - Surat),RI-1,2024-11-15,AYAZ MAKRANI,2024-11-19,Assigned,,,,,,,,,,,,,,,,,,
CS-PPM-003488,Vodafone Idea Limited,VI Store (Vesu - Surat),MCP-1,2024-11-15,AYAZ MAKRANI,2024-11-19,Assigned,,,,,,,,,,,,,,,,,,
CS-PPM-003484,Vodafone Idea Limited,VI Store (Vesu - Surat),Below SD-8,2024-11-15,AYAZ MAKRANI,2024-11-19,Assigned,,,,,,,,,,,,,,,,,,
CS-PPM-003480,Vodafone Idea Limited,VI Store (Vesu - Surat),Below SD-7,2024-11-15,AYAZ MAKRANI,2024-11-19,Assigned,,,,,,,,,,,,,,,,,,
CS-PPM-003476,Vodafone Idea Limited,VI Store (Vesu - Surat),Below SD-6,2024-11-15,AYAZ MAKRANI,2024-11-19,Assigned,,,,,,,,,,,,,,,,,,
CS-PPM-003472,Vodafone Idea Limited,VI Store (Vesu - Surat),Below SD-5,2024-11-15,AYAZ MAKRANI,2024-11-19,Assigned,,,,,,,,,,,,,,,,,,
CS-PPM-003468,Vodafone Idea Limited,VI Store (Vesu - Surat),Below SD-4,2024-11-15,AYAZ MAKRANI,2024-11-19,Assigned,,,,,,,,,,,,,,,,,,
CS-PPM-003464,Vodafone Idea Limited,VI Store (Vesu - Surat),Below SD-3,2024-11-15,AYAZ MAKRANI,2024-11-19,Assigned,,,,,,,,,,,,,,,,,,
CS-PPM-003460,Vodafone Idea Limited,VI Store (Vesu - Surat),Below SD-2,2024-11-15,AYAZ MAKRANI,2024-11-19,Assigned,,,,,,,,,,,,,,,,,,
CS-PPM-003456,Vodafone Idea Limited,VI Store (Vesu - Surat),Below SD-1,2024-11-15,AYAZ MAKRANI,2024-11-19,Assigned,,,,,,,,,,,,,,,,,,
CS-PPM-003452,Vodafone Idea Limited,VI Store (Vesu - Surat),Above SD-8,2024-11-15,AYAZ MAKRANI,2024-11-19,Assigned,,,,,,,,,,,,,,,,,,
CS-PPM-003448,Vodafone Idea Limited,VI Store (Vesu - Surat),Above SD-7,2024-11-15,AYAZ MAKRANI,2024-11-19,Assigned,,,,,,,,,,,,,,,,,,
CS-PPM-003444,Vodafone Idea Limited,VI Store (Vesu - Surat),Above SD-6,2024-11-15,AYAZ MAKRANI,2024-11-19,Assigned,,,,,,,,,,,,,,,,,,
CS-PPM-003440,Vodafone Idea Limited,VI Store (Vesu - Surat),Above SD-5,2024-11-15,AYAZ MAKRANI,2024-11-19,Assigned,,,,,,,,,,,,,,,,,,
CS-PPM-003436,Vodafone Idea Limited,VI Store (Vesu - Surat),Above SD-4,2024-11-15,AYAZ MAKRANI,2024-11-19,Assigned,,,,,,,,,,,,,,,,,,
CS-PPM-003432,Vodafone Idea Limited,VI Store (Vesu - Surat),Above SD-3,2024-11-15,AYAZ MAKRANI,2024-11-19,Assigned,,,,,,,,,,,,,,,,,,
CS-PPM-003428,Vodafone Idea Limited,VI Store (Vesu - Surat),Above SD-2,2024-11-15,AYAZ MAKRANI,2024-11-19,Assigned,,,,,,,,,,,,,,,,,,
CS-PPM-003424,Vodafone Idea Limited,VI Store (Vesu - Surat),Above SD-1,2024-11-15,AYAZ MAKRANI,2024-11-19,Assigned,,,,,,,,,,,,,,,,,,
CS-PPM-003420,Vodafone Idea Limited,VI Store (Vesu - Surat),Fire Panel-1,2024-11-15,AYAZ MAKRANI,2024-11-19,Assigned,,,,,,,,,,,,,,,,,,
CS-PPM-000564,Vodafone Idea Limited,VI Store (Parvatpatiya - Surat),Split AC,2024-11-15,AYAZ MAKRANI,2024-11-19,Assigned,,,,,,,,,,,,,,,,,,
CS-PPM-000560,Vodafone Idea Limited,VI Store (Parvatpatiya - Surat),CCTV,2024-11-15,AYAZ MAKRANI,2024-11-19,Assigned,,,,,,,,,,,,,,,,,,
CS-PPM-000556,Vodafone Idea Limited,VI Store (Parvatpatiya - Surat),Fire Panel-1,2024-11-15,AYAZ MAKRANI,2024-11-19,Assigned,,,,,,,,,,,,,,,,,,
CS-PPM-000552,Vodafone Idea Limited,VI Store (Parvatpatiya - Surat),Above SD-1,2024-11-15,AYAZ MAKRANI,2024-11-19,Assigned,,,,,,,,,,,,,,,,,,
CS-PPM-000548,Vodafone Idea Limited,VI Store (Parvatpatiya - Surat),Above SD-2,2024-11-15,AYAZ MAKRANI,2024-11-19,Assigned,,,,,,,,,,,,,,,,,,
CS-PPM-000544,Vodafone Idea Limited,VI Store (Parvatpatiya - Surat),Above SD-3,2024-11-15,AYAZ MAKRANI,2024-11-19,Assigned,,,,,,,,,,,,,,,,,,
CS-PPM-000540,Vodafone Idea Limited,VI Store (Parvatpatiya - Surat),Above SD-4,2024-11-15,AYAZ MAKRANI,2024-11-19,Assigned,,,,,,,,,,,,,,,,,,
CS-PPM-000536,Vodafone Idea Limited,VI Store (Parvatpatiya - Surat),Above SD-5,2024-11-15,AYAZ MAKRANI,2024-11-19,Assigned,,,,,,,,,,,,,,,,,,
CS-PPM-000532,Vodafone Idea Limited,VI Store (Parvatpatiya - Surat),Above SD-6,2024-11-15,AYAZ MAKRANI,2024-11-19,Assigned,,,,,,,,,,,,,,,,,,
CS-PPM-000528,Vodafone Idea Limited,VI Store (Parvatpatiya - Surat),Above SD-7,2024-11-15,AYAZ MAKRANI,2024-11-19,Assigned,,,,,,,,,,,,,,,,,,
CS-PPM-000524,Vodafone Idea Limited,VI Store (Parvatpatiya - Surat),Above SD-8,2024-11-15,AYAZ MAKRANI,2024-11-19,Assigned,,,,,,,,,,,,,,,,,,
CS-PPM-000520,Vodafone Idea Limited,VI Store (Parvatpatiya - Surat),Above SD-9,2024-11-15,AYAZ MAKRANI,2024-11-19,Assigned,,,,,,,,,,,,,,,,,,
CS-PPM-000516,Vodafone Idea Limited,VI Store (Parvatpatiya - Surat),Above SD-10,2024-11-15,AYAZ MAKRANI,2024-11-19,Assigned,,,,,,,,,,,,,,,,,,
CS-PPM-000512,Vodafone Idea Limited,VI Store (Parvatpatiya - Surat),Above SD-11,2024-11-15,AYAZ MAKRANI,2024-11-19,Assigned,,,,,,,,,,,,,,,,,,
CS-PPM-000508,Vodafone Idea Limited,VI Store (Parvatpatiya - Surat),Below SD-1,2024-11-15,AYAZ MAKRANI,2024-11-19,Assigned,,,,,,,,,,,,,,,,,,
CS-PPM-000504,Vodafone Idea Limited,VI Store (Parvatpatiya - Surat),Below SD-2,2024-11-15,AYAZ MAKRANI,2024-11-19,Assigned,,,,,,,,,,,,,,,,,,
CS-PPM-000500,Vodafone Idea Limited,VI Store (Parvatpatiya - Surat),Below SD-3,2024-11-15,AYAZ MAKRANI,2024-11-19,Assigned,,,,,,,,,,,,,,,,,,
CS-PPM-000496,Vodafone Idea Limited,VI Store (Parvatpatiya - Surat),Below SD-4,2024-11-15,AYAZ MAKRANI,2024-11-19,Assigned,,,,,,,,,,,,,,,,,,
CS-PPM-000492,Vodafone Idea Limited,VI Store (Parvatpatiya - Surat),Below SD-5,2024-11-15,AYAZ MAKRANI,2024-11-19,Assigned,,,,,,,,,,,,,,,,,,
CS-PPM-000488,Vodafone Idea Limited,VI Store (Parvatpatiya - Surat),Below SD-6,2024-11-15,AYAZ MAKRANI,2024-11-19,Assigned,,,,,,,,,,,,,,,,,,
CS-PPM-000484,Vodafone Idea Limited,VI Store (Parvatpatiya - Surat),Below SD-7,2024-11-15,AYAZ MAKRANI,2024-11-19,Assigned,,,,,,,,,,,,,,,,,,
CS-PPM-000480,Vodafone Idea Limited,VI Store (Parvatpatiya - Surat),Below SD-8,2024-11-15,AYAZ MAKRANI,2024-11-19,Assigned,,,,,,,,,,,,,,,,,,
CS-PPM-000476,Vodafone Idea Limited,VI Store (Parvatpatiya - Surat),Below SD-9,2024-11-15,AYAZ MAKRANI,2024-11-19,Assigned,,,,,,,,,,,,,,,,,,
CS-PPM-000472,Vodafone Idea Limited,VI Store (Parvatpatiya - Surat),Below SD-10,2024-11-15,AYAZ MAKRANI,2024-11-19,Assigned,,,,,,,,,,,,,,,,,,
CS-PPM-000468,Vodafone Idea Limited,VI Store (Parvatpatiya - Surat),Below SD-11,2024-11-15,AYAZ MAKRANI,2024-11-19,Assigned,,,,,,,,,,,,,,,,,,
CS-PPM-000464,Vodafone Idea Limited,VI Store (Parvatpatiya - Surat),MCP-1,2024-11-15,AYAZ MAKRANI,2024-11-19,Assigned,,,,,,,,,,,,,,,,,,
CS-PPM-000460,Vodafone Idea Limited,VI Store (Parvatpatiya - Surat),RI-1,2024-11-15,AYAZ MAKRANI,2024-11-19,Assigned,,,,,,,,,,,,,,,,,,
CS-PPM-000456,Vodafone Idea Limited,VI Store (Parvatpatiya - Surat),RI-2,2024-11-15,AYAZ MAKRANI,2024-11-19,Assigned,,,,,,,,,,,,,,,,,,
CS-PPM-000452,Vodafone Idea Limited,VI Store (Parvatpatiya - Surat),RI-3,2024-11-15,AYAZ MAKRANI,2024-11-19,Assigned,,,,,,,,,,,,,,,,,,
CS-PPM-000448,Vodafone Idea Limited,VI Store (Parvatpatiya - Surat),RI-4,2024-11-15,AYAZ MAKRANI,2024-11-19,Assigned,,,,,,,,,,,,,,,,,,
CS-PPM-000444,Vodafone Idea Limited,VI Store (Parvatpatiya - Surat),RI-5,2024-11-15,AYAZ MAKRANI,2024-11-19,Assigned,,,,,,,,,,,,,,,,,,
CS-PPM-000440,Vodafone Idea Limited,VI Store (Parvatpatiya - Surat),RI-6,2024-11-15,AYAZ MAKRANI,2024-11-19,Assigned,,,,,,,,,,,,,,,,,,
CS-PPM-000436,Vodafone Idea Limited,VI Store (Parvatpatiya - Surat),RI-7,2024-11-15,AYAZ MAKRANI,2024-11-19,Assigned,,,,,,,,,,,,,,,,,,
CS-PPM-000432,Vodafone Idea Limited,VI Store (Parvatpatiya - Surat),RI-8,2024-11-15,AYAZ MAKRANI,2024-11-19,Assigned,,,,,,,,,,,,,,,,,,
CS-PPM-000428,Vodafone Idea Limited,VI Store (Parvatpatiya - Surat),RI-9,2024-11-15,AYAZ MAKRANI,2024-11-19,Assigned,,,,,,,,,,,,,,,,,,
CS-PPM-000424,Vodafone Idea Limited,VI Store (Parvatpatiya - Surat),RI-10,2024-11-15,AYAZ MAKRANI,2024-11-19,Assigned,,,,,,,,,,,,,,,,,,
CS-PPM-000420,Vodafone Idea Limited,VI Store (Parvatpatiya - Surat),RI-11,2024-11-15,AYAZ MAKRANI,2024-11-19,Assigned,,,,,,,,,,,,,,,,,,
CS-PPM-000416,Vodafone Idea Limited,VI Store (Parvatpatiya - Surat),Hooter-1,2024-11-15,AYAZ MAKRANI,2024-11-19,Assigned,,,,,,,,,,,,,,,,,,
CS-PPM-000412,Vodafone Idea Limited,VI Store (Randher - Surat),Split AC,2024-11-15,AYAZ MAKRANI,2024-11-19,Assigned,,,,,,,,,,,,,,,,,,
CS-PPM-000408,Vodafone Idea Limited,VI Store (Randher - Surat),Cassette AC,2024-11-15,AYAZ MAKRANI,2024-11-19,Assigned,,,,,,,,,,,,,,,,,,
CS-PPM-000404,Vodafone Idea Limited,VI Store (Randher - Surat),CCTV,2024-11-15,AYAZ MAKRANI,2024-11-19,Assigned,,,,,,,,,,,,,,,,,,
CS-PPM-000400,Vodafone Idea Limited,VI Store (Randher - Surat),Hooter-1,2024-11-15,AYAZ MAKRANI,2024-11-19,Assigned,,,,,,,,,,,,,,,,,,
CS-PPM-000396,Vodafone Idea Limited,VI Store (Randher - Surat),RI-9,2024-11-15,AYAZ MAKRANI,2024-11-19,Assigned,,,,,,,,,,,,,,,,,,
CS-PPM-000392,Vodafone Idea Limited,VI Store (Randher - Surat),RI-8,2024-11-15,AYAZ MAKRANI,2024-11-19,Assigned,,,,,,,,,,,,,,,,,,
CS-PPM-000388,Vodafone Idea Limited,VI Store (Randher - Surat),RI-7,2024-11-15,AYAZ MAKRANI,2024-11-19,Assigned,,,,,,,,,,,,,,,,,,
CS-PPM-000384,Vodafone Idea Limited,VI Store (Randher - Surat),Fire Panel-1,2024-11-15,AYAZ MAKRANI,2024-11-19,Assigned,,,,,,,,,,,,,,,,,,
CS-PPM-000380,Vodafone Idea Limited,VI Store (Randher - Surat),Above SD-1,2024-11-15,AYAZ MAKRANI,2024-11-19,Assigned,,,,,,,,,,,,,,,,,,
CS-PPM-000376,Vodafone Idea Limited,VI Store (Randher - Surat),Above SD-2,2024-11-15,AYAZ MAKRANI,2024-11-19,Assigned,,,,,,,,,,,,,,,,,,
CS-PPM-000372,Vodafone Idea Limited,VI Store (Randher - Surat),Above SD-3,2024-11-15,AYAZ MAKRANI,2024-11-19,Assigned,,,,,,,,,,,,,,,,,,
CS-PPM-000368,Vodafone Idea Limited,VI Store (Randher - Surat),Above SD-4,2024-11-15,AYAZ MAKRANI,2024-11-19,Assigned,,,,,,,,,,,,,,,,,,
CS-PPM-000364,Vodafone Idea Limited,VI Store (Randher - Surat),Above SD-5,2024-11-15,AYAZ MAKRANI,2024-11-19,Assigned,,,,,,,,,,,,,,,,,,
CS-PPM-000360,Vodafone Idea Limited,VI Store (Randher - Surat),Above SD-6,2024-11-15,AYAZ MAKRANI,2024-11-19,Assigned,,,,,,,,,,,,,,,,,,
CS-PPM-000356,Vodafone Idea Limited,VI Store (Randher - Surat),Above SD-7,2024-11-15,AYAZ MAKRANI,2024-11-19,Assigned,,,,,,,,,,,,,,,,,,
CS-PPM-000352,Vodafone Idea Limited,VI Store (Randher - Surat),Above SD-8,2024-11-15,AYAZ MAKRANI,2024-11-19,Assigned,,,,,,,,,,,,,,,,,,
CS-PPM-000348,Vodafone Idea Limited,VI Store (Randher - Surat),Above SD-9,2024-11-15,AYAZ MAKRANI,2024-11-19,Assigned,,,,,,,,,,,,,,,,,,
CS-PPM-000344,Vodafone Idea Limited,VI Store (Randher - Surat),Below SD-1,2024-11-15,AYAZ MAKRANI,2024-11-19,Assigned,,,,,,,,,,,,,,,,,,
CS-PPM-000340,Vodafone Idea Limited,VI Store (Randher - Surat),Below SD-2,2024-11-15,AYAZ MAKRANI,2024-11-19,Assigned,,,,,,,,,,,,,,,,,,
CS-PPM-000336,Vodafone Idea Limited,VI Store (Randher - Surat),Below SD-3,2024-11-15,AYAZ MAKRANI,2024-11-19,Assigned,,,,,,,,,,,,,,,,,,
CS-PPM-000332,Vodafone Idea Limited,VI Store (Randher - Surat),Below SD-4,2024-11-15,AYAZ MAKRANI,2024-11-19,Assigned,,,,,,,,,,,,,,,,,,
CS-PPM-000328,Vodafone Idea Limited,VI Store (Randher - Surat),Below SD-5,2024-11-15,AYAZ MAKRANI,2024-11-19,Assigned,,,,,,,,,,,,,,,,,,
CS-PPM-000324,Vodafone Idea Limited,VI Store (Randher - Surat),Below SD-6,2024-11-15,AYAZ MAKRANI,2024-11-19,Assigned,,,,,,,,,,,,,,,,,,
CS-PPM-000320,Vodafone Idea Limited,VI Store (Randher - Surat),Below SD-7,2024-11-15,AYAZ MAKRANI,2024-11-19,Assigned,,,,,,,,,,,,,,,,,,
CS-PPM-000316,Vodafone Idea Limited,VI Store (Randher - Surat),Below SD-8,2024-11-15,AYAZ MAKRANI,2024-11-19,Assigned,,,,,,,,,,,,,,,,,,
CS-PPM-000312,Vodafone Idea Limited,VI Store (Randher - Surat),Below SD-9,2024-11-15,AYAZ MAKRANI,2024-11-19,Assigned,,,,,,,,,,,,,,,,,,
CS-PPM-000308,Vodafone Idea Limited,VI Store (Randher - Surat),MCP-1,2024-11-15,AYAZ MAKRANI,2024-11-19,Assigned,,,,,,,,,,,,,,,,,,
CS-PPM-000304,Vodafone Idea Limited,VI Store (Randher - Surat),RI-1,2024-11-15,AYAZ MAKRANI,2024-11-19,Assigned,,,,,,,,,,,,,,,,,,
CS-PPM-000300,Vodafone Idea Limited,VI Store (Randher - Surat),RI-2,2024-11-15,AYAZ MAKRANI,2024-11-19,Assigned,,,,,,,,,,,,,,,,,,
CS-PPM-000296,Vodafone Idea Limited,VI Store (Randher - Surat),RI-3,2024-11-15,AYAZ MAKRANI,2024-11-19,Assigned,,,,,,,,,,,,,,,,,,
CS-PPM-000292,Vodafone Idea Limited,VI Store (Randher - Surat),RI-4,2024-11-15,AYAZ MAKRANI,2024-11-19,Assigned,,,,,,,,,,,,,,,,,,
CS-PPM-000288,Vodafone Idea Limited,VI Store (Randher - Surat),RI-5,2024-11-15,AYAZ MAKRANI,2024-11-19,Assigned,,,,,,,,,,,,,,,,,,
CS-PPM-000284,Vodafone Idea Limited,VI Store (Randher - Surat),RI-6,2024-11-15,AYAZ MAKRANI,2024-11-19,Assigned,,,,,,,,,,,,,,,,,,
CS-PPM-004108,Vodafone Idea Limited,VI Store(Adajan- Surat),Fire Safety,2024-11-15,Karan Kumar Kanoujiya,2024-11-19,Assigned,,,,,,,,,,,,,,,,,,
CS-PPM-004104,Vodafone Idea Limited,VI Store(Adajan- Surat),CCTV,2024-11-15,Karan Kumar Kanoujiya,2024-11-19,Assigned,,,,,,,,,,,,,,,,,,
CS-PPM-004100,Vodafone Idea Limited,VI Store(Adajan- Surat),Fire Safety,2024-11-15,Karan Kumar Kanoujiya,2024-11-19,Assigned,,,,,,,,,,,,,,,,,,
CS-PPM-004096,Vodafone Idea Limited,VI Store(Adajan- Surat),Hooter-1,2024-11-15,Karan Kumar Kanoujiya,2024-11-19,Assigned,,,,,,,,,,,,,,,,,,
CS-PPM-004092,Vodafone Idea Limited,VI Store(Adajan- Surat),RI-8,2024-11-15,Karan Kumar Kanoujiya,2024-11-19,Assigned,,,,,,,,,,,,,,,,,,
CS-PPM-004088,Vodafone Idea Limited,VI Store(Adajan- Surat),RI-7,2024-11-15,Karan Kumar Kanoujiya,2024-11-19,Assigned,,,,,,,,,,,,,,,,,,
CS-PPM-004084,Vodafone Idea Limited,VI Store(Adajan- Surat),RI-6,2024-11-15,Karan Kumar Kanoujiya,2024-11-19,Assigned,,,,,,,,,,,,,,,,,,
CS-PPM-004080,Vodafone Idea Limited,VI Store(Adajan- Surat),RI-5,2024-11-15,Karan Kumar Kanoujiya,2024-11-19,Assigned,,,,,,,,,,,,,,,,,,
CS-PPM-004076,Vodafone Idea Limited,VI Store(Adajan- Surat),RI-4,2024-11-15,Karan Kumar Kanoujiya,2024-11-19,Assigned,,,,,,,,,,,,,,,,,,
CS-PPM-004072,Vodafone Idea Limited,VI Store(Adajan- Surat),RI-3,2024-11-15,Karan Kumar Kanoujiya,2024-11-19,Assigned,,,,,,,,,,,,,,,,,,
CS-PPM-004068,Vodafone Idea Limited,VI Store(Adajan- Surat),RI-2,2024-11-15,Karan Kumar Kanoujiya,2024-11-19,Assigned,,,,,,,,,,,,,,,,,,
CS-PPM-004064,Vodafone Idea Limited,VI Store(Adajan- Surat),RI-1,2024-11-15,Karan Kumar Kanoujiya,2024-11-19,Assigned,,,,,,,,,,,,,,,,,,
CS-PPM-004060,Vodafone Idea Limited,VI Store(Adajan- Surat),MCP-1,2024-11-15,Karan Kumar Kanoujiya,2024-11-19,Assigned,,,,,,,,,,,,,,,,,,
CS-PPM-004056,Vodafone Idea Limited,VI Store(Adajan- Surat),Below SD-8,2024-11-15,Karan Kumar Kanoujiya,2024-11-19,Assigned,,,,,,,,,,,,,,,,,,
CS-PPM-004052,Vodafone Idea Limited,VI Store(Adajan- Surat),Below SD-7,2024-11-15,Karan Kumar Kanoujiya,2024-11-19,Assigned,,,,,,,,,,,,,,,,,,
CS-PPM-004048,Vodafone Idea Limited,VI Store(Adajan- Surat),Below SD-6,2024-11-15,Karan Kumar Kanoujiya,2024-11-19,Assigned,,,,,,,,,,,,,,,,,,
CS-PPM-004044,Vodafone Idea Limited,VI Store(Adajan- Surat),Below SD-5,2024-11-15,Karan Kumar Kanoujiya,2024-11-19,Assigned,,,,,,,,,,,,,,,,,,
CS-PPM-004040,Vodafone Idea Limited,VI Store(Adajan- Surat),Below SD-4,2024-11-15,Karan Kumar Kanoujiya,2024-11-19,Assigned,,,,,,,,,,,,,,,,,,
CS-PPM-004036,Vodafone Idea Limited,VI Store(Adajan- Surat),Below SD-3,2024-11-15,Karan Kumar Kanoujiya,2024-11-19,Assigned,,,,,,,,,,,,,,,,,,
CS-PPM-004032,Vodafone Idea Limited,VI Store(Adajan- Surat),Below SD-2,2024-11-15,Karan Kumar Kanoujiya,2024-11-19,Assigned,,,,,,,,,,,,,,,,,,
CS-PPM-004028,Vodafone Idea Limited,VI Store(Adajan- Surat),Below SD-1,2024-11-15,Karan Kumar Kanoujiya,2024-11-19,Assigned,,,,,,,,,,,,,,,,,,
CS-PPM-004024,Vodafone Idea Limited,VI Store(Adajan- Surat),Above SD-7,2024-11-15,Karan Kumar Kanoujiya,2024-11-19,Assigned,,,,,,,,,,,,,,,,,,
CS-PPM-004020,Vodafone Idea Limited,VI Store(Adajan- Surat),Above SD-6,2024-11-15,Karan Kumar Kanoujiya,2024-11-19,Assigned,,,,,,,,,,,,,,,,,,
CS-PPM-004016,Vodafone Idea Limited,VI Store(Adajan- Surat),Above SD-5,2024-11-15,Karan Kumar Kanoujiya,2024-11-19,Assigned,,,,,,,,,,,,,,,,,,
CS-PPM-004012,Vodafone Idea Limited,VI Store(Adajan- Surat),Above SD-2,2024-11-15,Karan Kumar Kanoujiya,2024-11-19,Assigned,,,,,,,,,,,,,,,,,,
CS-PPM-004008,Vodafone Idea Limited,VI Store(Adajan- Surat),Above SD-1,2024-11-15,Karan Kumar Kanoujiya,2024-11-19,Assigned,,,,,,,,,,,,,,,,,,
CS-PPM-004004,Vodafone Idea Limited,VI Store(Adajan- Surat),Fire Panel-1,2024-11-15,Karan Kumar Kanoujiya,2024-11-19,Assigned,,,,,,,,,,,,,,,,,,
CS-PPM-003928,Vodafone Idea Limited,VI Store (Hirabaug Varachha 2 - Surat),RI-9,2024-11-15,Karan Kumar Kanoujiya,2024-11-19,Assigned,,,,,,,,,,,,,,,,,,
CS-PPM-003924,Vodafone Idea Limited,VI Store (Hirabaug Varachha 2 - Surat),RI-8,2024-11-15,Karan Kumar Kanoujiya,2024-11-19,Assigned,,,,,,,,,,,,,,,,,,
CS-PPM-003920,Vodafone Idea Limited,VI Store (Hirabaug Varachha 2 - Surat),RI-7,2024-11-15,Karan Kumar Kanoujiya,2024-11-19,Assigned,,,,,,,,,,,,,,,,,,
CS-PPM-003916,Vodafone Idea Limited,VI Store (Hirabaug Varachha 2 - Surat),RI-6,2024-11-15,Karan Kumar Kanoujiya,2024-11-19,Assigned,,,,,,,,,,,,,,,,,,
CS-PPM-003912,Vodafone Idea Limited,VI Store (Hirabaug Varachha 2 - Surat),RI-5,2024-11-15,Karan Kumar Kanoujiya,2024-11-19,Assigned,,,,,,,,,,,,,,,,,,
CS-PPM-003908,Vodafone Idea Limited,VI Store (Hirabaug Varachha 2 - Surat),RI-4,2024-11-15,Karan Kumar Kanoujiya,2024-11-19,Assigned,,,,,,,,,,,,,,,,,,
CS-PPM-003904,Vodafone Idea Limited,VI Store (Hirabaug Varachha 2 - Surat),RI-3,2024-11-15,Karan Kumar Kanoujiya,2024-11-19,Assigned,,,,,,,,,,,,,,,,,,
CS-PPM-003900,Vodafone Idea Limited,VI Store (Hirabaug Varachha 2 - Surat),RI-2,2024-11-15,Karan Kumar Kanoujiya,2024-11-19,Assigned,,,,,,,,,,,,,,,,,,
CS-PPM-003896,Vodafone Idea Limited,VI Store (Hirabaug Varachha 2 - Surat),RI-1,2024-11-15,Karan Kumar Kanoujiya,2024-11-19,Assigned,,,,,,,,,,,,,,,,,,
CS-PPM-003892,Vodafone Idea Limited,VI Store (Hirabaug Varachha 2 - Surat),MCP-1,2024-11-15,Karan Kumar Kanoujiya,2024-11-19,Assigned,,,,,,,,,,,,,,,,,,
CS-PPM-003888,Vodafone Idea Limited,VI Store (Hirabaug Varachha 2 - Surat),Below SD-11,2024-11-15,Karan Kumar Kanoujiya,2024-11-19,Assigned,,,,,,,,,,,,,,,,,,
CS-PPM-003884,Vodafone Idea Limited,VI Store (Hirabaug Varachha 2 - Surat),Below SD-10,2024-11-15,Karan Kumar Kanoujiya,2024-11-19,Assigned,,,,,,,,,,,,,,,,,,
CS-PPM-003880,Vodafone Idea Limited,VI Store (Hirabaug Varachha 2 - Surat),Below SD-9,2024-11-15,Karan Kumar Kanoujiya,2024-11-19,Assigned,,,,,,,,,,,,,,,,,,
CS-PPM-003876,Vodafone Idea Limited,VI Store (Hirabaug Varachha 2 - Surat),Below SD-8,2024-11-15,Karan Kumar Kanoujiya,2024-11-19,Assigned,,,,,,,,,,,,,,,,,,
CS-PPM-003872,Vodafone Idea Limited,VI Store (Hirabaug Varachha 2 - Surat),Below SD-7,2024-11-15,Karan Kumar Kanoujiya,2024-11-19,Assigned,,,,,,,,,,,,,,,,,,
CS-PPM-003868,Vodafone Idea Limited,VI Store (Hirabaug Varachha 2 - Surat),Below SD-6,2024-11-15,Karan Kumar Kanoujiya,2024-11-19,Assigned,,,,,,,,,,,,,,,,,,
CS-PPM-003864,Vodafone Idea Limited,VI Store (Hirabaug Varachha 2 - Surat),Below SD-5,2024-11-15,Karan Kumar Kanoujiya,2024-11-19,Assigned,,,,,,,,,,,,,,,,,,
CS-PPM-003860,Vodafone Idea Limited,VI Store (Hirabaug Varachha 2 - Surat),Below SD-4,2024-11-15,Karan Kumar Kanoujiya,2024-11-19,Assigned,,,,,,,,,,,,,,,,,,
CS-PPM-003856,Vodafone Idea Limited,VI Store (Hirabaug Varachha 2 - Surat),Below SD-3,2024-11-15,Karan Kumar Kanoujiya,2024-11-19,Assigned,,,,,,,,,,,,,,,,,,
CS-PPM-003852,Vodafone Idea Limited,VI Store (Hirabaug Varachha 2 - Surat),Below SD-2,2024-11-15,Karan Kumar Kanoujiya,2024-11-19,Assigned,,,,,,,,,,,,,,,,,,
CS-PPM-003848,Vodafone Idea Limited,VI Store (Hirabaug Varachha 2 - Surat),Below SD-1,2024-11-15,Karan Kumar Kanoujiya,2024-11-19,Assigned,,,,,,,,,,,,,,,,,,
CS-PPM-003844,Vodafone Idea Limited,VI Store (Hirabaug Varachha 2 - Surat),Above SD-11,2024-11-15,Karan Kumar Kanoujiya,2024-11-19,Assigned,,,,,,,,,,,,,,,,,,
CS-PPM-003840,Vodafone Idea Limited,VI Store (Hirabaug Varachha 2 - Surat),Above SD-10,2024-11-15,Karan Kumar Kanoujiya,2024-11-19,Assigned,,,,,,,,,,,,,,,,,,
CS-PPM-003836,Vodafone Idea Limited,VI Store (Hirabaug Varachha 2 - Surat),Above SD-9,2024-11-15,Karan Kumar Kanoujiya,2024-11-19,Assigned,,,,,,,,,,,,,,,,,,
CS-PPM-003832,Vodafone Idea Limited,VI Store (Hirabaug Varachha 2 - Surat),Above SD-8,2024-11-15,Karan Kumar Kanoujiya,2024-11-19,Assigned,,,,,,,,,,,,,,,,,,
CS-PPM-003828,Vodafone Idea Limited,VI Store (Hirabaug Varachha 2 - Surat),Above SD-7,2024-11-15,Karan Kumar Kanoujiya,2024-11-19,Assigned,,,,,,,,,,,,,,,,,,
CS-PPM-003824,Vodafone Idea Limited,VI Store (Hirabaug Varachha 2 - Surat),Above SD-6,2024-11-15,Karan Kumar Kanoujiya,2024-11-19,Assigned,,,,,,,,,,,,,,,,,,
CS-PPM-003820,Vodafone Idea Limited,VI Store (Hirabaug Varachha 2 - Surat),Above SD-5,2024-11-15,Karan Kumar Kanoujiya,2024-11-19,Assigned,,,,,,,,,,,,,,,,,,
CS-PPM-003816,Vodafone Idea Limited,VI Store (Hirabaug Varachha 2 - Surat),Above SD-4,2024-11-15,Karan Kumar Kanoujiya,2024-11-19,Assigned,,,,,,,,,,,,,,,,,,
CS-PPM-003812,Vodafone Idea Limited,VI Store (Hirabaug Varachha 2 - Surat),Above SD-3,2024-11-15,Karan Kumar Kanoujiya,2024-11-19,Assigned,,,,,,,,,,,,,,,,,,
CS-PPM-003808,Vodafone Idea Limited,VI Store (Hirabaug Varachha 2 - Surat),Above SD-2,2024-11-15,Karan Kumar Kanoujiya,2024-11-19,Assigned,,,,,,,,,,,,,,,,,,
CS-PPM-003804,Vodafone Idea Limited,VI Store (Hirabaug Varachha 2 - Surat),Above SD-1,2024-11-15,Karan Kumar Kanoujiya,2024-11-19,Assigned,,,,,,,,,,,,,,,,,,
CS-PPM-003800,Vodafone Idea Limited,VI Store (Hirabaug Varachha 2 - Surat),Fire Panel-1,2024-11-15,Karan Kumar Kanoujiya,2024-11-19,Assigned,,,,,,,,,,,,,,,,,,
CS-PPM-003664,Vodafone Idea Limited,VI Store (Sarthana - Surat),Split AC - 1TR,2024-11-15,Karan Kumar Kanoujiya,2024-11-19,Assigned,,,,,,,,,,,,,,,,,,
CS-PPM-003660,Vodafone Idea Limited,VI Store (Sarthana - Surat),CASSETTE AC - 2 TR,2024-11-15,Karan Kumar Kanoujiya,2024-11-19,Assigned,,,,,,,,,,,,,,,,,,
CS-PPM-003656,Vodafone Idea Limited,VI Store (Sarthana - Surat),CCTV,2024-11-15,Karan Kumar Kanoujiya,2024-11-19,Assigned,,,,,,,,,,,,,,,,,,
CS-PPM-003652,Vodafone Idea Limited,VI Store (Sarthana - Surat),Hooter-1,2024-11-15,Karan Kumar Kanoujiya,2024-11-19,Assigned,,,,,,,,,,,,,,,,,,
CS-PPM-003648,Vodafone Idea Limited,VI Store (Sarthana - Surat),RI-9,2024-11-15,Karan Kumar Kanoujiya,2024-11-19,Assigned,,,,,,,,,,,,,,,,,,
CS-PPM-003644,Vodafone Idea Limited,VI Store (Sarthana - Surat),RI-8,2024-11-15,Karan Kumar Kanoujiya,2024-11-19,Assigned,,,,,,,,,,,,,,,,,,
CS-PPM-003640,Vodafone Idea Limited,VI Store (Sarthana - Surat),RI-7,2024-11-15,Karan Kumar Kanoujiya,2024-11-19,Assigned,,,,,,,,,,,,,,,,,,
CS-PPM-003636,Vodafone Idea Limited,VI Store (Sarthana - Surat),RI-6,2024-11-15,Karan Kumar Kanoujiya,2024-11-19,Assigned,,,,,,,,,,,,,,,,,,
CS-PPM-003632,Vodafone Idea Limited,VI Store (Sarthana - Surat),RI-5,2024-11-15,Karan Kumar Kanoujiya,2024-11-19,Assigned,,,,,,,,,,,,,,,,,,
CS-PPM-003628,Vodafone Idea Limited,VI Store (Sarthana - Surat),RI-4,2024-11-15,Karan Kumar Kanoujiya,2024-11-19,Assigned,,,,,,,,,,,,,,,,,,
CS-PPM-003624,Vodafone Idea Limited,VI Store (Sarthana - Surat),RI-3,2024-11-15,Karan Kumar Kanoujiya,2024-11-19,Assigned,,,,,,,,,,,,,,,,,,
CS-PPM-003620,Vodafone Idea Limited,VI Store (Sarthana - Surat),RI-2,2024-11-15,Karan Kumar Kanoujiya,2024-11-19,Assigned,,,,,,,,,,,,,,,,,,
CS-PPM-003616,Vodafone Idea Limited,VI Store (Sarthana - Surat),RI-1,2024-11-15,Karan Kumar Kanoujiya,2024-11-19,Assigned,,,,,,,,,,,,,,,,,,
CS-PPM-003612,Vodafone Idea Limited,VI Store (Sarthana - Surat),MCP-1,2024-11-15,Karan Kumar Kanoujiya,2024-11-19,Assigned,,,,,,,,,,,,,,,,,,
CS-PPM-003608,Vodafone Idea Limited,VI Store (Sarthana - Surat),Below SD-9,2024-11-15,Karan Kumar Kanoujiya,2024-11-19,Assigned,,,,,,,,,,,,,,,,,,
CS-PPM-003604,Vodafone Idea Limited,VI Store (Sarthana - Surat),Below SD-8,2024-11-15,Karan Kumar Kanoujiya,2024-11-19,Assigned,,,,,,,,,,,,,,,,,,
CS-PPM-003600,Vodafone Idea Limited,VI Store (Sarthana - Surat),Below SD-7,2024-11-15,Karan Kumar Kanoujiya,2024-11-19,Assigned,,,,,,,,,,,,,,,,,,
CS-PPM-003596,Vodafone Idea Limited,VI Store (Sarthana - Surat),Below SD-6,2024-11-15,Karan Kumar Kanoujiya,2024-11-19,Assigned,,,,,,,,,,,,,,,,,,
CS-PPM-003592,Vodafone Idea Limited,VI Store (Sarthana - Surat),Below SD-5,2024-11-15,Karan Kumar Kanoujiya,2024-11-19,Assigned,,,,,,,,,,,,,,,,,,
CS-PPM-003588,Vodafone Idea Limited,VI Store (Sarthana - Surat),Below SD-4,2024-11-15,Karan Kumar Kanoujiya,2024-11-19,Assigned,,,,,,,,,,,,,,,,,,
CS-PPM-003584,Vodafone Idea Limited,VI Store (Sarthana - Surat),Below SD-3,2024-11-15,Karan Kumar Kanoujiya,2024-11-19,Assigned,,,,,,,,,,,,,,,,,,
CS-PPM-003580,Vodafone Idea Limited,VI Store (Sarthana - Surat),Below SD-2,2024-11-15,Karan Kumar Kanoujiya,2024-11-19,Assigned,,,,,,,,,,,,,,,,,,
CS-PPM-003576,Vodafone Idea Limited,VI Store (Sarthana - Surat),Below SD-1,2024-11-15,Karan Kumar Kanoujiya,2024-11-19,Assigned,,,,,,,,,,,,,,,,,,
CS-PPM-003572,Vodafone Idea Limited,VI Store (Sarthana - Surat),Above SD-9,2024-11-15,Karan Kumar Kanoujiya,2024-11-19,Assigned,,,,,,,,,,,,,,,,,,
CS-PPM-003568,Vodafone Idea Limited,VI Store (Sarthana - Surat),Above SD-8,2024-11-15,Karan Kumar Kanoujiya,2024-11-19,Assigned,,,,,,,,,,,,,,,,,,
CS-PPM-003564,Vodafone Idea Limited,VI Store (Sarthana - Surat),Above SD-7,2024-11-15,Karan Kumar Kanoujiya,2024-11-19,Assigned,,,,,,,,,,,,,,,,,,
CS-PPM-003560,Vodafone Idea Limited,VI Store (Sarthana - Surat),Above SD-6,2024-11-15,Karan Kumar Kanoujiya,2024-11-19,Assigned,,,,,,,,,,,,,,,,,,
CS-PPM-003556,Vodafone Idea Limited,VI Store (Sarthana - Surat),Above SD-5,2024-11-15,Karan Kumar Kanoujiya,2024-11-19,Assigned,,,,,,,,,,,,,,,,,,
CS-PPM-003552,Vodafone Idea Limited,VI Store (Sarthana - Surat),Above SD-4,2024-11-15,Karan Kumar Kanoujiya,2024-11-19,Assigned,,,,,,,,,,,,,,,,,,
CS-PPM-003548,Vodafone Idea Limited,VI Store (Sarthana - Surat),Above SD-3,2024-11-15,Karan Kumar Kanoujiya,2024-11-19,Assigned,,,,,,,,,,,,,,,,,,
,,,,,,,,,,,,,,,,,,,,,,,,,
CS-PPM-006740,Vodafone Idea Limited,VI Store (Veraval),Fire Safety,2024-11-30,AYAZ MAKRANI,2024-12-12,Assigned,,,,,,,,,,,,,,,,,,
CS-PPM-006736,Vodafone Idea Limited,VI Store (Veraval),CCTV,2024-11-30,AYAZ MAKRANI,2024-12-12,Assigned,,,,,,,,,,,,,,,,,,
CS-PPM-006724,Vodafone Idea Limited,VI Store (Surendranagar - Rajkot),Fire Safety,2024-11-30,AYAZ MAKRANI,2024-12-12,Assigned,,,,,,,,,,,,,,,,,,
CS-PPM-006720,Vodafone Idea Limited,VI Store (Surendranagar - Rajkot),CCTV,2024-11-30,AYAZ MAKRANI,2024-12-12,Assigned,,,,,,,,,,,,,,,,,,
CS-PPM-006700,Vodafone Idea Limited,VI Store (Nadiad - Ahmedabad),Fire Safety,2024-11-30,AYAZ MAKRANI,2024-12-12,Assigned,,,,,,,,,,,,,,,,,,
CS-PPM-006696,Vodafone Idea Limited,VI Store (Nadiad - Ahmedabad),CCTV,2024-11-30,AYAZ MAKRANI,2024-12-12,Assigned,,,,,,,,,,,,,,,,,,
CS-PPM-006676,Vodafone Idea Limited,VI Store (Himmatnagar),Fire Safety,2024-11-30,AYAZ MAKRANI,2024-12-12,Assigned,,,,,,,,,,,,,,,,,,
CS-PPM-006672,Vodafone Idea Limited,VI Store (Himmatnagar),CCTV,2024-11-30,AYAZ MAKRANI,2024-12-12,Assigned,,,,,,,,,,,,,,,,,,
CS-PPM-006660,Vodafone Idea Limited,VI Store (Godhra - Baroda),CCTV,2024-11-30,AYAZ MAKRANI,2024-12-12,Assigned,,,,,,,,,,,,,,,,,,
CS-PPM-006656,Vodafone Idea Limited,VI Store (Godhra - Baroda),Fire Safety,2024-11-30,AYAZ MAKRANI,2024-12-12,Assigned,,,,,,,,,,,,,,,,,,
CS-PPM-006636,Vodafone Idea Limited,VI Store (Bhavnagar),CCTV,2024-11-30,AYAZ MAKRANI,2024-12-12,Assigned,,,,,,,,,,,,,,,,,,
CS-PPM-006632,Vodafone Idea Limited,VI Store (Bhavnagar),Fire Safety,2024-11-30,AYAZ MAKRANI,2024-12-12,Assigned,,,,,,,,,,,,,,,,,,
CS-PPM-000928,Vodafone Idea Limited,VI Store (Mehsana - COCO),Split AC,2024-11-30,AYAZ MAKRANI,2024-12-12,Assigned,,,,,,,,,,,,,,,,,,
CS-PPM-000924,Vodafone Idea Limited,VI Store (Mehsana - COCO),CCTV,2024-11-30,AYAZ MAKRANI,2024-12-12,Assigned,,,,,,,,,,,,,,,,,,
CS-PPM-000920,Vodafone Idea Limited,VI Store (Mehsana - COCO),Fire Panel-1,2024-11-30,AYAZ MAKRANI,2024-12-12,Assigned,,,,,,,,,,,,,,,,,,
CS-PPM-000916,Vodafone Idea Limited,VI Store (Mehsana - COCO),Below SD-1,2024-11-30,AYAZ MAKRANI,2024-12-12,Assigned,,,,,,,,,,,,,,,,,,
CS-PPM-000912,Vodafone Idea Limited,VI Store (Mehsana - COCO),Below SD-2,2024-11-30,AYAZ MAKRANI,2024-12-12,Assigned,,,,,,,,,,,,,,,,,,
CS-PPM-000908,Vodafone Idea Limited,VI Store (Mehsana - COCO),Below SD-3,2024-11-30,AYAZ MAKRANI,2024-12-12,Assigned,,,,,,,,,,,,,,,,,,
CS-PPM-000904,Vodafone Idea Limited,VI Store (Mehsana - COCO),Below SD-4,2024-11-30,AYAZ MAKRANI,2024-12-12,Assigned,,,,,,,,,,,,,,,,,,
CS-PPM-000900,Vodafone Idea Limited,VI Store (Mehsana - COCO),Below SD-5,2024-11-30,AYAZ MAKRANI,2024-12-12,Assigned,,,,,,,,,,,,,,,,,,
CS-PPM-000896,Vodafone Idea Limited,VI Store (Mehsana - COCO),Below SD-6,2024-11-30,AYAZ MAKRANI,2024-12-12,Assigned,,,,,,,,,,,,,,,,,,
CS-PPM-000892,Vodafone Idea Limited,VI Store (Mehsana - COCO),Below SD-7,2024-11-30,AYAZ MAKRANI,2024-12-12,Assigned,,,,,,,,,,,,,,,,,,
CS-PPM-000888,Vodafone Idea Limited,VI Store (Mehsana - COCO),Below SD-8,2024-11-30,AYAZ MAKRANI,2024-12-12,Assigned,,,,,,,,,,,,,,,,,,
CS-PPM-000884,Vodafone Idea Limited,VI Store (Mehsana - COCO),Below SD-9,2024-11-30,AYAZ MAKRANI,2024-12-12,Assigned,,,,,,,,,,,,,,,,,,
CS-PPM-000880,Vodafone Idea Limited,VI Store (Mehsana - COCO),Below SD-10,2024-11-30,AYAZ MAKRANI,2024-12-12,Assigned,,,,,,,,,,,,,,,,,,
CS-PPM-000876,Vodafone Idea Limited,VI Store (Mehsana - COCO),MCP-1,2024-11-30,AYAZ MAKRANI,2024-12-12,Assigned,,,,,,,,,,,,,,,,,,
CS-PPM-000872,Vodafone Idea Limited,VI Store (Mehsana - COCO),RI-1,2024-11-30,AYAZ MAKRANI,2024-12-12,Assigned,,,,,,,,,,,,,,,,,,
CS-PPM-000868,Vodafone Idea Limited,VI Store (Mehsana - COCO),RI-2,2024-11-30,AYAZ MAKRANI,2024-12-12,Assigned,,,,,,,,,,,,,,,,,,
CS-PPM-000864,Vodafone Idea Limited,VI Store (Mehsana - COCO),RI-3,2024-11-30,AYAZ MAKRANI,2024-12-12,Assigned,,,,,,,,,,,,,,,,,,
CS-PPM-000860,Vodafone Idea Limited,VI Store (Mehsana - COCO),RI-4,2024-11-30,AYAZ MAKRANI,2024-12-12,Assigned,,,,,,,,,,,,,,,,,,
CS-PPM-000856,Vodafone Idea Limited,VI Store (Mehsana - COCO),RI-5,2024-11-30,AYAZ MAKRANI,2024-12-12,Assigned,,,,,,,,,,,,,,,,,,
CS-PPM-000852,Vodafone Idea Limited,VI Store (Mehsana - COCO),RI-6,2024-11-30,AYAZ MAKRANI,2024-12-12,Assigned,,,,,,,,,,,,,,,,,,
CS-PPM-000848,Vodafone Idea Limited,VI Store (Mehsana - COCO),RI-7,2024-11-30,AYAZ MAKRANI,2024-12-12,Assigned,,,,,,,,,,,,,,,,,,
CS-PPM-000844,Vodafone Idea Limited,VI Store (Mehsana - COCO),RI-8,2024-11-30,AYAZ MAKRANI,2024-12-12,Assigned,,,,,,,,,,,,,,,,,,
CS-PPM-000840,Vodafone Idea Limited,VI Store (Mehsana - COCO),Hooter-1,2024-11-30,AYAZ MAKRANI,2024-12-12,Assigned,,,,,,,,,,,,,,,,,,
CS-PPM-000744,Vodafone Idea Limited,VI Store (Jamnagar),CCTV,2024-11-30,AYAZ MAKRANI,2024-12-12,Assigned,,,,,,,,,,,,,,,,,,
CS-PPM-000740,Vodafone Idea Limited,VI Store (Jamnagar),Fire Panel-1,2024-11-30,AYAZ MAKRANI,2024-12-12,Assigned,,,,,,,,,,,,,,,,,,
CS-PPM-000736,Vodafone Idea Limited,VI Store (Jamnagar),Above SD-1,2024-11-30,AYAZ MAKRANI,2024-12-12,Assigned,,,,,,,,,,,,,,,,,,
CS-PPM-000732,Vodafone Idea Limited,VI Store (Jamnagar),Above SD-2,2024-11-30,AYAZ MAKRANI,2024-12-12,Assigned,,,,,,,,,,,,,,,,,,
CS-PPM-000728,Vodafone Idea Limited,VI Store (Jamnagar),Above SD-3,2024-11-30,AYAZ MAKRANI,2024-12-12,Assigned,,,,,,,,,,,,,,,,,,
CS-PPM-000724,Vodafone Idea Limited,VI Store (Jamnagar),Above SD-4,2024-11-30,AYAZ MAKRANI,2024-12-12,Assigned,,,,,,,,,,,,,,,,,,
CS-PPM-000720,Vodafone Idea Limited,VI Store (Jamnagar),Above SD-5,2024-11-30,AYAZ MAKRANI,2024-12-12,Assigned,,,,,,,,,,,,,,,,,,
CS-PPM-000716,Vodafone Idea Limited,VI Store (Jamnagar),Above SD-6,2024-11-30,AYAZ MAKRANI,2024-12-12,Assigned,,,,,,,,,,,,,,,,,,
CS-PPM-000712,Vodafone Idea Limited,VI Store (Jamnagar),Below SD-7,2024-11-30,AYAZ MAKRANI,2024-12-12,Assigned,,,,,,,,,,,,,,,,,,
CS-PPM-000708,Vodafone Idea Limited,VI Store (Jamnagar),Below SD-8,2024-11-30,AYAZ MAKRANI,2024-12-12,Assigned,,,,,,,,,,,,,,,,,,
CS-PPM-000704,Vodafone Idea Limited,VI Store (Jamnagar),Below SD-9,2024-11-30,AYAZ MAKRANI,2024-12-12,Assigned,,,,,,,,,,,,,,,,,,
CS-PPM-000700,Vodafone Idea Limited,VI Store (Jamnagar),Below SD-10,2024-11-30,AYAZ MAKRANI,2024-12-12,Assigned,,,,,,,,,,,,,,,,,,
CS-PPM-000696,Vodafone Idea Limited,VI Store (Jamnagar),Below SD-11,2024-11-30,AYAZ MAKRANI,2024-12-12,Assigned,,,,,,,,,,,,,,,,,,
CS-PPM-000692,Vodafone Idea Limited,VI Store (Jamnagar),Below SD-12,2024-11-30,AYAZ MAKRANI,2024-12-12,Assigned,,,,,,,,,,,,,,,,,,
CS-PPM-000688,Vodafone Idea Limited,VI Store (Jamnagar),MCP-1,2024-11-30,AYAZ MAKRANI,2024-12-12,Assigned,,,,,,,,,,,,,,,,,,
CS-PPM-000684,Vodafone Idea Limited,VI Store (Jamnagar),RI-1,2024-11-30,AYAZ MAKRANI,2024-12-12,Assigned,,,,,,,,,,,,,,,,,,
CS-PPM-000680,Vodafone Idea Limited,VI Store (Jamnagar),RI-2,2024-11-30,AYAZ MAKRANI,2024-12-12,Assigned,,,,,,,,,,,,,,,,,,
CS-PPM-000676,Vodafone Idea Limited,VI Store (Jamnagar),RI-3,2024-11-30,AYAZ MAKRANI,2024-12-12,Assigned,,,,,,,,,,,,,,,,,,
CS-PPM-000672,Vodafone Idea Limited,VI Store (Jamnagar),RI-4,2024-11-30,AYAZ MAKRANI,2024-12-12,Assigned,,,,,,,,,,,,,,,,,,
CS-PPM-000668,Vodafone Idea Limited,VI Store (Jamnagar),RI-5,2024-11-30,AYAZ MAKRANI,2024-12-12,Assigned,,,,,,,,,,,,,,,,,,
CS-PPM-000664,Vodafone Idea Limited,VI Store (Jamnagar),RI-6,2024-11-30,AYAZ MAKRANI,2024-12-12,Assigned,,,,,,,,,,,,,,,,,,
CS-PPM-000660,Vodafone Idea Limited,VI Store (Jamnagar),Hooter-1,2024-11-30,AYAZ MAKRANI,2024-12-12,Assigned,,,,,,,,,,,,,,,,,,
,,,,,,,,,,,,,,,,,,,,,,,,,
,,,,,,,,,,,,,,,,,,,,,,,,,
,,,,,,,,,,,,,,,,,,,,,,,,,
CS-PPM-009696,Vodafone Idea Limited,VI Store (Kalawad - Rajkot),CASSETTE AC - 4 TR,2024-11-07,AYAZ MAKRANI,2024-11-12,Assigned,,,,,,,,,,,,,,,,,,
CS-PPM-009692,Vodafone Idea Limited,VI Store (Kalawad - Rajkot),CASSETTE AC - 4 TR,2024-11-07,AYAZ MAKRANI,2024-11-12,Assigned,,,,,,,,,,,,,,,,,,
CS-PPM-009688,Vodafone Idea Limited,VI Store (Kalawad - Rajkot),Split AC - 1TR,2024-11-07,AYAZ MAKRANI,2024-11-12,Assigned,,,,,,,,,,,,,,,,,,
CS-PPM-006692,Vodafone Idea Limited,VI Store (Kalawad - Rajkot),Fire Safety,2024-11-07,AYAZ MAKRANI,2024-11-12,Assigned,,,,,,,,,,,,,,,,,,
CS-PPM-006688,Vodafone Idea Limited,VI Store (Kalawad - Rajkot),CCTV,2024-11-07,AYAZ MAKRANI,2024-11-12,Assigned,,,,,,,,,,,,,,,,,,
CS-PPM-006652,Vodafone Idea Limited,VI Store (Dhaber Road - Rajkot),Fire Safety,2024-11-07,AYAZ MAKRANI,2024-11-12,Assigned,,,,,,,,,,,,,,,,,,
CS-PPM-006648,Vodafone Idea Limited,VI Store (Dhaber Road - Rajkot),CCTV,2024-11-07,AYAZ MAKRANI,2024-11-12,Assigned,,,,,,,,,,,,,,,,,,
CS-PPM-006644,Vodafone Idea Limited,VI Store (Bhuj),CCTV,2024-11-07,AYAZ MAKRANI,2024-11-12,Assigned,,,,,,,,,,,,,,,,,,
CS-PPM-006640,Vodafone Idea Limited,VI Store (Bhuj),Fire Safety,2024-11-07,AYAZ MAKRANI,2024-11-12,Assigned,,,,,,,,,,,,,,,,,,
CS-PPM-006368,Vodafone Idea Limited,VI Store (Morbi - Rajkot),Fire Safety,2024-11-07,AYAZ MAKRANI,2024-11-12,Assigned,,,,,,,,,,,,,,,,,,
CS-PPM-006364,Vodafone Idea Limited,VI Store (Morbi - Rajkot),CCTV,2024-11-07,AYAZ MAKRANI,2024-11-12,Assigned,,,,,,,,,,,,,,,,,,
CS-PPM-000656,Vodafone Idea Limited,VI Store (Yagnik Road - Rajkot),Split AC - 1.5 TR,2024-11-07,AYAZ MAKRANI,2024-11-12,Assigned,,,,,,,,,,,,,,,,,,
CS-PPM-000652,Vodafone Idea Limited,VI Store (Yagnik Road - Rajkot),CCTV,2024-11-07,AYAZ MAKRANI,2024-11-12,Assigned,,,,,,,,,,,,,,,,,,
CS-PPM-000648,Vodafone Idea Limited,VI Store (Yagnik Road - Rajkot),Fire Panel-1,2024-11-07,AYAZ MAKRANI,2024-11-12,Assigned,,,,,,,,,,,,,,,,,,
CS-PPM-000644,Vodafone Idea Limited,VI Store (Yagnik Road - Rajkot),Above SD-1,2024-11-07,AYAZ MAKRANI,2024-11-12,Assigned,,,,,,,,,,,,,,,,,,
CS-PPM-000640,Vodafone Idea Limited,VI Store (Yagnik Road - Rajkot),Above SD-2,2024-11-07,AYAZ MAKRANI,2024-11-12,Assigned,,,,,,,,,,,,,,,,,,
CS-PPM-000636,Vodafone Idea Limited,VI Store (Yagnik Road - Rajkot),Above SD-3,2024-11-07,AYAZ MAKRANI,2024-11-12,Assigned,,,,,,,,,,,,,,,,,,
CS-PPM-000632,Vodafone Idea Limited,VI Store (Yagnik Road - Rajkot),Above SD-4,2024-11-07,AYAZ MAKRANI,2024-11-12,Assigned,,,,,,,,,,,,,,,,,,
CS-PPM-000628,Vodafone Idea Limited,VI Store (Yagnik Road - Rajkot),Above SD-5,2024-11-07,AYAZ MAKRANI,2024-11-12,Assigned,,,,,,,,,,,,,,,,,,
CS-PPM-000624,Vodafone Idea Limited,VI Store (Yagnik Road - Rajkot),Above SD-6,2024-11-07,AYAZ MAKRANI,2024-11-12,Assigned,,,,,,,,,,,,,,,,,,
CS-PPM-000620,Vodafone Idea Limited,VI Store (Yagnik Road - Rajkot),Below SD-1,2024-11-07,AYAZ MAKRANI,2024-11-12,Assigned,,,,,,,,,,,,,,,,,,
CS-PPM-000616,Vodafone Idea Limited,VI Store (Yagnik Road - Rajkot),Below SD-2,2024-11-07,AYAZ MAKRANI,2024-11-12,Assigned,,,,,,,,,,,,,,,,,,
CS-PPM-000612,Vodafone Idea Limited,VI Store (Yagnik Road - Rajkot),Below SD-3,2024-11-07,AYAZ MAKRANI,2024-11-12,Assigned,,,,,,,,,,,,,,,,,,
CS-PPM-000608,Vodafone Idea Limited,VI Store (Yagnik Road - Rajkot),Below SD-4,2024-11-07,AYAZ MAKRANI,2024-11-12,Assigned,,,,,,,,,,,,,,,,,,
CS-PPM-000604,Vodafone Idea Limited,VI Store (Yagnik Road - Rajkot),Below SD-5,2024-11-07,AYAZ MAKRANI,2024-11-12,Assigned,,,,,,,,,,,,,,,,,,
CS-PPM-000600,Vodafone Idea Limited,VI Store (Yagnik Road - Rajkot),Below SD-6,2024-11-07,AYAZ MAKRANI,2024-11-12,Assigned,,,,,,,,,,,,,,,,,,
CS-PPM-000596,Vodafone Idea Limited,VI Store (Yagnik Road - Rajkot),MCP-1,2024-11-07,AYAZ MAKRANI,2024-11-12,Assigned,,,,,,,,,,,,,,,,,,
CS-PPM-000592,Vodafone Idea Limited,VI Store (Yagnik Road - Rajkot),RI-1,2024-11-07,AYAZ MAKRANI,2024-11-12,Assigned,,,,,,,,,,,,,,,,,,
CS-PPM-000588,Vodafone Idea Limited,VI Store (Yagnik Road - Rajkot),RI-2,2024-11-07,AYAZ MAKRANI,2024-11-12,Assigned,,,,,,,,,,,,,,,,,,
CS-PPM-000584,Vodafone Idea Limited,VI Store (Yagnik Road - Rajkot),RI-3,2024-11-07,AYAZ MAKRANI,2024-11-12,Assigned,,,,,,,,,,,,,,,,,,
CS-PPM-000580,Vodafone Idea Limited,VI Store (Yagnik Road - Rajkot),RI-4,2024-11-07,AYAZ MAKRANI,2024-11-12,Assigned,,,,,,,,,,,,,,,,,,
CS-PPM-000576,Vodafone Idea Limited,VI Store (Yagnik Road - Rajkot),RI-5,2024-11-07,AYAZ MAKRANI,2024-11-12,Assigned,,,,,,,,,,,,,,,,,,
CS-PPM-000572,Vodafone Idea Limited,VI Store (Yagnik Road - Rajkot),RI-6,2024-11-07,AYAZ MAKRANI,2024-11-12,Assigned,,,,,,,,,,,,,,,,,,
CS-PPM-000568,Vodafone Idea Limited,VI Store (Yagnik Road - Rajkot),Hooter-1,2024-11-07,AYAZ MAKRANI,2024-11-12,Assigned,,,,,,,,,,,,,,,,,,
,,,,,,,,,,,,,,,,,,,,,,,,,
,,,,,,,,,,,,,,,,,,,,,,,,,
,,,,,,,,,,,,,,,,,,,,,,,,,
,,,,,,,,,,,,,,,,,,,,,,,,,
,,,,,,,,,,,,,,,,,,,,,,,,,
,,,,,,,,,,,,,,,,,,,,,,,,,
,,,,,,,,,,,,,,,,,,,,,,,,,
,,,,,,,,,,,,,,,,,,,,,,,,,
,,,,,,,,,,,,,,,,,,,,,,,,,
,,,,,,,,,,,,,,,,,,,,,,,,,
,,,,,,,,,,,,,,,,,,,,,,,,,
,,,,,,,,,,,,,,,,,,,,,,,,,
,,,,,,,,,,,,,,,,,,,,,,,,,
,,,,,,,,,,,,,,,,,,,,,,,,,
,,,,,,,,,,,,,,,,,,,,,,,,,
,,,,,,,,,,,,,,,,,,,,,,,,,
,,,,,,,,,,,,,,,,,,,,,,,,,
,,,,,,,,,,,,,,,,,,,,,,,,,
,,,,,,,,,,,,,,,,,,,,,,,,,
,,,,,,,,,,,,,,,,,,,,,,,,,
,,,,,,,,,,,,,,,,,,,,,,,,,
,,,,,,,,,,,,,,,,,,,,,,,,,
,,,,,,,,,,,,,,,,,,,,,,,,,
,,,,,,,,,,,,,,,,,,,,,,,,,
,,,,,,,,,,,,,,,,,,,,,,,,,
,,,,,,,,,,,,,,,,,,,,,,,,,
,,,,,,,,,,,,,,,,,,,,,,,,,
,,,,,,,,,,,,,,,,,,,,,,,,,
,,,,,,,,,,,,,,,,,,,,,,,,,
,,,,,,,,,,,,,,,,,,,,,,,,,
,,,,,,,,,,,,,,,,,,,,,,,,,
,,,,,,,,,,,,,,,,,,,,,,,,,
,,,,,,,,,,,,,,,,,,,,,,,,,
,,,,,,,,,,,,,,,,,,,,,,,,,
,,,,,,,,,,,,,,,,,,,,,,,,,
,,,,,,,,,,,,,,,,,,,,,,,,,
,,,,,,,,,,,,,,,,,,,,,,,,,
,,,,,,,,,,,,,,,,,,,,,,,,,
,,,,,,,,,,,,,,,,,,,,,,,,,
,,,,,,,,,,,,,,,,,,,,,,,,,
,,,,,,,,,,,,,,,,,,,,,,,,,
,,,,,,,,,,,,,,,,,,,,,,,,,
,,,,,,,,,,,,,,,,,,,,,,,,,
,,,,,,,,,,,,,,,,,,,,,,,,,
,,,,,,,,,,,,,,,,,,,,,,,,,
,,,,,,,,,,,,,,,,,,,,,,,,,
,,,,,,,,,,,,,,,,,,,,,,,,,
,,,,,,,,,,,,,,,,,,,,,,,,,
,,,,,,,,,,,,,,,,,,,,,,,,,
,,,,,,,,,,,,,,,,,,,,,,,,,
,,,,,,,,,,,,,,,,,,,,,,,,,
,,,,,,,,,,,,,,,,,,,,,,,,,
,,,,,,,,,,,,,,,,,,,,,,,,,
,,,,,,,,,,,,,,,,,,,,,,,,,
,,,,,,,,,,,,,,,,,,,,,,,,,
,,,,,,,,,,,,,,,,,,,,,,,,,
,,,,,,,,,,,,,,,,,,,,,,,,,
,,,,,,,,,,,,,,,,,,,,,,,,,
,,,,,,,,,,,,,,,,,,,,,,,,,
,,,,,,,,,,,,,,,,,,,,,,,,,
,,,,,,,,,,,,,,,,,,,,,,,,,
,,,,,,,,,,,,,,,,,,,,,,,,,
,,,,,,,,,,,,,,,,,,,,,,,,,
,,,,,,,,,,,,,,,,,,,,,,,,,
,,,,,,,,,,,,,,,,,,,,,,,,,
,,,,,,,,,,,,,,,,,,,,,,,,,
,,,,,,,,,,,,,,,,,,,,,,,,,
,,,,,,,,,,,,,,,,,,,,,,,,,
,,,,,,,,,,,,,,,,,,,,,,,,,
,,,,,,,,,,,,,,,,,,,,,,,,,
,,,,,,,,,,,,,,,,,,,,,,,,,
,,,,,,,,,,,,,,,,,,,,,,,,,
,,,,,,,,,,,,,,,,,,,,,,,,,
,,,,,,,,,,,,,,,,,,,,,,,,,
,,,,,,,,,,,,,,,,,,,,,,,,,
,,,,,,,,,,,,,,,,,,,,,,,,,
,,,,,,,,,,,,,,,,,,,,,,,,,
,,,,,,,,,,,,,,,,,,,,,,,,,
,,,,,,,,,,,,,,,,,,,,,,,,,
,,,,,,,,,,,,,,,,,,,,,,,,,
,,,,,,,,,,,,,,,,,,,,,,,,,
,,,,,,,,,,,,,,,,,,,,,,,,,
,,,,,,,,,,,,,,,,,,,,,,,,,
,,,,,,,,,,,,,,,,,,,,,,,,,
,,,,,,,,,,,,,,,,,,,,,,,,,
,,,,,,,,,,,,,,,,,,,,,,,,,
,,,,,,,,,,,,,,,,,,,,,,,,,
,,,,,,,,,,,,,,,,,,,,,,,,,
,,,,,,,,,,,,,,,,,,,,,,,,,
,,,,,,,,,,,,,,,,,,,,,,,,,
,,,,,,,,,,,,,,,,,,,,,,,,,
,,,,,,,,,,,,,,,,,,,,,,,,,
,,,,,,,,,,,,,,,,,,,,,,,,,
,,,,,,,,,,,,,,,,,,,,,,,,,
,,,,,,,,,,,,,,,,,,,,,,,,,
,,,,,,,,,,,,,,,,,,,,,,,,,
,,,,,,,,,,,,,,,,,,,,,,,,,
,,,,,,,,,,,,,,,,,,,,,,,,,
,,,,,,,,,,,,,,,,,,,,,,,,,
,,,,,,,,,,,,,,,,,,,,,,,,,
,,,,,,,,,,,,,,,,,,,,,,,,,
,,,,,,,,,,,,,,,,,,,,,,,,,
,,,,,,,,,,,,,,,,,,,,,,,,,
,,,,,,,,,,,,,,,,,,,,,,,,,
,,,,,,,,,,,,,,,,,,,,,,,,,
,,,,,,,,,,,,,,,,,,,,,,,,,
,,,,,,,,,,,,,,,,,,,,,,,,,
,,,,,,,,,,,,,,,,,,,,,,,,,
,,,,,,,,,,,,,,,,,,,,,,,,,
,,,,,,,,,,,,,,,,,,,,,,,,,
,,,,,,,,,,,,,,,,,,,,,,,,,
,,,,,,,,,,,,,,,,,,,,,,,,,
,,,,,,,,,,,,,,,,,,,,,,,,,
,,,,,,,,,,,,,,,,,,,,,,,,,
,,,,,,,,,,,,,,,,,,,,,,,,,
,,,,,,,,,,,,,,,,,,,,,,,,,
,,,,,,,,,,,,,,,,,,,,,,,,,
,,,,,,,,,,,,,,,,,,,,,,,,,
,,,,,,,,,,,,,,,,,,,,,,,,,
,,,,,,,,,,,,,,,,,,,,,,,,,
,,,,,,,,,,,,,,,,,,,,,,,,,
,,,,,,,,,,,,,,,,,,,,,,,,,
,,,,,,,,,,,,,,,,,,,,,,,,,
,,,,,,,,,,,,,,,,,,,,,,,,,
,,,,,,,,,,,,,,,,,,,,,,,,,
,,,,,,,,,,,,,,,,,,,,,,,,,
,,,,,,,,,,,,,,,,,,,,,,,,,
,,,,,,,,,,,,,,,,,,,,,,,,,
,,,,,,,,,,,,,,,,,,,,,,,,,
,,,,,,,,,,,,,,,,,,,,,,,,,
,,,,,,,,,,,,,,,,,,,,,,,,,
,,,,,,,,,,,,,,,,,,,,,,,,,
,,,,,,,,,,,,,,,,,,,,,,,,,
,,,,,,,,,,,,,,,,,,,,,,,,,
,,,,,,,,,,,,,,,,,,,,,,,,,
,,,,,,,,,,,,,,,,,,,,,,,,,
,,,,,,,,,,,,,,,,,,,,,,,,,
,,,,,,,,,,,,,,,,,,,,,,,,,
,,,,,,,,,,,,,,,,,,,,,,,,,
,,,,,,,,,,,,,,,,,,,,,,,,,
,,,,,,,,,,,,,,,,,,,,,,,,,
,,,,,,,,,,,,,,,,,,,,,,,,,
,,,,,,,,,,,,,,,,,,,,,,,,,
,,,,,,,,,,,,,,,,,,,,,,,,,
,,,,,,,,,,,,,,,,,,,,,,,,,
,,,,,,,,,,,,,,,,,,,,,,,,,
,,,,,,,,,,,,,,,,,,,,,,,,,
,,,,,,,,,,,,,,,,,,,,,,,,,
,,,,,,,,,,,,,,,,,,,,,,,,,
,,,,,,,,,,,,,,,,,,,,,,,,,
,,,,,,,,,,,,,,,,,,,,,,,,,
,,,,,,,,,,,,,,,,,,,,,,,,,
,,,,,,,,,,,,,,,,,,,,,,,,,
,,,,,,,,,,,,,,,,,,,,,,,,,
,,,,,,,,,,,,,,,,,,,,,,,,,
,,,,,,,,,,,,,,,,,,,,,,,,,
,,,,,,,,,,,,,,,,,,,,,,,,,
,,,,,,,,,,,,,,,,,,,,,,,,,
,,,,,,,,,,,,,,,,,,,,,,,,,
,,,,,,,,,,,,,,,,,,,,,,,,,
,,,,,,,,,,,,,,,,,,,,,,,,,
,,,,,,,,,,,,,,,,,,,,,,,,,
,,,,,,,,,,,,,,,,,,,,,,,,,
,,,,,,,,,,,,,,,,,,,,,,,,,
,,,,,,,,,,,,,,,,,,,,,,,,,
,,,,,,,,,,,,,,,,,,,,,,,,,
,,,,,,,,,,,,,,,,,,,,,,,,,
,,,,,,,,,,,,,,,,,,,,,,,,,
,,,,,,,,,,,,,,,,,,,,,,,,,
,,,,,,,,,,,,,,,,,,,,,,,,,
,,,,,,,,,,,,,,,,,,,,,,,,,
,,,,,,,,,,,,,,,,,,,,,,,,,
,,,,,,,,,,,,,,,,,,,,,,,,,
,,,,,,,,,,,,,,,,,,,,,,,,,
,,,,,,,,,,,,,,,,,,,,,,,,,
,,,,,,,,,,,,,,,,,,,,,,,,,
,,,,,,,,,,,,,,,,,,,,,,,,,
,,,,,,,,,,,,,,,,,,,,,,,,,
,,,,,,,,,,,,,,,,,,,,,,,,,
,,,,,,,,,,,,,,,,,,,,,,,,,
,,,,,,,,,,,,,,,,,,,,,,,,,
,,,,,,,,,,,,,,,,,,,,,,,,,
,,,,,,,,,,,,,,,,,,,,,,,,,
,,,,,,,,,,,,,,,,,,,,,,,,,
,,,,,,,,,,,,,,,,,,,,,,,,,
,,,,,,,,,,,,,,,,,,,,,,,,,
,,,,,,,,,,,,,,,,,,,,,,,,,
,,,,,,,,,,,,,,,,,,,,,,,,,
,,,,,,,,,,,,,,,,,,,,,,,,,
,,,,,,,,,,,,,,,,,,,,,,,,,
,,,,,,,,,,,,,,,,,,,,,,,,,
,,,,,,,,,,,,,,,,,,,,,,,,,
,,,,,,,,,,,,,,,,,,,,,,,,,
,,,,,,,,,,,,,,,,,,,,,,,,,
,,,,,,,,,,,,,,,,,,,,,,,,,
,,,,,,,,,,,,,,,,,,,,,,,,,
,,,,,,,,,,,,,,,,,,,,,,,,,
,,,,,,,,,,,,,,,,,,,,,,,,,
,,,,,,,,,,,,,,,,,,,,,,,,,
,,,,,,,,,,,,,,,,,,,,,,,,,
,,,,,,,,,,,,,,,,,,,,,,,,,
,,,,,,,,,,,,,,,,,,,,,,,,,
,,,,,,,,,,,,,,,,,,,,,,,,,
,,,,,,,,,,,,,,,,,,,,,,,,,
,,,,,,,,,,,,,,,,,,,,,,,,,
,,,,,,,,,,,,,,,,,,,,,,,,,
,,,,,,,,,,,,,,,,,,,,,,,,,
,,,,,,,,,,,,,,,,,,,,,,,,,
,,,,,,,,,,,,,,,,,,,,,,,,,
,,,,,,,,,,,,,,,,,,,,,,,,,
,,,,,,,,,,,,,,,,,,,,,,,,,
,,,,,,,,,,,,,,,,,,,,,,,,,
,,,,,,,,,,,,,,,,,,,,,,,,,
,,,,,,,,,,,,,,,,,,,,,,,,,
,,,,,,,,,,,,,,,,,,,,,,,,,
,,,,,,,,,,,,,,,,,,,,,,,,,
,,,,,,,,,,,,,,,,,,,,,,,,,
,,,,,,,,,,,,,,,,,,,,,,,,,
,,,,,,,,,,,,,,,,,,,,,,,,,
,,,,,,,,,,,,,,,,,,,,,,,,,
,,,,,,,,,,,,,,,,,,,,,,,,,
,,,,,,,,,,,,,,,,,,,,,,,,,
,,,,,,,,,,,,,,,,,,,,,,,,,
,,,,,,,,,,,,,,,,,,,,,,,,,
,,,,,,,,,,,,,,,,,,,,,,,,,
,,,,,,,,,,,,,,,,,,,,,,,,,
,,,,,,,,,,,,,,,,,,,,,,,,,
,,,,,,,,,,,,,,,,,,,,,,,,,
,,,,,,,,,,,,,,,,,,,,,,,,,
,,,,,,,,,,,,,,,,,,,,,,,,,
,,,,,,,,,,,,,,,,,,,,,,,,,
,,,,,,,,,,,,,,,,,,,,,,,,,
,,,,,,,,,,,,,,,,,,,,,,,,,
,,,,,,,,,,,,,,,,,,,,,,,,,
,,,,,,,,,,,,,,,,,,,,,,,,,
,,,,,,,,,,,,,,,,,,,,,,,,,
,,,,,,,,,,,,,,,,,,,,,,,,,
,,,,,,,,,,,,,,,,,,,,,,,,,
,,,,,,,,,,,,,,,,,,,,,,,,,
,,,,,,,,,,,,,,,,,,,,,,,,,
,,,,,,,,,,,,,,,,,,,,,,,,,
,,,,,,,,,,,,,,,,,,,,,,,,,
,,,,,,,,,,,,,,,,,,,,,,,,,
,,,,,,,,,,,,,,,,,,,,,,,,,
,,,,,,,,,,,,,,,,,,,,,,,,,
,,,,,,,,,,,,,,,,,,,,,,,,,
,,,,,,,,,,,,,,,,,,,,,,,,,
,,,,,,,,,,,,,,,,,,,,,,,,,
,,,,,,,,,,,,,,,,,,,,,,,,,
,,,,,,,,,,,,,,,,,,,,,,,,,
,,,,,,,,,,,,,,,,,,,,,,,,,
,,,,,,,,,,,,,,,,,,,,,,,,,
,,,,,,,,,,,,,,,,,,,,,,,,,
,,,,,,,,,,,,,,,,,,,,,,,,,
,,,,,,,,,,,,,,,,,,,,,,,,,
,,,,,,,,,,,,,,,,,,,,,,,,,
,,,,,,,,,,,,,,,,,,,,,,,,,
,,,,,,,,,,,,,,,,,,,,,,,,,
,,,,,,,,,,,,,,,,,,,,,,,,,
,,,,,,,,,,,,,,,,,,,,,,,,,
,,,,,,,,,,,,,,,,,,,,,,,,,
,,,,,,,,,,,,,,,,,,,,,,,,,
,,,,,,,,,,,,,,,,,,,,,,,,,
,,,,,,,,,,,,,,,,,,,,,,,,,
,,,,,,,,,,,,,,,,,,,,,,,,,
,,,,,,,,,,,,,,,,,,,,,,,,,
,,,,,,,,,,,,,,,,,,,,,,,,,
,,,,,,,,,,,,,,,,,,,,,,,,,
,,,,,,,,,,,,,,,,,,,,,,,,,
,,,,,,,,,,,,,,,,,,,,,,,,,
,,,,,,,,,,,,,,,,,,,,,,,,,
,,,,,,,,,,,,,,,,,,,,,,,,,
,,,,,,,,,,,,,,,,,,,,,,,,,
,,,,,,,,,,,,,,,,,,,,,,,,,
,,,,,,,,,,,,,,,,,,,,,,,,,
,,,,,,,,,,,,,,,,,,,,,,,,,
,,,,,,,,,,,,,,,,,,,,,,,,,
,,,,,,,,,,,,,,,,,,,,,,,,,
,,,,,,,,,,,,,,,,,,,,,,,,,
,,,,,,,,,,,,,,,,,,,,,,,,,
,,,,,,,,,,,,,,,,,,,,,,,,,
,,,,,,,,,,,,,,,,,,,,,,,,,
,,,,,,,,,,,,,,,,,,,,,,,,,
,,,,,,,,,,,,,,,,,,,,,,,,,
,,,,,,,,,,,,,,,,,,,,,,,,,
,,,,,,,,,,,,,,,,,,,,,,,,,
,,,,,,,,,,,,,,,,,,,,,,,,,
,,,,,,,,,,,,,,,,,,,,,,,,,
,,,,,,,,,,,,,,,,,,,,,,,,,
,,,,,,,,,,,,,,,,,,,,,,,,,
,,,,,,,,,,,,,,,,,,,,,,,,,
,,,,,,,,,,,,,,,,,,,,,,,,,
,,,,,,,,,,,,,,,,,,,,,,,,,
,,,,,,,,,,,,,,,,,,,,,,,,,
,,,,,,,,,,,,,,,,,,,,,,,,,
,,,,,,,,,,,,,,,,,,,,,,,,,
,,,,,,,,,,,,,,,,,,,,,,,,,
,,,,,,,,,,,,,,,,,,,,,,,,,
,,,,,,,,,,,,,,,,,,,,,,,,,
,,,,,,,,,,,,,,,,,,,,,,,,,
,,,,,,,,,,,,,,,,,,,,,,,,,
,,,,,,,,,,,,,,,,,,,,,,,,,
,,,,,,,,,,,,,,,,,,,,,,,,,
,,,,,,,,,,,,,,,,,,,,,,,,,
,,,,,,,,,,,,,,,,,,,,,,,,,
,,,,,,,,,,,,,,,,,,,,,,,,,
,,,,,,,,,,,,,,,,,,,,,,,,,
,,,,,,,,,,,,,,,,,,,,,,,,,
,,,,,,,,,,,,,,,,,,,,,,,,,
,,,,,,,,,,,,,,,,,,,,,,,,,
,,,,,,,,,,,,,,,,,,,,,,,,,
,,,,,,,,,,,,,,,,,,,,,,,,,
,,,,,,,,,,,,,,,,,,,,,,,,,
,,,,,,,,,,,,,,,,,,,,,,,,,
,,,,,,,,,,,,,,,,,,,,,,,,,
,,,,,,,,,,,,,,,,,,,,,,,,,
,,,,,,,,,,,,,,,,,,,,,,,,,
,,,,,,,,,,,,,,,,,,,,,,,,,
,,,,,,,,,,,,,,,,,,,,,,,,,
,,,,,,,,,,,,,,,,,,,,,,,,,
,,,,,,,,,,,,,,,,,,,,,,,,,
,,,,,,,,,,,,,,,,,,,,,,,,,
,,,,,,,,,,,,,,,,,,,,,,,,,
,,,,,,,,,,,,,,,,,,,,,,,,,
,,,,,,,,,,,,,,,,,,,,,,,,,
,,,,,,,,,,,,,,,,,,,,,,,,,
,,,,,,,,,,,,,,,,,,,,,,,,,
,,,,,,,,,,,,,,,,,,,,,,,,,
,,,,,,,,,,,,,,,,,,,,,,,,,
,,,,,,,,,,,,,,,,,,,,,,,,,
,,,,,,,,,,,,,,,,,,,,,,,,,
,,,,,,,,,,,,,,,,,,,,,,,,,
,,,,,,,,,,,,,,,,,,,,,,,,,
,,,,,,,,,,,,,,,,,,,,,,,,,
,,,,,,,,,,,,,,,,,,,,,,,,,
,,,,,,,,,,,,,,,,,,,,,,,,,
,,,,,,,,,,,,,,,,,,,,,,,,,
,,,,,,,,,,,,,,,,,,,,,,,,,
,,,,,,,,,,,,,,,,,,,,,,,,,
,,,,,,,,,,,,,,,,,,,,,,,,,
,,,,,,,,,,,,,,,,,,,,,,,,,
,,,,,,,,,,,,,,,,,,,,,,,,,
,,,,,,,,,,,,,,,,,,,,,,,,,
,,,,,,,,,,,,,,,,,,,,,,,,,
,,,,,,,,,,,,,,,,,,,,,,,,,
,,,,,,,,,,,,,,,,,,,,,,,,,
,,,,,,,,,,,,,,,,,,,,,,,,,
,,,,,,,,,,,,,,,,,,,,,,,,,
,,,,,,,,,,,,,,,,,,,,,,,,,
,,,,,,,,,,,,,,,,,,,,,,,,,
,,,,,,,,,,,,,,,,,,,,,,,,,
,,,,,,,,,,,,,,,,,,,,,,,,,
,,,,,,,,,,,,,,,,,,,,,,,,,
,,,,,,,,,,,,,,,,,,,,,,,,,
,,,,,,,,,,,,,,,,,,,,,,,,,
,,,,,,,,,,,,,,,,,,,,,,,,,
,,,,,,,,,,,,,,,,,,,,,,,,,
,,,,,,,,,,,,,,,,,,,,,,,,,
,,,,,,,,,,,,,,,,,,,,,,,,,
,,,,,,,,,,,,,,,,,,,,,,,,,
,,,,,,,,,,,,,,,,,,,,,,,,,
,,,,,,,,,,,,,,,,,,,,,,,,,
,,,,,,,,,,,,,,,,,,,,,,,,,
,,,,,,,,,,,,,,,,,,,,,,,,,
,,,,,,,,,,,,,,,,,,,,,,,,,
,,,,,,,,,,,,,,,,,,,,,,,,,
,,,,,,,,,,,,,,,,,,,,,,,,,
,,,,,,,,,,,,,,,,,,,,,,,,,
,,,,,,,,,,,,,,,,,,,,,,,,,
,,,,,,,,,,,,,,,,,,,,,,,,,
,,,,,,,,,,,,,,,,,,,,,,,,,
,,,,,,,,,,,,,,,,,,,,,,,,,
,,,,,,,,,,,,,,,,,,,,,,,,,
,,,,,,,,,,,,,,,,,,,,,,,,,
,,,,,,,,,,,,,,,,,,,,,,,,,
,,,,,,,,,,,,,,,,,,,,,,,,,
,,,,,,,,,,,,,,,,,,,,,,,,,
,,,,,,,,,,,,,,,,,,,,,,,,,
,,,,,,,,,,,,,,,,,,,,,,,,,
,,,,,,,,,,,,,,,,,,,,,,,,,
,,,,,,,,,,,,,,,,,,,,,,,,,
,,,,,,,,,,,,,,,,,,,,,,,,,
,,,,,,,,,,,,,,,,,,,,,,,,,
,,,,,,,,,,,,,,,,,,,,,,,,,
,,,,,,,,,,,,,,,,,,,,,,,,,
,,,,,,,,,,,,,,,,,,,,,,,,,
,,,,,,,,,,,,,,,,,,,,,,,,,
,,,,,,,,,,,,,,,,,,,,,,,,,
,,,,,,,,,,,,,,,,,,,,,,,,,
,,,,,,,,,,,,,,,,,,,,,,,,,
,,,,,,,,,,,,,,,,,,,,,,,,,
,,,,,,,,,,,,,,,,,,,,,,,,,
,,,,,,,,,,,,,,,,,,,,,,,,,
,,,,,,,,,,,,,,,,,,,,,,,,,
,,,,,,,,,,,,,,,,,,,,,,,,,
,,,,,,,,,,,,,,,,,,,,,,,,,
,,,,,,,,,,,,,,,,,,,,,,,,,
,,,,,,,,,,,,,,,,,,,,,,,,,
,,,,,,,,,,,,,,,,,,,,,,,,,
,,,,,,,,,,,,,,,,,,,,,,,,,
,,,,,,,,,,,,,,,,,,,,,,,,,
,,,,,,,,,,,,,,,,,,,,,,,,,
,,,,,,,,,,,,,,,,,,,,,,,,,
,,,,,,,,,,,,,,,,,,,,,,,,,
,,,,,,,,,,,,,,,,,,,,,,,,,
,,,,,,,,,,,,,,,,,,,,,,,,,
,,,,,,,,,,,,,,,,,,,,,,,,,
,,,,,,,,,,,,,,,,,,,,,,,,,
,,,,,,,,,,,,,,,,,,,,,,,,,
,,,,,,,,,,,,,,,,,,,,,,,,,
,,,,,,,,,,,,,,,,,,,,,,,,,
,,,,,,,,,,,,,,,,,,,,,,,,,
,,,,,,,,,,,,,,,,,,,,,,,,,
,,,,,,,,,,,,,,,,,,,,,,,,,
,,,,,,,,,,,,,,,,,,,,,,,,,
,,,,,,,,,,,,,,,,,,,,,,,,,
,,,,,,,,,,,,,,,,,,,,,,,,,
,,,,,,,,,,,,,,,,,,,,,,,,,
,,,,,,,,,,,,,,,,,,,,,,,,,
,,,,,,,,,,,,,,,,,,,,,,,,,
,,,,,,,,,,,,,,,,,,,,,,,,,
,,,,,,,,,,,,,,,,,,,,,,,,,
,,,,,,,,,,,,,,,,,,,,,,,,,
,,,,,,,,,,,,,,,,,,,,,,,,,
,,,,,,,,,,,,,,,,,,,,,,,,,
,,,,,,,,,,,,,,,,,,,,,,,,,
,,,,,,,,,,,,,,,,,,,,,,,,,
,,,,,,,,,,,,,,,,,,,,,,,,,
,,,,,,,,,,,,,,,,,,,,,,,,,
,,,,,,,,,,,,,,,,,,,,,,,,,
,,,,,,,,,,,,,,,,,,,,,,,,,
,,,,,,,,,,,,,,,,,,,,,,,,,
,,,,,,,,,,,,,,,,,,,,,,,,,
,,,,,,,,,,,,,,,,,,,,,,,,,
,,,,,,,,,,,,,,,,,,,,,,,,,
,,,,,,,,,,,,,,,,,,,,,,,,,
,,,,,,,,,,,,,,,,,,,,,,,,,
,,,,,,,,,,,,,,,,,,,,,,,,,
,,,,,,,,,,,,,,,,,,,,,,,,,
,,,,,,,,,,,,,,,,,,,,,,,,,
,,,,,,,,,,,,,,,,,,,,,,,,,
,,,,,,,,,,,,,,,,,,,,,,,,,
,,,,,,,,,,,,,,,,,,,,,,,,,
,,,,,,,,,,,,,,,,,,,,,,,,,
,,,,,,,,,,,,,,,,,,,,,,,,,
,,,,,,,,,,,,,,,,,,,,,,,,,
,,,,,,,,,,,,,,,,,,,,,,,,,
,,,,,,,,,,,,,,,,,,,,,,,,,
,,,,,,,,,,,,,,,,,,,,,,,,,
,,,,,,,,,,,,,,,,,,,,,,,,,
,,,,,,,,,,,,,,,,,,,,,,,,,
,,,,,,,,,,,,,,,,,,,,,,,,,
,,,,,,,,,,,,,,,,,,,,,,,,,
,,,,,,,,,,,,,,,,,,,,,,,,,
,,,,,,,,,,,,,,,,,,,,,,,,,
,,,,,,,,,,,,,,,,,,,,,,,,,
,,,,,,,,,,,,,,,,,,,,,,,,,
,,,,,,,,,,,,,,,,,,,,,,,,,
,,,,,,,,,,,,,,,,,,,,,,,,,
,,,,,,,,,,,,,,,,,,,,,,,,,
,,,,,,,,,,,,,,,,,,,,,,,,,
,,,,,,,,,,,,,,,,,,,,,,,,,
,,,,,,,,,,,,,,,,,,,,,,,,,
,,,,,,,,,,,,,,,,,,,,,,,,,
,,,,,,,,,,,,,,,,,,,,,,,,,
,,,,,,,,,,,,,,,,,,,,,,,,,
,,,,,,,,,,,,,,,,,,,,,,,,,
,,,,,,,,,,,,,,,,,,,,,,,,,
,,,,,,,,,,,,,,,,,,,,,,,,,
,,,,,,,,,,,,,,,,,,,,,,,,,
,,,,,,,,,,,,,,,,,,,,,,,,,
,,,,,,,,,,,,,,,,,,,,,,,,,
,,,,,,,,,,,,,,,,,,,,,,,,,
,,,,,,,,,,,,,,,,,,,,,,,,,
,,,,,,,,,,,,,,,,,,,,,,,,,
,,,,,,,,,,,,,,,,,,,,,,,,,
,,,,,,,,,,,,,,,,,,,,,,,,,
,,,,,,,,,,,,,,,,,,,,,,,,,
,,,,,,,,,,,,,,,,,,,,,,,,,
,,,,,,,,,,,,,,,,,,,,,,,,,
,,,,,,,,,,,,,,,,,,,,,,,,,
,,,,,,,,,,,,,,,,,,,,,,,,,
,,,,,,,,,,,,,,,,,,,,,,,,,
,,,,,,,,,,,,,,,,,,,,,,,,,
,,,,,,,,,,,,,,,,,,,,,,,,,
,,,,,,,,,,,,,,,,,,,,,,,,,
,,,,,,,,,,,,,,,,,,,,,,,,,
,,,,,,,,,,,,,,,,,,,,,,,,,
,,,,,,,,,,,,,,,,,,,,,,,,,
,,,,,,,,,,,,,,,,,,,,,,,,,
,,,,,,,,,,,,,,,,,,,,,,,,,
,,,,,,,,,,,,,,,,,,,,,,,,,
,,,,,,,,,,,,,,,,,,,,,,,,,
,,,,,,,,,,,,,,,,,,,,,,,,,
,,,,,,,,,,,,,,,,,,,,,,,,,
,,,,,,,,,,,,,,,,,,,,,,,,,
,,,,,,,,,,,,,,,,,,,,,,,,,
,,,,,,,,,,,,,,,,,,,,,,,,,
,,,,,,,,,,,,,,,,,,,,,,,,,
,,,,,,,,,,,,,,,,,,,,,,,,,
,,,,,,,,,,,,,,,,,,,,,,,,,
,,,,,,,,,,,,,,,,,,,,,,,,,
,,,,,,,,,,,,,,,,,,,,,,,,,
,,,,,,,,,,,,,,,,,,,,,,,,,
,,,,,,,,,,,,,,,,,,,,,,,,,
,,,,,,,,,,,,,,,,,,,,,,,,,
,,,,,,,,,,,,,,,,,,,,,,,,,
,,,,,,,,,,,,,,,,,,,,,,,,,
,,,,,,,,,,,,,,,,,,,,,,,,,
,,,,,,,,,,,,,,,,,,,,,,,,,
,,,,,,,,,,,,,,,,,,,,,,,,,
,,,,,,,,,,,,,,,,,,,,,,,,,
,,,,,,,,,,,,,,,,,,,,,,,,,
,,,,,,,,,,,,,,,,,,,,,,,,,
,,,,,,,,,,,,,,,,,,,,,,,,,
,,,,,,,,,,,,,,,,,,,,,,,,,
,,,,,,,,,,,,,,,,,,,,,,,,,
,,,,,,,,,,,,,,,,,,,,,,,,,
,,,,,,,,,,,,,,,,,,,,,,,,,
,,,,,,,,,,,,,,,,,,,,,,,,,
,,,,,,,,,,,,,,,,,,,,,,,,,
,,,,,,,,,,,,,,,,,,,,,,,,,
,,,,,,,,,,,,,,,,,,,,,,,,,
,,,,,,,,,,,,,,,,,,,,,,,,,
,,,,,,,,,,,,,,,,,,,,,,,,,
,,,,,,,,,,,,,,,,,,,,,,,,,
,,,,,,,,,,,,,,,,,,,,,,,,,
,,,,,,,,,,,,,,,,,,,,,,,,,
,,,,,,,,,,,,,,,,,,,,,,,,,
,,,,,,,,,,,,,,,,,,,,,,,,,
,,,,,,,,,,,,,,,,,,,,,,,,,
,,,,,,,,,,,,,,,,,,,,,,,,,
,,,,,,,,,,,,,,,,,,,,,,,,,
,,,,,,,,,,,,,,,,,,,,,,,,,
,,,,,,,,,,,,,,,,,,,,,,,,,
,,,,,,,,,,,,,,,,,,,,,,,,,
,,,,,,,,,,,,,,,,,,,,,,,,,
,,,,,,,,,,,,,,,,,,,,,,,,,
,,,,,,,,,,,,,,,,,,,,,,,,,
,,,,,,,,,,,,,,,,,,,,,,,,,
,,,,,,,,,,,,,,,,,,,,,,,,,
,,,,,,,,,,,,,,,,,,,,,,,,,
,,,,,,,,,,,,,,,,,,,,,,,,,
,,,,,,,,,,,,,,,,,,,,,,,,,
,,,,,,,,,,,,,,,,,,,,,,,,,
,,,,,,,,,,,,,,,,,,,,,,,,,
,,,,,,,,,,,,,,,,,,,,,,,,,
,,,,,,,,,,,,,,,,,,,,,,,,,
,,,,,,,,,,,,,,,,,,,,,,,,,
,,,,,,,,,,,,,,,,,,,,,,,,,
,,,,,,,,,,,,,,,,,,,,,,,,,
,,,,,,,,,,,,,,,,,,,,,,,,,
,,,,,,,,,,,,,,,,,,,,,,,,,
,,,,,,,,,,,,,,,,,,,,,,,,,
,,,,,,,,,,,,,,,,,,,,,,,,,
,,,,,,,,,,,,,,,,,,,,,,,,,
,,,,,,,,,,,,,,,,,,,,,,,,,
,,,,,,,,,,,,,,,,,,,,,,,,,
,,,,,,,,,,,,,,,,,,,,,,,,,
,,,,,,,,,,,,,,,,,,,,,,,,,
,,,,,,,,,,,,,,,,,,,,,,,,,
,,,,,,,,,,,,,,,,,,,,,,,,,
,,,,,,,,,,,,,,,,,,,,,,,,,
,,,,,,,,,,,,,,,,,,,,,,,,,
,,,,,,,,,,,,,,,,,,,,,,,,,
,,,,,,,,,,,,,,,,,,,,,,,,,
,,,,,,,,,,,,,,,,,,,,,,,,,
,,,,,,,,,,,,,,,,,,,,,,,,,
,,,,,,,,,,,,,,,,,,,,,,,,,
,,,,,,,,,,,,,,,,,,,,,,,,,
,,,,,,,,,,,,,,,,,,,,,,,,,
,,,,,,,,,,,,,,,,,,,,,,,,,
,,,,,,,,,,,,,,,,,,,,,,,,,
,,,,,,,,,,,,,,,,,,,,,,,,,
,,,,,,,,,,,,,,,,,,,,,,,,,
,,,,,,,,,,,,,,,,,,,,,,,,,
,,,,,,,,,,,,,,,,,,,,,,,,,
,,,,,,,,,,,,,,,,,,,,,,,,,
,,,,,,,,,,,,,,,,,,,,,,,,,
,,,,,,,,,,,,,,,,,,,,,,,,,
,,,,,,,,,,,,,,,,,,,,,,,,,
,,,,,,,,,,,,,,,,,,,,,,,,,
,,,,,,,,,,,,,,,,,,,,,,,,,
,,,,,,,,,,,,,,,,,,,,,,,,,
,,,,,,,,,,,,,,,,,,,,,,,,,
,,,,,,,,,,,,,,,,,,,,,,,,,
,,,,,,,,,,,,,,,,,,,,,,,,,
,,,,,,,,,,,,,,,,,,,,,,,,,
,,,,,,,,,,,,,,,,,,,,,,,,,
,,,,,,,,,,,,,,,,,,,,,,,,,
,,,,,,,,,,,,,,,,,,,,,,,,,
,,,,,,,,,,,,,,,,,,,,,,,,,
,,,,,,,,,,,,,,,,,,,,,,,,,
,,,,,,,,,,,,,,,,,,,,,,,,,
,,,,,,,,,,,,,,,,,,,,,,,,,
,,,,,,,,,,,,,,,,,,,,,,,,,
,,,,,,,,,,,,,,,,,,,,,,,,,
,,,,,,,,,,,,,,,,,,,,,,,,,
,,,,,,,,,,,,,,,,,,,,,,,,,
,,,,,,,,,,,,,,,,,,,,,,,,,
,,,,,,,,,,,,,,,,,,,,,,,,,
,,,,,,,,,,,,,,,,,,,,,,,,,
,,,,,,,,,,,,,,,,,,,,,,,,,
,,,,,,,,,,,,,,,,,,,,,,,,,
,,,,,,,,,,,,,,,,,,,,,,,,,
,,,,,,,,,,,,,,,,,,,,,,,,,
,,,,,,,,,,,,,,,,,,,,,,,,,
,,,,,,,,,,,,,,,,,,,,,,,,,
,,,,,,,,,,,,,,,,,,,,,,,,,
,,,,,,,,,,,,,,,,,,,,,,,,,
,,,,,,,,,,,,,,,,,,,,,,,,,
,,,,,,,,,,,,,,,,,,,,,,,,,
,,,,,,,,,,,,,,,,,,,,,,,,,
,,,,,,,,,,,,,,,,,,,,,,,,,
,,,,,,,,,,,,,,,,,,,,,,,,,
,,,,,,,,,,,,,,,,,,,,,,,,,
,,,,,,,,,,,,,,,,,,,,,,,,,
,,,,,,,,,,,,,,,,,,,,,,,,,
,,,,,,,,,,,,,,,,,,,,,,,,,
,,,,,,,,,,,,,,,,,,,,,,,,,
,,,,,,,,,,,,,,,,,,,,,,,,,
,,,,,,,,,,,,,,,,,,,,,,,,,
,,,,,,,,,,,,,,,,,,,,,,,,,
,,,,,,,,,,,,,,,,,,,,,,,,,
,,,,,,,,,,,,,,,,,,,,,,,,,
,,,,,,,,,,,,,,,,,,,,,,,,,
,,,,,,,,,,,,,,,,,,,,,,,,,
,,,,,,,,,,,,,,,,,,,,,,,,,
,,,,,,,,,,,,,,,,,,,,,,,,,
,,,,,,,,,,,,,,,,,,,,,,,,,
,,,,,,,,,,,,,,,,,,,,,,,,,
,,,,,,,,,,,,,,,,,,,,,,,,,
,,,,,,,,,,,,,,,,,,,,,,,,,
,,,,,,,,,,,,,,,,,,,,,,,,,
,,,,,,,,,,,,,,,,,,,,,,,,,
,,,,,,,,,,,,,,,,,,,,,,,,,
,,,,,,,,,,,,,,,,,,,,,,,,,
,,,,,,,,,,,,,,,,,,,,,,,,,
,,,,,,,,,,,,,,,,,,,,,,,,,
,,,,,,,,,,,,,,,,,,,,,,,,,
,,,,,,,,,,,,,,,,,,,,,,,,,
,,,,,,,,,,,,,,,,,,,,,,,,,
,,,,,,,,,,,,,,,,,,,,,,,,,
,,,,,,,,,,,,,,,,,,,,,,,,,
,,,,,,,,,,,,,,,,,,,,,,,,,
,,,,,,,,,,,,,,,,,,,,,,,,,
,,,,,,,,,,,,,,,,,,,,,,,,,
,,,,,,,,,,,,,,,,,,,,,,,,,
,,,,,,,,,,,,,,,,,,,,,,,,,
,,,,,,,,,,,,,,,,,,,,,,,,,
,,,,,,,,,,,,,,,,,,,,,,,,,
,,,,,,,,,,,,,,,,,,,,,,,,,
,,,,,,,,,,,,,,,,,,,,,,,,,
,,,,,,,,,,,,,,,,,,,,,,,,,
,,,,,,,,,,,,,,,,,,,,,,,,,
,,,,,,,,,,,,,,,,,,,,,,,,,
,,,,,,,,,,,,,,,,,,,,,,,,,
,,,,,,,,,,,,,,,,,,,,,,,,,
,,,,,,,,,,,,,,,,,,,,,,,,,
,,,,,,,,,,,,,,,,,,,,,,,,,
,,,,,,,,,,,,,,,,,,,,,,,,,
,,,,,,,,,,,,,,,,,,,,,,,,,
,,,,,,,,,,,,,,,,,,,,,,,,,
,,,,,,,,,,,,,,,,,,,,,,,,,
,,,,,,,,,,,,,,,,,,,,,,,,,
,,,,,,,,,,,,,,,,,,,,,,,,,
