Ticket ID,Corporate,Branch,Branch Asset,PPMDate,Created Date,Created Time,CreatedBy,DueDate,Status
CS-PPM-009929,Flipkart Internet Pvt Ltd - West,Flipkart - Saidham CF Grocery - 3484,Split AC,6/19/2024,6/19/2024,18:08:01,Manisha.kashyap,,Planned
CS-PPM-009928,Flipkart Internet Pvt Ltd - West,Flipkart - Saidham CF Grocery - 3484,Split AC,6/19/2024,6/19/2024,18:07:25,Manisha.kashyap,,Planned
CS-PPM-009927,Flipkart Internet Pvt Ltd - West,Flipkart - Saidham CF Grocery - 3484,Split AC,6/19/2024,6/19/2024,18:07:05,Manisha.kashyap,,Planned
CS-PPM-009926,Flipkart Internet Pvt Ltd - West,Flipkart - Saidham CF Grocery - 3484,Split AC,6/19/2024,6/19/2024,18:06:48,Manisha.kashyap,,Planned
CS-PPM-009925,Flipkart Internet Pvt Ltd - West,Flipkart - Saidham CF Grocery - 3484,Split AC,6/19/2024,6/19/2024,18:06:29,Manisha.kashyap,,Planned
CS-PPM-009924,Flipkart Internet Pvt Ltd - West,Flipkart - Saidham CF Grocery - 3484,Split AC,6/19/2024,6/19/2024,18:06:15,Manisha.kashyap,,Planned
CS-PPM-009923,Flipkart Internet Pvt Ltd - West,Flipkart - Saidham CF Grocery - 3484,Split AC,6/19/2024,6/19/2024,18:06:00,Manisha.kashyap,,Planned
CS-PPM-009922,Flipkart Internet Pvt Ltd - West,Flipkart - Saidham CF Grocery - 3484,Split AC,6/19/2024,6/19/2024,18:05:39,Manisha.kashyap,,Planned
CS-PPM-009921,Flipkart Internet Pvt Ltd - West,Flipkart - Saidham CF Grocery - 3484,Split AC,6/19/2024,6/19/2024,18:05:25,Manisha.kashyap,,Planned
CS-PPM-009920,Flipkart Internet Pvt Ltd - West,Flipkart - Saidham CF Grocery - 3484,Split AC,6/19/2024,6/19/2024,18:05:11,Manisha.kashyap,,Planned
CS-PPM-009919,Flipkart Internet Pvt Ltd - West,Flipkart - Saidham CF Grocery - 3484,Split AC,6/19/2024,6/19/2024,18:04:54,Manisha.kashyap,,Planned
CS-PPM-009918,Flipkart Internet Pvt Ltd - West,Flipkart - Saidham CF Grocery - 3484,Split AC,6/19/2024,6/19/2024,18:04:38,Manisha.kashyap,,Planned
CS-PPM-009917,Flipkart Internet Pvt Ltd - West,Flipkart - Saidham CF Grocery - 3484,Split AC,6/19/2024,6/19/2024,18:04:18,Manisha.kashyap,,Planned
CS-PPM-009916,Flipkart Internet Pvt Ltd - West,Flipkart - Saidham CF Grocery - 3484,Split AC,6/19/2024,6/19/2024,18:03:51,Manisha.kashyap,,Planned
CS-PPM-009915,Flipkart Internet Pvt Ltd - West,Flipkart - Saidham CF Grocery - 3484,Split AC,6/19/2024,6/19/2024,18:03:31,Manisha.kashyap,,Planned
CS-PPM-009914,Flipkart Internet Pvt Ltd - West,Flipkart - Saidham CF Grocery - 3484,Split AC,6/19/2024,6/19/2024,18:03:11,Manisha.kashyap,,Planned
CS-PPM-009913,Flipkart Internet Pvt Ltd - West,Flipkart - Saidham CF Grocery - 3484,Split AC,6/19/2024,6/19/2024,18:02:55,Manisha.kashyap,,Planned
CS-PPM-009912,Flipkart Internet Pvt Ltd - West,Flipkart - Saidham CF Grocery - 3484,Split AC,6/19/2024,6/19/2024,18:02:29,Manisha.kashyap,,Planned
CS-PPM-009911,Flipkart Internet Pvt Ltd - West,Flipkart - Saidham CF Grocery - 3484,Split AC,6/19/2024,6/19/2024,18:02:12,Manisha.kashyap,,Planned
CS-PPM-009910,Flipkart Internet Pvt Ltd - West,Flipkart - Saidham CF Grocery - 3484,Split AC,6/19/2024,6/19/2024,18:01:50,Manisha.kashyap,,Planned
CS-PPM-009909,Flipkart Internet Pvt Ltd - West,Flipkart - Saidham G FC - 3457,Ductable AC,6/19/2024,6/19/2024,18:00:57,Manisha.kashyap,,Planned
CS-PPM-009908,Flipkart Internet Pvt Ltd - West,Flipkart - Saidham G FC - 3457,Ductable AC,6/19/2024,6/19/2024,18:00:14,Manisha.kashyap,,Planned
CS-PPM-009907,Flipkart Internet Pvt Ltd - West,Flipkart - Saidham G FC - 3457,Ductable AC,6/19/2024,6/19/2024,17:59:31,Manisha.kashyap,,Planned
CS-PPM-009906,Flipkart Internet Pvt Ltd - West,Flipkart - Saidham G FC - 3457,Ductable AC,6/19/2024,6/19/2024,17:59:14,Manisha.kashyap,,Planned
CS-PPM-009905,Flipkart Internet Pvt Ltd - West,Flipkart - Saidham G FC - 3457,Ductable AC,6/19/2024,6/19/2024,17:59:01,Manisha.kashyap,,Planned
CS-PPM-009904,Flipkart Internet Pvt Ltd - West,Flipkart - Saidham G FC - 3457,Ductable AC,6/19/2024,6/19/2024,17:58:49,Manisha.kashyap,,Planned
CS-PPM-009903,Flipkart Internet Pvt Ltd - West,Flipkart - Saidham G FC - 3457,Ductable AC,6/19/2024,6/19/2024,17:58:27,Manisha.kashyap,,Planned
CS-PPM-009902,Flipkart Internet Pvt Ltd - West,Flipkart - Saidham G FC - 3457,Ductable AC,6/19/2024,6/19/2024,17:58:08,Manisha.kashyap,,Planned
CS-PPM-009901,Flipkart Internet Pvt Ltd - West,Flipkart - Saidham G FC - 3457,Ductable AC,6/19/2024,6/19/2024,17:57:40,Manisha.kashyap,,Planned
CS-PPM-009900,Flipkart Internet Pvt Ltd - West,Flipkart - Saidham G FC - 3457,Split AC,6/19/2024,6/19/2024,17:57:13,Manisha.kashyap,,Planned
CS-PPM-009899,Flipkart Internet Pvt Ltd - West,Flipkart - Saidham G FC - 3457,Split AC,6/19/2024,6/19/2024,17:56:15,Manisha.kashyap,,Planned
CS-PPM-009898,Flipkart Internet Pvt Ltd - West,Flipkart - Saidham G FC - 3457,Split AC,6/19/2024,6/19/2024,17:55:59,Manisha.kashyap,,Planned
CS-PPM-009897,Flipkart Internet Pvt Ltd - West,Flipkart - Saidham G FC - 3457,Split AC,6/19/2024,6/19/2024,17:55:43,Manisha.kashyap,,Planned
CS-PPM-009896,Flipkart Internet Pvt Ltd - West,Flipkart - Saidham G FC - 3457,Split AC,6/19/2024,6/19/2024,17:55:26,Manisha.kashyap,,Planned
CS-PPM-009895,Flipkart Internet Pvt Ltd - West,Flipkart - Saidham G FC - 3457,Split AC,6/19/2024,6/19/2024,17:55:10,Manisha.kashyap,,Planned
CS-PPM-009894,Flipkart Internet Pvt Ltd - West,Flipkart - Saidham G FC - 3457,Split AC,6/19/2024,6/19/2024,17:54:47,Manisha.kashyap,,Planned
CS-PPM-009892,Flipkart Internet Pvt Ltd - West,Flipkart - Saidham G FC - 3457,Split AC,6/19/2024,6/19/2024,17:54:13,Manisha.kashyap,,Planned
CS-PPM-009891,Flipkart Internet Pvt Ltd - West,Flipkart - Saidham G FC - 3457,Split AC,6/19/2024,6/19/2024,17:53:47,Manisha.kashyap,,Planned
CS-PPM-009890,Flipkart Internet Pvt Ltd - West,Flipkart - Saidham G FC - 3457,Split AC,6/19/2024,6/19/2024,17:53:26,Manisha.kashyap,,Planned
CS-PPM-009889,Flipkart Internet Pvt Ltd - West,Flipkart - Saidham G FC - 3457,Split AC,6/19/2024,6/19/2024,17:53:03,Manisha.kashyap,,Planned
CS-PPM-009888,Flipkart Internet Pvt Ltd - West,Flipkart - Saidham G FC - 3457,Split AC,6/19/2024,6/19/2024,17:52:47,Manisha.kashyap,,Planned
CS-PPM-009887,Flipkart Internet Pvt Ltd - West,Flipkart - Saidham G FC - 3457,Split AC,6/19/2024,6/19/2024,17:52:25,Manisha.kashyap,,Planned
CS-PPM-009886,Flipkart Internet Pvt Ltd - West,Flipkart - Saidham G FC - 3457,Split AC,6/19/2024,6/19/2024,17:52:11,Manisha.kashyap,,Planned
CS-PPM-009885,Flipkart Internet Pvt Ltd - West,Flipkart - Saidham G FC - 3457,Split AC,6/19/2024,6/19/2024,17:51:49,Manisha.kashyap,,Planned
CS-PPM-009884,Flipkart Internet Pvt Ltd - West,Flipkart - Saidham G FC - 3457,Split AC,6/19/2024,6/19/2024,17:51:31,Manisha.kashyap,,Planned
CS-PPM-009883,Flipkart Internet Pvt Ltd - West,Flipkart - Saidham G FC - 3457,Split AC,6/19/2024,6/19/2024,17:51:15,Manisha.kashyap,,Planned
CS-PPM-009882,Flipkart Internet Pvt Ltd - West,Flipkart - Saidham G FC - 3457,Split AC,6/19/2024,6/19/2024,17:50:59,Manisha.kashyap,,Planned
CS-PPM-009881,Flipkart Internet Pvt Ltd - West,Flipkart - Saidham G FC - 3457,Split AC,6/19/2024,6/19/2024,17:50:44,Manisha.kashyap,,Planned
CS-PPM-009880,Flipkart Internet Pvt Ltd - West,Flipkart - Saidham G FC - 3457,Split AC,6/19/2024,6/19/2024,17:50:18,Manisha.kashyap,,Planned
CS-PPM-009879,Flipkart Internet Pvt Ltd - West,Flipkart - Saidham G FC - 3457,Split AC,6/19/2024,6/19/2024,17:49:54,Manisha.kashyap,,Planned
CS-PPM-009878,Flipkart Internet Pvt Ltd - West,Flipkart - Saidham G FC - 3457,Cassette AC,6/19/2024,6/19/2024,17:49:36,Manisha.kashyap,,Planned
CS-PPM-009877,Flipkart Internet Pvt Ltd - West,Flipkart - Saidham G FC - 3457,Cassette AC,6/19/2024,6/19/2024,17:49:17,Manisha.kashyap,,Planned
CS-PPM-009876,Flipkart Internet Pvt Ltd - West,Flipkart - Saidham G FC - 3457,Cassette AC,6/19/2024,6/19/2024,17:48:58,Manisha.kashyap,,Planned
CS-PPM-009875,Flipkart Internet Pvt Ltd - West,Flipkart - Saidham G FC - 3457,Cassette AC,6/19/2024,6/19/2024,17:48:47,Manisha.kashyap,,Planned
CS-PPM-009874,Flipkart Internet Pvt Ltd - West,Flipkart - Saidham G FC - 3457,Cassette AC,6/19/2024,6/19/2024,17:48:29,Manisha.kashyap,,Planned
CS-PPM-009873,Flipkart Internet Pvt Ltd - West,Flipkart - Saidham G FC - 3457,Cassette AC,6/19/2024,6/19/2024,17:48:13,Manisha.kashyap,,Planned
CS-PPM-009872,Flipkart Internet Pvt Ltd - West,Flipkart - Saidham G FC - 3457,Ductable AC,6/19/2024,6/19/2024,17:47:56,Manisha.kashyap,,Planned
CS-PPM-009871,Flipkart Internet Pvt Ltd - West,Flipkart - Saidham G FC - 3457,Ductable AC,6/19/2024,6/19/2024,17:47:39,Manisha.kashyap,,Planned
CS-PPM-009870,Flipkart Internet Pvt Ltd - West,Flipkart - Saidham G FC - 3457,Ductable AC,6/19/2024,6/19/2024,17:47:26,Manisha.kashyap,,Planned
CS-PPM-009869,Flipkart Internet Pvt Ltd - West,Flipkart - Saidham G FC - 3457,Split AC,6/19/2024,6/19/2024,17:46:59,Manisha.kashyap,,Planned
CS-PPM-009868,Flipkart Internet Pvt Ltd - West,Flipkart - Saidham G FC - 3457,Split AC,6/19/2024,6/19/2024,17:46:45,Manisha.kashyap,,Planned
CS-PPM-009867,Flipkart Internet Pvt Ltd - West,Flipkart - Saidham G1 MH - 3460,Split AC,6/19/2024,6/19/2024,17:37:41,Manisha.kashyap,,Planned
CS-PPM-009866,Flipkart Internet Pvt Ltd - West,Flipkart - Saidham G1 MH - 3460,Split AC,6/19/2024,6/19/2024,17:37:28,Manisha.kashyap,,Planned
CS-PPM-009865,Flipkart Internet Pvt Ltd - West,Flipkart - Saidham G1 MH - 3460,Split AC,6/19/2024,6/19/2024,17:37:15,Manisha.kashyap,,Planned
CS-PPM-009864,Flipkart Internet Pvt Ltd - West,Flipkart - Saidham G1 MH - 3460,Split AC,6/19/2024,6/19/2024,17:36:54,Manisha.kashyap,,Planned
CS-PPM-009863,Flipkart Internet Pvt Ltd - West,Flipkart - Saidham G1 MH - 3460,Split AC,6/19/2024,6/19/2024,17:36:38,Manisha.kashyap,,Planned
CS-PPM-009862,Flipkart Internet Pvt Ltd - West,Flipkart - Saidham G1 MH - 3460,Split AC,6/19/2024,6/19/2024,17:36:18,Manisha.kashyap,,Planned
CS-PPM-009861,Flipkart Internet Pvt Ltd - West,Flipkart - Saidham G1 MH - 3460,Split AC,6/19/2024,6/19/2024,17:36:04,Manisha.kashyap,,Planned
CS-PPM-009829,Gary Global Solutions,Gary - Noida,Split AC,6/19/2024,6/18/2024,10:12:13,admin,,Planned
CS-PPM-009828,Gary Global Solutions,Gary - Noida,Split AC,6/20/2024,6/18/2024,10:12:13,admin,,Planned
CS-PPM-009827,Flipkart Internet Pvt Ltd - South,Flipkart - Vizag large - 3469,Split Ac,6/17/2024,6/17/2024,11:55:47,Manisha.kashyap,,Planned
CS-PPM-009826,Flipkart Internet Pvt Ltd - South,Flipkart - Vizag large - 3469,Split Ac,6/17/2024,6/17/2024,11:55:34,Manisha.kashyap,,Planned
CS-PPM-009825,Flipkart Internet Pvt Ltd - South,Flipkart - Vizag large - 3469,Split Ac,6/17/2024,6/17/2024,11:55:17,Manisha.kashyap,,Planned
CS-PPM-009824,Flipkart Internet Pvt Ltd - South,Flipkart - Vizag large - 3469,Split Ac,6/17/2024,6/17/2024,11:54:44,Manisha.kashyap,,Planned
CS-PPM-009823,Flipkart Internet Pvt Ltd - South,Flipkart - Vizag large - 3469,Split Ac,6/17/2024,6/17/2024,11:54:28,Manisha.kashyap,,Planned
CS-PPM-009822,Flipkart Internet Pvt Ltd - South,Flipkart - Vizag large - 3469,Split Ac,6/17/2024,6/17/2024,11:54:15,Manisha.kashyap,,Planned
CS-PPM-009821,Flipkart Internet Pvt Ltd - South,Flipkart - Vizag large - 3469,Split Ac,6/17/2024,6/17/2024,11:53:56,Manisha.kashyap,,Planned
CS-PPM-009820,Flipkart Internet Pvt Ltd - South,Flipkart - Vizag large - 3469,Split Ac,6/17/2024,6/17/2024,11:53:42,Manisha.kashyap,,Planned
CS-PPM-009819,Flipkart Internet Pvt Ltd - South,Flipkart - Vizag large - 3469,Split Ac,6/17/2024,6/17/2024,11:53:30,Manisha.kashyap,,Planned
CS-PPM-009793,Flipkart Internet Pvt Ltd - South,Flipkart - PTC MH - 2198,Split AC,6/17/2024,6/17/2024,11:35:12,Manisha.kashyap,,Planned
CS-PPM-009792,Flipkart Internet Pvt Ltd - South,Flipkart - PTC MH - 2198,Split AC,6/17/2024,6/17/2024,11:34:58,Manisha.kashyap,,Planned
CS-PPM-009791,Flipkart Internet Pvt Ltd - South,Flipkart - PTC MH - 2198,Split AC,6/17/2024,6/17/2024,11:34:40,Manisha.kashyap,,Planned
CS-PPM-009790,Flipkart Internet Pvt Ltd - South,Flipkart - PTC MH - 2198,Cassette AC,6/17/2024,6/17/2024,11:34:21,Manisha.kashyap,,Planned
CS-PPM-009789,Flipkart Internet Pvt Ltd - South,Flipkart - PTC MH - 2198,Cassette AC,6/17/2024,6/17/2024,11:34:01,Manisha.kashyap,,Planned
CS-PPM-009788,Flipkart Internet Pvt Ltd - South,Flipkart - PTC MH - 2198,Cassette AC,6/17/2024,6/17/2024,11:33:49,Manisha.kashyap,,Planned
CS-PPM-009787,Flipkart Internet Pvt Ltd - South,Flipkart - PTC MH - 2198,Split AC,6/17/2024,6/17/2024,11:33:35,Manisha.kashyap,,Planned
CS-PPM-009786,Flipkart Internet Pvt Ltd - South,Flipkart - PTC MH - 2198,Split AC,6/17/2024,6/17/2024,11:33:17,Manisha.kashyap,,Planned
CS-PPM-009784,Flipkart Internet Pvt Ltd - South,Flipkart - Sangareddy - 3493,SPLIT AC,6/17/2024,6/17/2024,11:32:45,Manisha.kashyap,,Planned
CS-PPM-009783,Flipkart Internet Pvt Ltd - South,Flipkart - Sangareddy - 3493,SPLIT AC,6/17/2024,6/17/2024,11:32:30,Manisha.kashyap,,Planned
CS-PPM-009782,Flipkart Internet Pvt Ltd - South,Flipkart - Sangareddy - 3493,SPLIT AC,6/17/2024,6/17/2024,11:32:15,Manisha.kashyap,,Planned
CS-PPM-009781,Flipkart Internet Pvt Ltd - South,Flipkart - Sangareddy - 3493,SPLIT AC,6/17/2024,6/17/2024,11:31:54,Manisha.kashyap,,Planned
CS-PPM-009780,Flipkart Internet Pvt Ltd - South,Flipkart - Sangareddy - 3493,SPLIT AC,6/17/2024,6/17/2024,11:31:40,Manisha.kashyap,,Planned
CS-PPM-009779,Flipkart Internet Pvt Ltd - South,Flipkart - Sangareddy - 3493,SPLIT AC,6/17/2024,6/17/2024,11:31:24,Manisha.kashyap,,Planned
CS-PPM-009778,Flipkart Internet Pvt Ltd - South,Flipkart - Sangareddy - 3493,Cassette AC,6/17/2024,6/17/2024,11:31:09,Manisha.kashyap,,Planned
CS-PPM-009777,Flipkart Internet Pvt Ltd - South,Flipkart - Sangareddy - 3493,Cassette AC,6/17/2024,6/17/2024,11:30:57,Manisha.kashyap,,Planned
CS-PPM-009776,Flipkart Internet Pvt Ltd - South,Flipkart - Sangareddy - 3493,Cassette AC,6/17/2024,6/17/2024,11:30:43,Manisha.kashyap,,Planned
CS-PPM-009775,Flipkart Internet Pvt Ltd - South,Flipkart - Sangareddy - 3493,Cassette AC,6/17/2024,6/17/2024,11:30:29,Manisha.kashyap,,Planned
CS-PPM-009774,Flipkart Internet Pvt Ltd - South,Flipkart - Sangareddy - 3493,Cassette AC,6/17/2024,6/17/2024,11:30:08,Manisha.kashyap,,Planned
CS-PPM-009773,Flipkart Internet Pvt Ltd - South,Flipkart - Sangareddy - 3493,Cassette AC,6/17/2024,6/17/2024,11:29:54,Manisha.kashyap,,Planned
CS-PPM-009772,Flipkart Internet Pvt Ltd - South,Flipkart - Sangareddy - 3493,Cassette AC,6/17/2024,6/17/2024,11:29:40,Manisha.kashyap,,Planned
CS-PPM-009771,Flipkart Internet Pvt Ltd - South,Flipkart - Medchal MH - 3629,Split AC,6/17/2024,6/17/2024,11:28:58,Manisha.kashyap,,Planned
CS-PPM-009770,Flipkart Internet Pvt Ltd - South,Flipkart - Medchal MH - 3629,Split AC,6/17/2024,6/17/2024,11:28:45,Manisha.kashyap,,Planned
CS-PPM-009769,Flipkart Internet Pvt Ltd - South,Flipkart - Medchal MH - 3629,Split AC,6/17/2024,6/17/2024,11:28:28,Manisha.kashyap,,Planned
CS-PPM-009768,Flipkart Internet Pvt Ltd - South,Flipkart - Medchal MH - 3629,Split AC,6/17/2024,6/17/2024,11:28:13,Manisha.kashyap,,Planned
CS-PPM-009767,Flipkart Internet Pvt Ltd - South,Flipkart - Medchal MH - 3629,Split AC,6/17/2024,6/17/2024,11:28:00,Manisha.kashyap,,Planned
CS-PPM-009766,Flipkart Internet Pvt Ltd - South,Flipkart - Medchal MH - 3629,Split AC,6/17/2024,6/17/2024,11:27:27,Manisha.kashyap,,Planned
CS-PPM-009765,Flipkart Internet Pvt Ltd - South,Flipkart - Medchal MH - 3629,Split AC,6/17/2024,6/17/2024,11:27:12,Manisha.kashyap,,Planned
CS-PPM-009764,Flipkart Internet Pvt Ltd - South,Flipkart - Medchal MH - 3629,Split AC,6/17/2024,6/17/2024,11:25:48,Manisha.kashyap,,Planned
CS-PPM-009763,Flipkart Internet Pvt Ltd - South,Flipkart - Medchal FC - 2135,Split AC,6/17/2024,6/17/2024,11:21:53,Manisha.kashyap,,Planned
CS-PPM-009762,Flipkart Internet Pvt Ltd - South,Flipkart - Medchal FC - 2135,Split AC,6/17/2024,6/17/2024,11:21:35,Manisha.kashyap,,Planned
CS-PPM-009761,Flipkart Internet Pvt Ltd - South,Flipkart - Medchal FC - 2135,Split AC,6/17/2024,6/17/2024,11:21:19,Manisha.kashyap,,Planned
CS-PPM-009760,Flipkart Internet Pvt Ltd - South,Flipkart - Medchal FC - 2135,Split AC,6/17/2024,6/17/2024,11:21:03,Manisha.kashyap,,Planned
CS-PPM-009759,Flipkart Internet Pvt Ltd - South,Flipkart - Medchal FC - 2135,Split AC,6/17/2024,6/17/2024,11:20:39,Manisha.kashyap,,Planned
CS-PPM-009758,Flipkart Internet Pvt Ltd - South,Flipkart - Medchal FC - 2135,Split AC,6/17/2024,6/17/2024,11:20:23,Manisha.kashyap,,Planned
CS-PPM-009757,Flipkart Internet Pvt Ltd - South,Flipkart - Medchal FC - 2135,Split AC,6/17/2024,6/17/2024,11:20:08,Manisha.kashyap,,Planned
CS-PPM-009756,Flipkart Internet Pvt Ltd - South,Flipkart - Medchal FC - 2135,Split AC,6/17/2024,6/17/2024,11:19:46,Manisha.kashyap,,Planned
CS-PPM-009755,Flipkart Internet Pvt Ltd - South,Flipkart - Medchal FC - 2135,Split AC,6/17/2024,6/17/2024,11:19:24,Manisha.kashyap,,Planned
CS-PPM-009754,Flipkart Internet Pvt Ltd - South,Flipkart - Medchal FC - 2135,Split AC,6/17/2024,6/17/2024,11:18:59,Manisha.kashyap,,Planned
CS-PPM-009753,Flipkart Internet Pvt Ltd - South,Flipkart - Medchal FC - 2135,Split AC,6/17/2024,6/17/2024,11:18:34,Manisha.kashyap,,Planned
CS-PPM-009752,Flipkart Internet Pvt Ltd - South,Flipkart - Medchal FC - 2135,Split AC,6/17/2024,6/17/2024,11:18:18,Manisha.kashyap,,Planned
CS-PPM-009751,Flipkart Internet Pvt Ltd - South,Flipkart - Medchal FC - 2135,Split AC,6/17/2024,6/17/2024,11:17:41,Manisha.kashyap,,Planned
CS-PPM-009750,Flipkart Internet Pvt Ltd - South,Flipkart - Medchal FC - 2135,Split AC,6/17/2024,6/17/2024,11:17:16,Manisha.kashyap,,Planned
CS-PPM-009749,Flipkart Internet Pvt Ltd - South,Flipkart - Medchal FC - 2135,Split AC,6/17/2024,6/17/2024,11:16:56,Manisha.kashyap,,Planned
CS-PPM-009748,Flipkart Internet Pvt Ltd - South,Flipkart - Medchal FC - 2135,Split AC,6/17/2024,6/17/2024,11:16:15,Manisha.kashyap,,Planned
CS-PPM-009747,Flipkart Internet Pvt Ltd - South,Flipkart - Medchal FC - 2135,Split AC,6/17/2024,6/17/2024,11:15:59,Manisha.kashyap,,Planned
CS-PPM-009746,Flipkart Internet Pvt Ltd - South,Flipkart - Medchal FC - 2135,Split AC,6/17/2024,6/17/2024,11:15:34,Manisha.kashyap,,Planned
CS-PPM-009745,Flipkart Internet Pvt Ltd - South,Flipkart - Medchal FC - 2135,Split AC,6/17/2024,6/17/2024,11:14:59,Manisha.kashyap,,Planned
CS-PPM-009744,Flipkart Internet Pvt Ltd - South,Flipkart - Medchal FC - 2135,Split AC,6/17/2024,6/17/2024,11:12:25,Manisha.kashyap,,Planned
CS-PPM-009743,Flipkart Internet Pvt Ltd - South,Flipkart - Medchal FC - 2135,Split AC,6/17/2024,6/17/2024,11:12:03,Manisha.kashyap,,Planned
CS-PPM-009742,Flipkart Internet Pvt Ltd - South,Flipkart - Medchal FC - 2135,Split AC,6/17/2024,6/17/2024,11:11:31,Manisha.kashyap,,Planned
CS-PPM-009741,Flipkart Internet Pvt Ltd - South,Flipkart - Medchal FC - 2135,Split AC,6/17/2024,6/17/2024,11:11:11,Manisha.kashyap,,Planned
CS-PPM-009740,Flipkart Internet Pvt Ltd - South,Flipkart - Medchal FC - 2135,Split AC,6/17/2024,6/17/2024,11:10:20,Manisha.kashyap,,Planned
CS-PPM-009739,Flipkart Internet Pvt Ltd - South,Flipkart - Medchal FC - 2135,Split AC,6/17/2024,6/17/2024,11:09:57,Manisha.kashyap,,Planned
CS-PPM-009738,Flipkart Internet Pvt Ltd - South,Flipkart - Medchal FC - 2135,Split AC,6/17/2024,6/17/2024,11:09:34,Manisha.kashyap,,Planned
CS-PPM-009737,Flipkart Internet Pvt Ltd - South,Flipkart - Medchal FC - 2135,Split AC,6/17/2024,6/17/2024,11:08:56,Manisha.kashyap,,Planned
CS-PPM-009694,Vodafone Idea Limited,VI Store (Kalawad - Rajkot),CASSETTE AC - 4 TR,6/8/2024,6/8/2024,18:21:41,Manisha.kashyap,,Planned
CS-PPM-009690,Vodafone Idea Limited,VI Store (Kalawad - Rajkot),CASSETTE AC - 4 TR,6/8/2024,6/8/2024,18:20:33,Manisha.kashyap,,Planned
CS-PPM-009686,Vodafone Idea Limited,VI Store (Kalawad - Rajkot),Split AC - 1TR,6/8/2024,6/8/2024,18:19:51,Manisha.kashyap,,Planned
CS-PPM-009682,Vodafone Idea Limited,VI Store (Bapunagar2 -Ahmedabad),Split AC - 1.5 TR,6/7/2024,6/7/2024,18:11:08,Manisha.kashyap,,Planned
CS-PPM-009678,Vodafone Idea Limited,VI Store (Bapunagar2 -Ahmedabad),Split AC - 1.5 TR,6/7/2024,6/7/2024,18:10:31,Manisha.kashyap,,Planned
CS-PPM-009674,Vodafone Idea Limited,VI Store (Bapunagar2 -Ahmedabad),Split AC - 1.5 TR,6/7/2024,6/7/2024,18:09:56,Manisha.kashyap,,Planned
CS-PPM-009670,Vodafone Idea Limited,VI Store (Bapunagar2 -Ahmedabad),Split AC - 1.5 TR,6/7/2024,6/7/2024,18:09:22,Manisha.kashyap,,Planned
CS-PPM-009666,Vodafone Idea Limited,VI Store (Bapunagar2 -Ahmedabad),Split AC - 1.5 TR,6/7/2024,6/7/2024,18:08:45,Manisha.kashyap,,Planned
CS-PPM-009662,Vodafone Idea Limited,VI Store (Bapunagar2 -Ahmedabad),Split AC - 1.5 TR,6/7/2024,6/7/2024,18:08:07,Manisha.kashyap,,Planned
CS-PPM-009654,Tata Communication Limited,TCL - Nehru Colony - Dehradun,Split AC-2,6/3/2024,6/3/2024,11:40:21,Manisha.kashyap,,Planned
CS-PPM-009650,Tata Communication Limited,TCL - Nehru Colony - Dehradun,Split AC-1,6/3/2024,6/3/2024,11:39:38,Manisha.kashyap,,Planned
CS-PPM-009642,Tata Communication Limited,TCL - Lachhiwala - Dehradun,?Split AC,6/3/2024,6/3/2024,11:36:53,Manisha.kashyap,,Planned
CS-PPM-009638,Tata Communication Limited,TCL - Lachhiwala - Dehradun,?Split AC,6/3/2024,6/3/2024,11:35:44,Manisha.kashyap,,Planned
CS-PPM-009634,Tata Communication Limited,TCL - Lachhiwala - Dehradun,?Split AC,6/3/2024,6/3/2024,11:33:45,Manisha.kashyap,,Planned
CS-PPM-009630,Tata Communication Limited,TCL - Lachhiwala - Dehradun,Split AC,6/3/2024,6/3/2024,11:33:03,Manisha.kashyap,,Planned
CS-PPM-009626,Tata Communication Limited,TCL - Lachhiwala - Dehradun,split AC,6/3/2024,6/3/2024,11:31:52,Manisha.kashyap,,Planned
CS-PPM-009582,Flipkart Internet Pvt Ltd - South,Flipkart - Hyd Zeromile - 3468,Split AC,5/30/2024,5/30/2024,18:35:24,Manisha.kashyap,,Planned
CS-PPM-009578,Flipkart Internet Pvt Ltd - South,Flipkart - Hyd Zeromile - 3468,Split AC,5/30/2024,5/30/2024,18:35:18,Manisha.kashyap,,Planned
CS-PPM-009574,Flipkart Internet Pvt Ltd - South,Flipkart - Hyd Zeromile - 3468,Split AC,5/30/2024,5/30/2024,18:35:12,Manisha.kashyap,,Planned
CS-PPM-009554,Flipkart Internet Pvt Ltd - South,Flipkart - Hyd Zeromile - 3468,Split AC,5/30/2024,5/30/2024,18:24:46,Manisha.kashyap,,Planned
CS-PPM-009534,Flipkart Internet Pvt Ltd - West,Flipkart - New Nagpur MH BTS - 3388,Split AC,5/23/2024,5/23/2024,18:20:18,Manisha.kashyap,,Planned
CS-PPM-009530,Flipkart Internet Pvt Ltd - West,Flipkart - New Nagpur MH BTS - 3388,Split AC,5/23/2024,5/23/2024,18:19:12,Manisha.kashyap,,Planned
CS-PPM-009526,Flipkart Internet Pvt Ltd - West,Flipkart - New Nagpur MH BTS - 3388,Split AC,5/23/2024,5/23/2024,18:17:43,Manisha.kashyap,,Planned
CS-PPM-009522,Flipkart Internet Pvt Ltd - West,Flipkart - New Nagpur MH BTS - 3388,Split AC,5/23/2024,5/23/2024,18:16:41,Manisha.kashyap,,Planned
CS-PPM-009518,Flipkart Internet Pvt Ltd - West,Flipkart - New Nagpur MH BTS - 3388,Split AC,5/23/2024,5/23/2024,18:15:29,Manisha.kashyap,,Planned
CS-PPM-009514,Flipkart Internet Pvt Ltd - West,Flipkart - New Nagpur MH BTS - 3388,Split AC,5/23/2024,5/23/2024,18:14:26,Manisha.kashyap,,Planned
CS-PPM-009510,Flipkart Internet Pvt Ltd - West,Flipkart - New Nagpur MH BTS - 3388,Split AC,5/23/2024,5/23/2024,18:13:06,Manisha.kashyap,,Planned
CS-PPM-009506,Flipkart Internet Pvt Ltd - West,Flipkart - New Nagpur MH BTS - 3388,Split AC,5/23/2024,5/23/2024,18:08:55,Manisha.kashyap,,Planned
CS-PPM-009502,Flipkart Internet Pvt Ltd - West,Flipkart - New Nagpur MH BTS - 3388,Split AC,5/23/2024,5/23/2024,18:07:46,Manisha.kashyap,,Planned
CS-PPM-009498,Flipkart Internet Pvt Ltd - West,Flipkart - New Nagpur MH BTS - 3388,Split AC,5/23/2024,5/23/2024,18:06:04,Manisha.kashyap,,Planned
CS-PPM-009494,Flipkart Internet Pvt Ltd - West,Flipkart - New Nagpur MH BTS - 3388,Split AC,5/23/2024,5/23/2024,18:04:45,Manisha.kashyap,,Planned
CS-PPM-009490,Flipkart Internet Pvt Ltd - West,Flipkart - New Nagpur MH BTS - 3388,Split AC,5/23/2024,5/23/2024,18:01:57,Manisha.kashyap,,Planned
CS-PPM-009486,Flipkart Internet Pvt Ltd - West,Flipkart - New Nagpur MH BTS - 3388,Split AC,5/23/2024,5/23/2024,18:00:23,Manisha.kashyap,,Planned
CS-PPM-009482,Flipkart Internet Pvt Ltd - West,Flipkart - New Nagpur MH BTS - 3388,Split AC,5/23/2024,5/23/2024,17:58:43,Manisha.kashyap,,Planned
CS-PPM-009478,Flipkart Internet Pvt Ltd - West,Flipkart - New Nagpur MH BTS - 3388,Split AC,5/23/2024,5/23/2024,17:57:03,Manisha.kashyap,,Planned
CS-PPM-009474,Flipkart Internet Pvt Ltd - West,Flipkart - New Nagpur MH BTS - 3388,Split AC,5/23/2024,5/23/2024,17:55:25,Manisha.kashyap,,Planned
CS-PPM-009470,Flipkart Internet Pvt Ltd - West,Flipkart - New Nagpur MH BTS - 3388,Split AC,5/23/2024,5/23/2024,17:54:25,Manisha.kashyap,,Planned
CS-PPM-009466,Flipkart Internet Pvt Ltd - West,Flipkart - New Nagpur MH BTS - 3388,Split AC,5/23/2024,5/23/2024,17:51:58,Manisha.kashyap,,Planned
CS-PPM-009462,Flipkart Internet Pvt Ltd - West,Flipkart - New Nagpur MH BTS - 3388,Split AC,5/23/2024,5/23/2024,17:50:50,Manisha.kashyap,,Planned
CS-PPM-009458,Flipkart Internet Pvt Ltd - West,Flipkart - New Nagpur MH BTS - 3388,Split AC,5/23/2024,5/23/2024,17:50:02,Manisha.kashyap,,Planned
CS-PPM-009454,Flipkart Internet Pvt Ltd - West,Flipkart - New Nagpur MH BTS - 3388,Split AC,5/23/2024,5/23/2024,17:49:07,Manisha.kashyap,,Planned
CS-PPM-009450,Flipkart Internet Pvt Ltd - West,Flipkart - New Nagpur MH BTS - 3388,Split AC,5/23/2024,5/23/2024,17:48:09,Manisha.kashyap,,Planned
CS-PPM-009446,Flipkart Internet Pvt Ltd - West,Flipkart - New Nagpur MH BTS - 3388,Split AC,5/23/2024,5/23/2024,17:45:23,Manisha.kashyap,,Planned
CS-PPM-009442,Flipkart Internet Pvt Ltd - West,Flipkart - Nagpur Large - 3478,Split AC,5/23/2024,5/23/2024,17:39:46,Manisha.kashyap,,Planned
CS-PPM-009438,Flipkart Internet Pvt Ltd - West,Flipkart - Nagpur Large - 3478,Split AC,5/23/2024,5/23/2024,17:36:50,Manisha.kashyap,,Planned
CS-PPM-009434,Flipkart Internet Pvt Ltd - West,Flipkart - Nagpur Large - 3478,Split AC,5/23/2024,5/23/2024,17:35:50,Manisha.kashyap,,Planned
CS-PPM-009430,Flipkart Internet Pvt Ltd - West,Flipkart - Nagpur Large - 3478,Split AC,5/23/2024,5/23/2024,17:34:13,Manisha.kashyap,,Planned
CS-PPM-009426,Flipkart Internet Pvt Ltd - West,Flipkart - Nagpur Large - 3478,Split AC,5/23/2024,5/23/2024,17:33:22,Manisha.kashyap,,Planned
CS-PPM-009422,Flipkart Internet Pvt Ltd - West,Flipkart - Nagpur Large - 3478,Split AC,5/23/2024,5/23/2024,17:29:43,Manisha.kashyap,,Planned
CS-PPM-009418,Flipkart Internet Pvt Ltd - West,Flipkart - Nagpur Large - 3478,Split AC,5/23/2024,5/23/2024,17:28:33,Manisha.kashyap,,Planned
CS-PPM-009414,Flipkart Internet Pvt Ltd - West,Flipkart - Nagpur Large - 3478,Split AC,5/23/2024,5/23/2024,17:25:42,Manisha.kashyap,,Planned
CS-PPM-009410,Flipkart Internet Pvt Ltd - West,Flipkart - Nagpur Large - 3478,Split AC,5/23/2024,5/23/2024,17:24:06,Manisha.kashyap,,Planned
CS-PPM-009407,Flipkart Internet Pvt Ltd - West,Flipkart - Nagpur Large - 3478,Split AC,6/30/2024,5/23/2024,17:22:41,Manisha.kashyap,,Planned
CS-PPM-009406,Flipkart Internet Pvt Ltd - West,Flipkart - Nagpur Large - 3478,Split AC,5/23/2024,5/23/2024,17:22:41,Manisha.kashyap,,Planned
CS-PPM-009402,Flipkart Internet Pvt Ltd - West,Flipkart - Nagpur Large - 3478,Split AC,5/23/2024,5/23/2024,17:21:26,Manisha.kashyap,,Planned
CS-PPM-009398,Flipkart Internet Pvt Ltd - West,Flipkart - Nagpur Large - 3478,Split AC,5/23/2024,5/23/2024,17:19:22,Manisha.kashyap,,Planned
CS-PPM-009394,Flipkart Internet Pvt Ltd - West,Flipkart - Nagpur Large - 3478,Split AC,5/23/2024,5/23/2024,17:14:51,Manisha.kashyap,,Planned
CS-PPM-009390,Flipkart Internet Pvt Ltd - West,Flipkart - TrimurtiNagarHub_NAG - 6670,Split AC,5/23/2024,5/23/2024,17:10:26,Manisha.kashyap,,Planned
CS-PPM-009386,Flipkart Internet Pvt Ltd - West,Flipkart - TrimurtiNagarHub_NAG - 6670,Split AC,5/23/2024,5/23/2024,17:09:24,Manisha.kashyap,,Planned
CS-PPM-009382,Flipkart Internet Pvt Ltd - West,Flipkart - TrimurtiNagarHub_NAG - 6670,Split AC,5/23/2024,5/23/2024,17:07:17,Manisha.kashyap,,Planned
CS-PPM-009378,Flipkart Internet Pvt Ltd - West,Flipkart - TrimurtiNagarHub_NAG - 6670,Split AC,5/23/2024,5/23/2024,17:05:49,Manisha.kashyap,,Planned
CS-PPM-009376,Flipkart Internet Pvt Ltd - South,Flipkart - Malur BTS - FC - 2199,DUCTABLE AC,5/21/2024,5/17/2024,12:07:22,Flipkart_South,,Planned
CS-PPM-009375,Flipkart Internet Pvt Ltd - South,Flipkart - Malur BTS - FC - 2199,DUCTABLE AC,5/18/2024,5/17/2024,12:07:22,Flipkart_South,,Planned
CS-PPM-009374,Flipkart Internet Pvt Ltd - South,Flipkart - Malur BTS - FC - 2199,Split AC,5/21/2024,5/17/2024,12:06:13,Flipkart_South,,Planned
CS-PPM-009372,Flipkart Internet Pvt Ltd - South,Flipkart - Malur BTS - FC - 2199,Split AC,5/18/2024,5/17/2024,12:06:13,Flipkart_South,,Planned
CS-PPM-009364,MARUTI SUZUKI INDIA LIMITED,MSIL-Kolkata,RO,5/15/2024,5/15/2024,12:51:22,Manisha.kashyap,,Planned
CS-PPM-009360,MARUTI SUZUKI INDIA LIMITED,MSIL-Kolkata,RO,5/15/2024,5/15/2024,12:49:29,Manisha.kashyap,,Planned
CS-PPM-009356,MARUTI SUZUKI INDIA LIMITED,MSIL-Kolkata,RO,5/15/2024,5/15/2024,12:47:45,Manisha.kashyap,,Planned
CS-PPM-009352,MARUTI SUZUKI INDIA LIMITED,MSIL-Kolkata,RO,5/15/2024,5/15/2024,12:41:09,Manisha.kashyap,,Planned
CS-PPM-009348,MARUTI SUZUKI INDIA LIMITED,MSIL-Kolkata,RO,5/15/2024,5/15/2024,12:39:01,Manisha.kashyap,,Planned
CS-PPM-009337,ISS-Capgemini Technology Services India Limited,Capgemini - IGate Junction - KA,Garbage/Garden waste,6/8/2024,5/8/2024,18:53:46,Shivani,,Planned
CS-PPM-009336,ISS-Capgemini Technology Services India Limited,Capgemini - IGate Junction - KA,Garbage/Garden waste,5/8/2024,5/8/2024,18:53:46,Shivani,,Planned
CS-PPM-008717,GeBBS Healthcare Solutions Pvt. Ltd.,Gebbs - Airoli,Compactor,6/30/2024,3/30/2024,11:37:30,admin,,Planned
CS-PPM-008716,GeBBS Healthcare Solutions Pvt. Ltd.,Gebbs - Airoli,Compactor,3/30/2024,3/30/2024,11:37:30,admin,,Planned
CS-PPM-008673,PRL Developers Private Limited,PRL - THANE - MH,Split AC - 1TR,4/1/2024,3/1/2024,11:44:46,Pammi.kumari,,Planned
CS-PPM-008661,PRL Developers Private Limited,PRL - THANE - MH,CASSETTE AC - 2 TR,4/1/2024,3/1/2024,11:43:08,Pammi.kumari,,Planned
CS-PPM-008660,PRL Developers Private Limited,PRL - THANE - MH,CASSETTE AC - 2 TR,3/1/2024,3/1/2024,11:43:08,Pammi.kumari,,Planned
CS-PPM-008657,PRL Developers Private Limited,PRL - THANE - MH,Split AC - 1.5 TR,4/1/2024,3/1/2024,11:42:34,Pammi.kumari,,Planned
