S.NO.,NAME,FATHER/HUSBAND NAME,DESIGNATION,EPF No.,UAN,ESIC No,EMPLOYEE ID,APP ID,DOJ,SITE,BASIC,HRA,CONVEYANCE,OTHER,BONUS,TOTAL RATE,STATE
1,BALA JEE,JITENDER KUMAR,MANAGER,10111,100736775629,NA,TECH-001,TECHX0082,01-06-2022,BIHAR & JHARKHAND,24080,9540,3000,596,584,37800,BIHAR & JHARKHAND
2,DEEPAK KUMAR ,BAJRANG KUNWAR,MANAGER,10006,101800976757,"2214848146	",TECH-014,TECHX0196,01-07-2022,Bangalore,17396,4000,1820,0,584,23800,KARNATAKA
3,PADMALOCHAN MALLICK,KAILASH CHANDRA MALLICK,MANAGER,10014,100265031619,N/A,TECH-016,TECHX0096,01-09-2022,Chennai,32500,12500,1800,4416,584,51800,TAMIL NADU
4,GOVIND KUMAR SINGH ,VIJAY SHANKAR SINGH ,MANAGER,10016,100155939558,N/A,TECH-025,TECHX0083,22/11/2022,NOIDA ,23000,7500,4500,4716,584,40300,UTTAR PRADESH
5,MUKESH GURJAR,RAM RAJ GURJAR,TECHNICIAN,10022,101896680328,2018873885,TECH-027,TECHX0152,12-01-2022,Rajsthan ,18000,2200,320,4336,584,25440,RAJASTHAN
6,UMA SAHNI,CHHEDI LAL,ACCOUNT EXECUTIVE,10028,101817661114,"3013050058	",TECH-031,TECHX0130,01-01-2023,Noida -Office ,18044,3172,0,0,584,21800,UTTAR PRADESH
7,SHADAB,ISLAMUDDEEN,CARPENTER,10035,"	101787083799",N/A,TECH-041,TECHX0033,10-02-2023,NOIDA,19300,4500,3000,1916,584,29300,UTTAR PRADESH
8,DHARMJEET SINGH ,ASHOK SINGH,MANAGER,N/A,N/A,N/A,TECH-044,TECHX0019,13-03-2023,KOLKATA ,28000,8500,4000,7916,584,49000,WEST BENGAL
9,ALAN G,JESUDOSS,EXECUTIVE,N/A,N/A,N/A,TECH-046,TECHX0161,01-04-2023,KERALA ,15000,6500,2000,2916,584,27000,KERALA
10,SANTOSH RAMJYABAN SONKAR ,RAMJYABAN SONKAR ,TECHNICIAN,10040,"	102010009769",N/A,TECH-050,TECHX0240,04-04-2023,Bangalore,22000,6500,2800,2916,584,34800,KARNATAKA
11,SACHIN YADAV,SUBEDAR,TECHNICIAN,10039,101949493045,2019146727,TECH-062,TECHX0286,01-09-2023,Noida ,20675,3018,1008,2015,584,27300,UTTAR PRADESH
12,DILEEP KUMAR,TRILOKI PRAJAPATI,ENGINEER,10043,100443255020,NA,TECH-068,TECHX0018,01-01-2024,Mumbai-Maharatra ,26500,7000,2700,4216,584,41000,MAHARASHTRA
13,AJIT RANJAN,MAHENDRA PRASAD,TECHNICIAN,10041,101276949103,NA,TECH-069,TECHX0222,01-01-2024,Mumbai-Maharatra ,16536,3172,3008,1500,584,24800,MAHARASHTRA
14, EAJAZUL HAQUE KHAN,"	MAHMOOD UL HAQUE KHAN JAISI",MANAGER,10044,100669454279,NA,TECH-071,TECHX0243,02-01-2024,Noida,49500,14000,11200,8726,584,84010,UTTAR PRADESH
15,SALMAN ALAM,JALAUDDIN,TECHNICIAN,10212,101787083752,2214830654,TECH-074,TECHX0030,01-02-2024,Mumbai-Maharatra ,18248,2000,723,1145,584,22700,MAHARASHTRA
16,SHIVA CHAND ,UDAYRAJ SHARMA,CARPENTER,N/A,N/A,N/A,TECH-075,TECHX0223,01-02-2024,Mumbai-Maharatra ,21000,7500,4000,2916,584,36000,MAHARASHTRA
17,GADSADHAR NAYAK,HAREKRISHNA NAYAK ,ENGINEER,,101266423308,N/A,TECH-078,TECHX0257,09-06-2024,Bangalore,22000,8800,3800,3616,584,38800,KARNATAKA
18,VENGADESH S ,SEKAR VENGADACHALAM,TECHNICIAN,N/A,N/A,N/A,TECH-080,TECHX0352,16-06-2024,COIMBTORE,21280,9540,0,596,584,32000,TAMIL NADU
19,RAJKUMAR C,CHELLAIYAH,TECHNICIAN,N/A,N/A,N/A,TECH-084,TECHX0485,01-08-2024,Chennai,13280,6540,2000,1596,584,24000,TAMIL NADU
20,ARVI ASHISH  KHERADE ,SHANTARAM KATHOD GHODVINDE,PROCUREMENT,N/A,N/A,N/A,TECH-085,TECHX0441,20-08-2024,Mumbai-Maharatra ,21300,7300,4000,2916,584,36100,MAHARASHTRA
21,DEVANAND SHARMA ,JUGAL KISHOR,CARPENTER,N/A,N/A,N/A,TECH-086,TECHX0347,01-09-2024,Mumbai-Maharatra ,17000,6500,0,2916,584,27000,MAHARASHTRA
22,PRADNYA GHADGE,BHANUDAS GHADGE,EXECUTIVE,N/A,N/A,N/A,TECH-087,TECHX0423,01-09-2024,Pune,15000,2500,0,2916,584,21000,MAHARASHTRA
23,SANTOSH,MAHESH KUMAR SHRIVAS,TECHNICIAN,10078,102125114644,2019515041,TECH-090,TECHX0282,14-9-24,Delhi ,14366,3000,3000,2500,584,23450,UTTAR PRADESH
24,KIRAN,UMESH YADAV,EXECUTIVE,10083,102125114663,2019510861,TECH-091,TECHX0382,14-9-24,Noida ,13171,1145,516,0,584,15416,UTTAR PRADESH
25,SALONI,SANJAY KUMAR THAKUR,EXECUTIVE,10091,102038010464,6723062927,TECH-098,TECHX0380,17-9-24,Noida ,19000,2381,0,0,584,21965,UTTAR PRADESH
26,PRIYANKA KUMARI,CHANDAN SINGH,EXECUTIVE,10084,101720488802,6721130000,TECH-099,TECHX0402,23-9-24,Noida ,13171,629,516,0,584,14900,UTTAR PRADESH
27,SANIYA SISODIA,SUBHASH SISODIA,EXECUTIVE,10079,102125114659,2019525664,TECH-103,TECHX0397,26-9-24,Noida ,13187,3172,2000,0,584,18943,UTTAR PRADESH
28,SAURAV SHARMA,AJAY KUMAR SHARMA,MANAGER,10093,101668161972,N/A,TECH-105,TECHX0124,01-10-2024,JAIPUR,24080,9540,2000,596,584,36800,RAJASTHAN
29,AVDESH KUMAR SHARMA,SHYAM MURARI SHARMA,SUPERVISOR,10080,101167741945,2016831649,TECH-106,TECHX0388,01-10-2024,MSIL-Jaipur ,19815,2866,500,1000,584,24765,RAJASTHAN
30,SITARAM ARYA,RAM SWAROOP,TECHNICIAN,10090,101069078369,1508577520,TECH-107,TECHX0387,01-10-2024,MSIL-Jaipur ,14183,3172,500,0,584,18439,RAJASTHAN
31,RAJKUMAR GURJAR,SHIMBHU SINGH GURJAR,TECHNICIAN,10076,101254403847,6928853331,TECH-108,TECHX0394,01-10-2024,MSIL-Jaipur ,14183,3172,500,0,584,18439,RAJASTHAN
32,MOHAN LAL SAINI,HERPHOOL SAINI,TECHNICIAN,10082,100961500570,1508519103,TECH-110,TECHX0391,01-10-2024,MSIL-Jaipur ,14183,3172,500,0,584,18439,RAJASTHAN
33,SANDEEP KUMAR YADAV,JHABAR MAL YADAV,FIRE WARDEN,10075,101969878106,1513008598,TECH-111,TECHX0395,01-10-2024,MSIL-Jaipur ,14183,3172,500,0,584,18439,RAJASTHAN
34,SATYAVEER SINGH,RAJENDRA SINGH,FIRE WARDEN,10094,101714451541,1511585260,TECH-113,TECHX0386,01-10-2024,MSIL-Jaipur ,14183,3172,500,0,584,18439,RAJASTHAN
35,KULDEEP SHARMA,PRADEEP SHARMA,FIRE WARDEN,10077,101925954900,1512691797,TECH-114,TECHX0390,01-10-2024,MSIL-Jaipur ,14183,3172,500,0,584,18439,RAJASTHAN
36,DHARAMRAJ MEENA,GORA MEENA,PLUMBER,10086,101592141907,1510900858,TECH-115,TECHX0389,01-10-2024,MSIL-Jaipur ,14183,3172,500,0,584,18439,RAJASTHAN
37,PAWAN KUMAR MEENA,JAY LAL MEENA,PLUMBER,10089,101434287242,1512847401,TECH-116,TECHX0393,01-10-2024,MSIL-Jaipur ,14183,3172,500,0,584,18439,RAJASTHAN
38,PAMMI KUMARI ,BAJRANG KUNWAR,EXECUTIVE,10092,102132882479,2019546108,TECH-117,TECHX0242,10-10-2024,NOIDA,13171,0,500,0,584,14255,UTTAR PRADESH
39, TOQEER AFAQUE,MOHAMMAD KHALIL,ENGINEER,10097,100651371879,N/A,TECH-118,TECHX0420,02-11-2024,KOLKATA ,20216,4000,2000,0,584,26800,WEST BENGAL
40,PAWAN KUMAR SHARMA ,HARIOM SHARMA ,FIRE WARDEN,10100,100522420731,1511749697,TECH-119,,01-12-2024,MSIL-Jaipur ,14183,3172,500,0,584,18439,RAJASTHAN
41,JEEVA S ,SUNDHRALINGAN ,ENGINEER,N/A,N/A,N/A,TECH-120,TECHX0438,20-12-2024,Chennai,16683,2718,2000,2015,584,24000,TAMIL NADU
42,ASHOK KUMAR YADAV,LT.JAGDISH SINGH YADAV,SUPERVISOR,10103,101315551491,N/A,TECH-122,TECHX0445,01-01-2025,MSIL-INDORE,17747,3000,774,2494,584,24599,MADHYA PRADESH
43,RAHUL BOURASI,KISHOR BOURASI,TECHNICIAN,10111,101820738233,6932335592,TECH-124,TECHX0447,01-01-2025,MSIL-INDORE,19667,1000,0,0,584,21251,MADHYA PRADESH
44,ASHOK BOURASI,PREMRAM BOURASI,TECHNICIAN,10105,101748967072,6932335908,TECH-125,TECHX0448,01-01-2025,MSIL-INDORE,19667,1000,0,0,584,21251,MADHYA PRADESH
45,VIKKY RATHORE,DIPCHAND,FIRE WARDEN,10112,101298728476,6934911984,TECH-128,TECHX0450,01-01-2025,MSIL-INDORE,19763,0,1000,0,584,21347,MADHYA PRADESH
46,RAHUL PARMAR,NAR SINGH,FIRE WARDEN,10111,101228964620,6935390328,TECH-129,TECHX0451,01-01-2025,MSIL-INDORE,19763,0,1000,0,584,21347,MADHYA PRADESH
47,SUNIL SONGARA,SHRIRAM SONGARA,PLUMBER,10110,101658406668,6934911921,TECH-130,TECHX0452,01-01-2025,MSIL-INDORE,19325,0,1000,0,584,20909,MADHYA PRADESH
48,ANURAG MISHRA ,HARI PRAKASH ,TECHNICIAN,10116,101187599677,N/A,TECH-134,TECHX0265,01.01.2025,Gujrat -Ahemdabad ,24300,4000,3716,2200,584,34800,GUJARAT
49,LOKENDRA SINGH UMATH,SUMER SINGH UMETH,TECHNICIAN,10118,101903059550,6934346860,TECH-135,TECHX0455,09.01.2025,MSIL-INDORE,19667,1000,0,0,584,21251,MADHYA PRADESH
50,AKHILESH SHARMA,RAMYADE SHARMA,ENGINEER,10117,101651765210,N/A,TECH-136,TECHX0461,20-01-2025,Bangalore,22000,8000,2976,4000,584,37560,KARNATAKA
51,SANI KUMAR ,PEETAMBER SINGH ,TECHNICIAN,N/A,N/A,N/A,TECH-137,TECHX0456,05-01-1900,DELHI-NCR,23000,7200,4500,4716,584,40000,DELHI NCR
52,KASHIF RAZA NAQVI,TASVIR RAZA NAQVI,ENGINEER,,101851655346,N/A,TECH-139,TECHX0458,11-02-2025,DELHI-NCR,32500,12500,2800,4416,584,52800,DELHI NCR
53,TAPU ACHARJEE,DIPAK ACHARJEE,SUPERVISOR,N/A,N/A,N/A,TECH-142,TECHX0463,21-02-2025,KOLKATA ,19580,4240,0,596,584,25000,WEST BENGAL
54,ANJALI KUMARI ,SANJAY SHARMA ,EXECUTIVE,10126,102184407901,201966150,TECH-144,TECHX0466,10-03-2025,BIHAR & JHARKHAND,13171,3172,0,0,584,16927,BIHAR & JHARKHAND
55,KASHIRAM,DASHRATH,GARDENER,10125,102184407891,2019670048,TECH-147,TECHX0511,24-03-2025,MSIL-INDORE,16195,0,0,0,584,16779,MADHYA PRADESH
56,YOUMUDDIN,SALAUDDIN,TECHNICIAN,10128,101748967064,6932335701,TECH-151,,07-04-2025,MSIL-INDORE,19667,1000,0,0,584,21251,MADHYA PRADESH
57,HIMANSHU POKHRIYAL,RAKESH CHANDRA,ACCOUNT EXECUTIVE,10127,101878398059,N/A,TECH-156,TECHX0474,28-04-2025,Noida,13080,5540,0,1596,584,20800,UTTAR PRADESH
58,BHAVESH KUMAR SURATI,JAYANTI LAL SURATI,TECHNICIAN,10138,101365805498,NA,TECH - 157,TECHX0480,01-05-2025,Surat,19416,4000,2000,800,584,26800,GUJARAT
59,JABRELA HARSHAD KUMAR RANJAN,RANJAN MANILAL JABRELA,TECHNICIAN,10135,101129484576,NA,TECH - 159,TECHX0476,01-05-2025,Baroda,19416,4000,2000,800,584,26800,GUJARAT
60,ANAND KUMAR PANDEY,ADITYA NARAYAN PANDEY,SENIOR EXECUTIVE,NA,NA,NA,TECH - 163,TECHX0482,05-05-2025,Gujrat,18416,4000,2000,800,584,25800,GUJARAT
61,KAMAL PRASHAD SONKAR,RAM LAKHAN SONKAR,ENGINEER,10146,101778838005,NA,TECH - 164,TECHX0027,08-05-2025,BANARAS,19416,4000,2000,800,584,26800,UTTAR PRADESH
62,MAYANK PRASAD,GOVIND PRASAD,TECHNICIAN,NA,NA,NA,TECH - 165,TECHX0490,12-05-2025,GANDHINAGAR - JAMMU,18416,2200,3000,800,584,25000,GUJARAT
63,RAJ KUMAR,KISHAN KUMAR,TECHNICIAN,NA,NA,NA,TECH - 0166,TECHX0274,12-05-2025,CHANDIGARH,18416,2200,3000,800,584,25000,CHANDIGARH
64,RAVI KUMAR,GYAN SINGH,TECHNICIAN,NA,NA,NA,TECH - 168,TECHX0487,01-05-2025,CHANDIGARH,21000,4616,0,800,584,27000,CHANDIGARH
65,SAHIB SINGH,VIKRAM SINGH,TECHNICIAN,NA,NA,NA,TECH - 169,TECHX0492,14-05-2025,KARNAL,21000,4616,0,800,584,27000,HARYANA
66,EKTA TYAGI,JATIN TYAGI,HR EXECUTIVE,10141,102199775979,2019709615,TECH - 170,TECHX0497,16-05-2025,NOIDA,14346,2000,200,800,584,17930,UTTAR PRADESH
67,JAVED KHAN,HUSAIN KHAN,TECHNICIAN,NA,NA,NA,TECH - 172,TECHX0494,01-05-2025,AHAMDABAD,19000,4416,200,800,584,25000,GUJARAT
68,ANIL GHORPADE,GOVINDRAO GHORPADE,SUPERVISOR,NA,NA,NA,TECH - 173,TECHX0501,20-05-2025,PUNE,21000,8000,4016,800,584,34400,MAHARASHTRA
69,ROHIT KUMAR ,BALRAJ SINGH ,ELECTRICIAN,NA,NA,NA,TECH - 176,TECHX0503,19-05-2025,JAMU &KASMIR ,19000,509,107,800,584,21000,JAMMU & KASHMIR
70,UMA SHANKAR DWIVEDI,RAM NARAYAN DWIVEDI,ENGINEER,10143,100477216353,3316844877,TECH - 178,,12-05-2025,BANARAS,14500,1924,0,1920,584,18928,UTTAR PRADESH
71,MINTU SHARMA ,SURENDRA SHARA ,CARPENTER,10153,101651759441,N/A,TECH - 180,TECHX0512,01-06-2025,Banglore ,22500,4000,2916,0,584,30000,KARNATAKA
72,NAND LAL SWAMI,BANWARI LAL,TECHNICIAN,10074,101386410055,1509937512,TECH-109,TECHX0392,01-10-2024,MSIL-Jaipur ,14183,3172,500,0,584,18439,RAJASTHAN
73,VIJAY KALAM,DURGAPRASAD KALAM,TECHNICIAN,NA,NA,NA,TECH - 175,TECHX0498,24-05-2025,INDORE,19000,1416,200,800,584,22000,MADHYA PRADESH
74,TARUN LOT,KALICHARAN LOT,PLUMBER,10156,101791761140,1818352946,TECH-189,TECHX0518,06-07-2025,MSIL-INDORE,19325,0,1000,0,584,20909,MADHYA PRADESH
75,RANA DHARMESH KUMAR,RATILAL RANA,TECHNICIAN,10155,101218112897,N/A,TECH-190,TECHX0508,07-07-2025,GUJRAT,21000,1500,1916,1800,584,26800,GUJARAT
76,MUKESH BABULAL PRAJAPATI,BABULAL PRAJAPATI,TECHNICIAN,N/A,N/A,N/A,TECH-191,TECHX0517,09-07-2025,GUJRAT,21000,1500,1916,1800,584,26800,GUJARAT
77,PATEL MIRAL KUMAR,HARSHADBHAI MANGADBHAI PATEL,TECHNICIAN,10154,101338706650,N/A,TECH-192,TECHX0514,10-07-2025,GUJRAT,21000,1500,1916,1800,584,26800,GUJARAT
78,RAVI JADHAV,GANGAPPA JADHAV,ENGINEER,10157,102228331812,N/A,TECH-193,TECHX0516,11-07-2025,PUNE,35000,15000,2616,1800,584,55000,MAHARASHTRA
79,DEEPAK CHAUHAN,UMESH CHAUHAN,IT,N/A,N/A,N/A,TECH-194,TECHX0543,15-07-2025,NOIDA,23000,3500,1916,1000,584,30000,UTTAR PRADESH
80,MANOJ SHARMA,SUKHAVIR,SITE COORDINATOR,10159,101302133549,N/A,TECH-197,TECHX0524,30-07-2025,DELHI NCR,25000,7000,3116,3100,584,38800,DELHI NCR
81,PATIL SANDEEP,KASHINATH PATIL,TECHNICIAN,10161,101186011774,N/A,TECH-198,TECHX0527,01-08-2025,GUJARAT,21000,1500,1916,1800,584,26800,GUJARAT
82,AJEET PANDEY,GAURI SHANKAR PANDEY,MANAGER,10160,100444535641,N/A,TECH-199,TECHX0146,01-08-2025,NOIDA,20532,8800,6042,842,584,36800,UTTAR PRADESH
83,SANJIT KUMAR SINGH,TRIBHUVAN SINGH,TECHNICIAN,10162,100812218643,N/A,TECH-200,TECHX0086,01-08-2025,NOIDA,15900,6465,2600,1851,584,27400,UTTAR PRADESH
84,SANTOSH RAI,CHANDRAMA RAI,TECHNICIAN,10163,100538102734,N/A,TECH-201,TECHX0008,01-08-2025,Office,22500,8500,0,3216,584,34800,UTTAR PRADESH
85,BRAJ MOHAN,SODAN SINGH,TECHNICIAN,10164,101355828179,N/A,TECH-203,TECHX0534,14-08-2025,GHAZIABAD,21000,500,1716,0,584,23800,UTTAR PRADESH
86,ROHIT KUSHWAHA,SANJAY KUSHWAHA,IT,N/A,N/A,N/A,TECH-204,TECHX0542,25-08-2025,NOIDA,23000,3500,1916,1000,584,30000,UTTAR PRADESH
87,AASIF ANSARI,MAHBOOB,MANAGER,N/A,N/A,N/A,TECH-205,TECHX0536,31-08-2025,HARYANA,43216,18000,5000,3000,584,69800,HARYANA
88,JITENDRA,SHRIHARI,TECHNICIAN,N/A,N/A,N/A,TECH-206,TECHX0535,01-09-2025,INDORE,21000,0,0,0,0,21000,MADHYA PRADESH
89,AYAZ MAKRANI ,AIUVAKHAN MAKRANI,TECHNICIAN,N/A,N/A,N/A,TECH-207,TECHX0145,01-09-2025,Gujrat -Ahemdabad ,21500,0,0,0,0,21500,GUJARAT
90,AJAY RATHORE,BHAGWAN RATHORE,FIRE WARDEN,10166,101902835360,6933077375,TECH-208,TECHX0544,02-09-2025,MSIL-INDORE,19763,0,1000,0,584,21347,MADHYA PRADESH
91,LAKHAN KUMAR,RAMESH CHANDRA,FIRE WARDEN,10165,102044320179,1817851504,TECH-209,TECHX0545,03-09-2025,INDORE,19763,0,1000,0,584,21347,MADHYA PRADESH
92,MOHAMAD KAIF HUSEN HAFIJEDIN SAIYED,HAFIJODDIN,TECHNICIAN,N/A,N/A,N/A,TECH-210,TECHX0546,09-09-2025,GUJARAT,21000,2416,1000,0,584,25000,GUJARAT
93,ASHISH KUMAR MISHRA,KRISHNA KANT MISHRA,TECHNICIAN,N/A,N/A,N/A,TECH-211,TECHX0549,10-09-2025,GUJARAT,21000,2416,1000,0,584,25000,GUJARAT
94,DIWAKAR PANDIT,KRISHNA KANT B PRASAD,MANAGER,N/A,N/A,N/A,TECH-212,TECHX0550,23-09-2025,HYDERABAD,23416,5000,1000,5000,584,35000,TELANGANA
95,CHINNALA NITHISH KUMAR,SAMBASIVA  RAO,TECHNICIAN,N/A,N/A,N/A,TECH-213,TECHX0350,27-09-2025,ANDHRA PRADESH,21000,1000,416,0,584,23000,ANDHRA PRADESH
96,SUNIL KUMAR,SOHAN LAL,MANAGER,10020,101329306546,N/A,TECH-002,TECHX0125,,Chandigarh- Airtel,21000,10216,3000,3000,584,37800,CHANDIGARH
97,SATBIR SINGH,OM PRAKASH,ENGINEER,10026,101345280778,N/A,TECH-003,TECHX0003,,Chandigarh- Airtel,18000,7500,2500,3216,584,31800,CHANDIGARH
98,BISHUDHANAND PATHAK,SHABHU NATH PATHAK,PROCUREMENT,NA,NA,N/A,TECH-014,TECHX0004,,Office,36000,9500,5000,2416,584,53500,UTTAR PRADESH
99,RAJVEER SINGH,DANIRAM,ASSISTANT MANAGER,10104,101020836932,N/A,TECH-031,TECHX0005,,Office,27400,10000,3600,3716,584,45300,HARYANA
100,PARSHANT BHARTI,RAMCHANDRA SINGH,BILLING HEAD,10109,101217207466,N/A,TECH-036,TECHX0007,14-05-2019,Office,35000,10000,4000,2216,584,51800,UTTAR PRADESH
101,VINOD GANPAT SURYAWANSHI,GANPAT,MANAGER,10161,101174321222,N/A,TECH-074,TECHX0010,,Mumbai,26700,7000,3050,3716,584,41050,MAHARASHTRA
102,BARGE DEVIDAS RAMCHANDRA,RAMCHANDRA KESHAV BARGE,MANAGER,10281,100588792334,N/A,TECH-088,TECHX0011,,Mumbai,23500,6500,2000,4216,584,36800,MAHARASHTRA
103,SURAJ TANAJI GAIKWAD,TANAJI GAIKWAD,REGIONAL MANAGER,10165,100670166409,N/A,TECH-089,TECHX0012,,Mumbai,65000,25000,10400,11316,584,112300,MAHARASHTRA
104,NITIN KUMAR YADAV,BALCHAND YADAV,MANAGER,10169,101639545984,N/A,TECH-093,TECHX0013,,Karnataka ,49000,15000,11000,11216,584,86800,KARNATAKA
105,NEERAJ KUMAR,RAKESH KUMAR,ENGINEER,10172,101425979399,N/A,TECH-096,TECHX0014,,Chandigarh- Airtel,17350,3000,2000,866,584,23800,CHANDIGARH
106,SANJEEV KUMAR,LAL SINGH,ENGINEER,10174,100464279414,2015640376,TECH-098,TECHX0015,,Chandigarh- Airtel,15500,1500,1649,843,584,20076,CHANDIGARH
107,PUNIT KUMAR,RAVINDRA SINGH,FINANCE MANAGER,10193,101178971487,N/A,TECH-115,TECHX0020,08-11-2021,Delhi/NCR,42080,12540,8500,3096,584,66800,DELHI NCR
108,SUNIL KUMAR GUPTA,JITENDRA GUPTA,ENGINEER,10194,100459641084,N/A,TECH-115,TECHX0021,01-09-2021,Delhi/NCR,18500,8416,3600,4800,584,35900,DELHI NCR
109,YASHVINDER SINGH,BHAGWAN SINGH,BRANCH MANAGER,NA,NA,N/A,TECH-121,TECHX0028,,Delhi-NCR,42400,15000,5000,7016,584,70000,HARYANA
110,SANTOSH RAMCHANDRA SALVE,RAMCHANDRA,TECHNICIAN,10214,101127267926,N/A,TECH-123,TECHX0031,,Mumbai,15187,2600,2000,2929,584,23300,MAHARASHTRA
111,SATISH BALLU KORI,BALLO,ENGINEER,10257,100580496660,N/A,TECH-133,TECHX0053,15-05-2022,MUMBAI,21000,4716,2000,500,584,28800,MAHARASHTRA
112,SHIVANI BHAKLAN,AMAN BHAKLAN,HELPDESK EXECUTIVE,10253,101824779342,N/A,TECH-135,TECHX0055,01-06-2022,NOIDA- Office ,15500,5038,2000,678,584,23800,UTTAR PRADESH
113,MANISH KUMAR SAW,RAJENDERA KUMAR SAW,SUPERVISOR,10278,101872918983,N/A,TECH-143,TECHX0073,01-09-2022,KOLKATA,21000,1712,2000,504,584,25800,WEST BENGAL
114,MANISH KUMAR SHARMA ,RAMPREET SHARMA ,ENGINEER,10371,102239307607,N/A,TECH-145,TECHX0116,19-09-2022,MAHARATRA-MUMBAI ,36500,8500,3800,2416,584,51800,MAHARASHTRA
115,DHARMENDRA JENA,DHRUBA CHARANA JENA,TECHNICIAN,10289,"	101154528481",N/A,TECH-148,TECHX0139,01-01-2022,Delhi ,14445,4451,3600,455,584,23535,DELHI
116,BALBIR SINGH,MAN SINGH,ENGINEER,10285,101913414044,2214946551,TECH-149,TECHX0118,01-02-2023,Gurugram,14500,1731,3600,0,584,20415,HARYANA
117,RUPALI ANKUSH KODAG,ANKUSH KODAG,OFFICE STAFF,10293,101922285073,N/A,TECH-150,TECHX0050,01-02-2023,MAHARATRA-MUMBAI ,18051,1661,2000,504,584,22800,MAHARASHTRA
118,SONU PRAJAPATI,KANTA PRAJAPATI,ENGINEER,10297,101922285104,N/A,TECH-151,TECHX0088,01-02-2023,MAHARATRA-MUMBAI ,18477,2739,0,2000,584,23800,MAHARASHTRA
119,DINESH KUMAR,"	LT.SH.MAHIPAL",MANAGER,10292,100139089756,N/A,TECH-152,TECHX0126,01-02-2023,DELHI,18500,8000,3857,859,584,31800,DELHI
120, SHILPA SHRIKANT MORE,SHRIKANT,PURCHASE EXECUTIVE,10307,"	101822076407",N/A,TECH-168,TECHX0199,01-07-2023,Mumbai,20500,4000,1865,1851,584,28800,MAHARASHTRA
121,SATYAM SHUKLA,SHIV SHANKAR SHUKLA,STP OPERATOR,10318,102024335559,6718140385,TECH-180,TECHX0408,01-12-2023,Noida- Slipwell,14123,2165,363,504,584,17739,UTTAR PRADESH
122,SURAJ KUMAR,PAWAN KUMAR SINGH,STP OPERATOR,10312,101523438352,1324287304,TECH-172,TECHX0525,01-08-2023,Noida- Slipwell,13516,1165,363,504,584,16132,UTTAR PRADESH
123,SATYAPRAJNA JENA,PITAMBAR JENA,SUPERVISOR,10317,101117679913,N/A,TECH-186,TECHX0231,01-12-2023,KOLKATA,18500,2787,2000,1851,584,25722,WEST BENGAL
124,MOMTAJ ALI,GHUTU ALI,STP OPERATOR,10321,101676735523,"2018932641	",TECH-191,TECHX0411,07-02-2024,Noida- Slipwell,14123,2165,363,504,584,17739,UTTAR PRADESH
125,MOHD AHMAD,NAWAB ALI,TECHNICIAN,10260,101842817142,N/A,TECH-197,TECHX0061,19-04-2024,Delhi,15500,4516,3000,1700,584,25300,DELHI
126,PARDUMAN JADAV,RAMVILAS,TECHNICIAN,N/A,N/A,N/A,TECH-199,TECHX0038,06-05-2024,BANGLORE,17500,6500,1800,2416,584,28800,KARNATAKA
127,PRIYANSHU YADAV ,NARAYAN YADAV ,ENGINEER,N/A,N/A,N/A,TECH-201,TECHX0288,01-06-2024,HAYDRABAD ,21000,2550,0,866,584,25000,TELANGANA
128, KARAN KUMAR KANAUJIYA,RAMTEERTH,TECHNICIAN,10324,"	101407896067",N/A,TECH-202,TECHX0248,01-06-2024,Gujrat ,20573,2000,3500,843,584,27500,GUJARAT
129,SURENDRA KUMAR,VIF RAJ,TECHNICIAN,10325,"	102088863449",N/A,TECH-204,TECHX0272,01-06-2024,Gujrat ,16171,1041,3500,504,584,21800,GUJARAT
130,RAJ KUMAR SHARMA,RAM SWARTH SHARMA,TECHNICIAN,10329,102089995253,N/A,TECH-206,TECHX0274,26-06-2024,Noida ,18374,4999,2000,843,584,26800,UTTAR PRADESH
131,PRACHI NAMDEV MENGANE,NAMDEV MENGANE,EXECUTIVE,10335,102102252021,N/A,TECH-209,TECHX0252,01-07-2024,Mumbai,14000,5000,1500,1716,584,22800,MAHARASHTRA
132,RAVI SHANKAR MISHRA ,AWDHESH KUMAR MISHRA ,MANAGER,10334,"	100991909062",N/A,TECH-210,TECHX0129,09-07-2024,Gujrat ,29000,5000,5016,2200,584,41800,GUJARAT
133,PAVAN JADON,UPENDRA JADON,TECHNICIAN,10349,100644190238,N/A,TECH-211,TECHX0267,15-07-2024,DELHI-NCR,19374,3000,2000,842,584,25800,DELHI NCR
134,SANJAY PATEL,RAM SINGH PATEL ,TECHNICIAN,10330,"	100724659307",N/A,TECH-214,TECHX0084,22-07-2024,DELHI-NCR,19374,0,3500,842,584,24300,DELHI NCR
135,ASHOK KUMAR SINGH,MUKTESHWAR SINGH,STP OPERATOR,10333,100955647467,2214165746,TECH-215,,19-07-2024,Noida- Slipwell,14123,2165,363,504,584,17739,UTTAR PRADESH
136,SHASHI MAURYA,LALATA PRASAD MAURYA,EXECUTIVE,10331,102102252009,2215124129,TECH-218,TECHX0407,27-07-2024,Noida ,12597,2739,0,0,584,15920,UTTAR PRADESH
137,SANDEEP SUBHANA TAVANOJI,SUBHANA KALLAPA TAVANOJI,TECHNICIAN,10345,101133999778,N/A,TECH-219,TECHX0320,01-08-2024,MUMBAI ,20073,2000,1800,843,584,25300,MAHARASHTRA
138,ASHUTOSH KUMAR DUBEY,KAILASH DUBEY,MANAGER,10338,101303521471,N/A,TECH-220,TECHX0337,01-08-2024,GURUGRAM ,15500,3212,2000,504,584,21800,HARYANA
139,PARBHANJAN BEHERA ,PURNA CHANDRA BEHERA ,TECHNICIAN,10366,101239988970,N/A,TECH-221,TECHX0305,01-08-2024,BANGLORE ,19300,3500,3000,2416,584,28800,KARNATAKA
140,WAKIL ,RAHMUDDIN ,ENGINEER,10002,101292147364,N/A,TECH-222,TECHX0234,11-07-2023,HAYDRABAD ,23500,8500,1000,3216,584,36800,TELANGANA
141,BARSHA KUMARI SINGH,UMA SANKAR SINGH,EXECUTIVE,10343,101737133302,2215151041,TECH-227,TECHX0241,15/10/2024,KOLKATA,12000,1170,2300,252,584,16306,WEST BENGAL
142,JITENDER  GIRI,JUGAL,TECHNICIAN,10342,102132766661,N/A,TECH-228,TECHX0404,16/10/2024,LUCKNOW,20374,4000,2000,842,584,27800,UTTAR PRADESH
143,NOOR MUHAMMAD,NASRUDDIN,MANAGER,10346,102042184817,2019293489,TECH-230,TECHX0378,01-12-2024,NOIDA,12597,1146,1581,201,584,16109,UTTAR PRADESH
144,MAKRAND MAHAJAN,UTTAM MAHAJAN,EXECUTIVE,N/A,N/A,N/A,TECH-231,TECHX0439,02-01-2025,MAHARATRA-PUNE,18500,5000,57,859,584,25000,MAHARASHTRA
145,VIVEK VIJAY MORE,VIJAY MAHADEV MORE,BRANCH MANAGER,N/A,N/A,N/A,TECH-234,,28-01-2025,MAHARATRA-MUMBAI ,33080,13240,5000,3096,584,55000,MAHARASHTRA
146,ABHISHEK KUMAR ,ANIL KUMAR,TECHNICIAN,10348,102001146265,3714139391,TECH-235,TECHX0472,01-03-2025,INDORE ,13171,2165,2500,504,584,18924,MADHYA PRADESH
147,HITESH DESHMUKH ,ANKUSH SAMBHAJI DESHMUKH,ENGINEER,10347,101445533819,N/A,TECH-236,TECHX0468,01-03-2025,MAHARATRA-PUNE,18547,2165,0,504,584,21800,MAHARASHTRA
148,PAWAN KUMAR,BHAGWAN SINGH,OPERATION EXECUTIVE,10350,100947115274,N/A,TECH-237,TECHX0475,25/04/2025,INDORE ,21047,1665,2000,504,584,25800,MADHYA PRADESH
149,ANIL KUMAR,SOHAN LAL,EXECUTIVE,10352,100789797253,N/A,TECH-238,,23/05/2025,Chandigarh,23500,4000,3212,504,584,31800,CHANDIGARH
150,DHARMENDRA KUMAR ,GANESH VIND,TECHNICIAN,10357,101922285087,N/A,TECH-239,TECHX0504,06-02-2025,KOLKATA ,21000,0,0,216,584,21800,WEST BENGAL
151,PARTHA GANGULY ,CHANDERSHEKHAR GANGULY ,MANAGER,N/A,N/A,N/A,TECH-241,TECHX0509,13-06-2025,KOLKATA,21000,5500,5000,2916,584,35000,WEST BENGAL
152,EKRAM MOHD AKHTAR HUSAIN SHAIKH,MOHD AKHTAR HUSAIN SHAIKH,ENGINEER,N/A,N/A,N/A,TECH-254,TECHX0547,07-11-2025,MUMBAI,21000,416,0,0,584,22000,MAHARASHTRA
153,MANIKA DUTTA,KARTICK DUTTA,EXECUTIVE,10373,102243810822,2215241094,TECH-262,TECHX0421,09-01-2025,KOLKATA,12500,1000,0,0,584,14084,WEST BENGAL
154,MD ISLAM,MD HUSSAIN,TECHNICIAN,10374,100224983070,2215241139,TECH-263,TECHX0259,09-01-2025,KOLKATA,12500,1340,2000,0,584,16424,WEST BENGAL
155,BIPUL CHANDRA MITRA,KESHAB CHANDRA MITRA,TECHNICIAN,10375,100888055902,4021093534,TECH-264,TECHX0431,09-01-2025,KOLKATA,12500,1347,3000,0,584,17431,WEST BENGAL
156,SOURAV DAS,UPENDRA DAS,TECHNICIAN,10376,102243831161,2215241164,TECH-265,TECHX0442,09-01-2025,KOLKATA,12500,1336,1500,0,584,15920,WEST BENGAL
157,BISWORANJAN NAYAK,BIJAY KUMAR NAYAK,TECHNICIAN,10377,102243829014,2215241116,TECH-266,TECHX0285,09-01-2025,KOLKATA,12500,1000,816,0,584,14900,WEST BENGAL
158,RITIK,SANJAY ,DRIVER,N/A,N/A,NA,AR-008,TECHX0553,11-07-2024,Noida ,21216,2000,0,200,584,24000,UTTAR PRADESH
159,SONVIR ,KISHOR,OFFICE STAFF,10003,100966632894,6722554523,AR-010,TECHX0428,14-11-2024,NOIDA ,14695,1145,0,0,584,16424,UTTAR PRADESH
160,JAISHANKAR ,RAMKHELAWAN YADAV ,SUPERVISOR,10007,101342333591,NA,AR-011,TECHX0467,25-03-2025,GURGAON,17500,3000,2000,1716,584,24800,HARYANA
161,AMIT YADAV,HIRALAL YADAV,ELECTRICIAN,N/A,N/A,N/A,AR-012,TECHX0530,12-07-2025,KARNATAKA,17699,3000,2000,1717,584,25000,KARNATAKA
162,SAMIM AKRAM,NASRULLAH ANSARI,TECHNICIAN,N/A,N/A,N/A,AR-012,TECHX0541,12-07-2025,KARNATAKA,17699,3000,2000,1717,584,25000,KARNATAKA
163,ASIF ALI,REHMAT HUSSAIN,TECHNICIAN,N/A,N/A,N/A,AR-012,TECHX0538,12-07-2025,KARNATAKA,21000,2699,2000,1717,584,28000,KARNATAKA
164,ABRAR ALAM,PRAWEZ ALAM,TECHNICIAN,N/A,N/A,N/A,AR-012,TECHX0540,12-07-2025,KARNATAKA,17699,3000,2000,1717,584,25000,KARNATAKA
165,ARMAN ALI,SAKIL AHMAD,TECHNICIAN,N/A,N/A,N/A,AR-012,TECHX0539,12-07-2025,KARNATAKA,17699,3000,2000,1717,584,25000,KARNATAKA
166,SAKTIVEL ,SELVARASU,TECHNICIAN,N/A,N/A,N/A,N/A,TECHX0321,,CHENNAI,20000,0,0,0,0,20000,TAMIL NADU
167,SURAJ,GYAN SINGH,TECHNICIAN,N/A,N/A,N/A,N/A,TECHX0339,,Delhi NCR ,10000,0,0,0,0,10000,UTTAR PRADESH
168,FIROZ,RAMZAN ALI,TECHNICIAN,N/A,N/A,N/A,N/A,TECHX0119,,Delhi NCR ,11500,0,0,0,0,11500,UTTAR PRADESH
169,YUVRAJ ,SURESH CHAND,TECHNICIAN,N/A,N/A,N/A,N/A,TECHX0147,,Delhi NCR ,13500,0,0,0,0,13500,UTTAR PRADESH
170,NISHA ,DHARMENDRA SINGH,OPERATION EXECUTIVE,N/A,N/A,N/A,N/A,TECHX0249,,Delhi NCR ,18000,0,0,0,0,18000,UTTAR PRADESH
171,RAJESH GUJAR,MEVA LAL GUJAR,TECHNICIAN,N/A,N/A,N/A,N/A,,,Jaipur,15000,0,0,0,0,15000,RAJASTHAN
172,DEEPAK SWAMI,CHHIGAN LAL SWAMI,TECHNICIAN,N/A,N/A,N/A,N/A,TECHX0484,,Jaipur,17000,0,0,0,0,17000,RAJASTHAN
173,YOGESH CHIPA ,LATE SATYA NARAYAN CHIPPA,TECHNICIAN,N/A,N/A,N/A,N/A,,,Jaipur,19000,0,0,0,0,19000,RAJASTHAN
174,KRANTI KAMBLE,SHANKAR JANAPPA ADHAV ,OFFICE STAFF,N/A,N/A,N/A,N/A,TECHX0430,,Mumbai,19500,0,0,0,0,19500,MAHARASHTRA
175,SNEHA BHURE,VITTHAL RAO BHURE,OFFICE STAFF,N/A,N/A,N/A,N/A,TECHX0429,,Mumbai,16000,0,0,0,0,16000,MAHARASHTRA
176,ANKITA MORE ,ASHOK MORE,OFFICE STAFF,N/A,N/A,N/A,N/A,TECHX0551,,Mumbai,14000,0,0,0,0,14000,MAHARASHTRA
177,AMARNATH PRAJAPATI,,ENGINEER,N/A,N/A,N/A,N/A,TECHX0197,,Mumbai,17500,0,0,0,0,17500,MAHARASHTRA
178,ASHISH VISHWAKARMA,RAMESH VISHWAKARMA,TECHNICIAN,N/A,N/A,N/A,N/A,TECHX0471,,Mumbai,18000,0,0,0,0,18000,MAHARASHTRA
179,MOKSHADA GAJMAL,MANOJ RAMCHANDRA GAJMAL,OFFICE STAFF,N/A,N/A,N/A,N/A,TECHX0469,,Mumbai,"13,000",0,0,0,0,"13,000",MAHARASHTRA
180,SURENDRA PAL,JAGDISH PAL,ENGINEER,N/A,N/A,N/A,N/A,TECHX0491,,Mumbai,"14,000",0,0,0,0,"14,000",MAHARASHTRA
181,ADITYA GUPTA,UMESH GUPTA,ENGINEER,N/A,N/A,N/A,N/A,TECHX0552,,Mumbai,"10,000",0,0,0,0,"10,000",MAHARASHTRA
182,KAMESHWARI KALBHOR,ANIL KALBHOR,OFFICE STAFF,N/A,N/A,N/A,N/A,TECHX0513,,Mumbai,14000,0,0,0,0,14000,MAHARASHTRA
183,SHUBHAM KUMAR,SUNIL KUMAR,ENGINEER,N/A,N/A,N/A,N/A,TECHX0172,,Mumbai,16000,0,0,0,0,16000,MAHARASHTRA
184,RUCHIKA BHALEKAR,KRUSHNA BHALEKAR,EXECUTIVE,N/A,N/A,N/A,N/A,TECHX0253,,Mumbai,15000,0,0,0,0,15000,MAHARASHTRA
185,ARINDAM  ROY,RABINDRA NATH ROY,TECHNICIAN,N/A,N/A,N/A,N/A,TECHX0529,23/07/2025,Kolkata ,15500,0,0,0,0,15500,WEST BENGAL
186,TAIYUBA KHAN,SALEEM KHAN,EXECUTIVE,N/A,N/A,N/A,N/A,TECHX0526,31/07/2025,Noida ,17717,0,0,0,0,17717,UTTAR PRADESH
187,RANJIT KUMAR,SHIV KUMAR RAM,ELECTRICIAN,N/A,N/A,N/A,N/A,TECHX0433,,KARNATAKA ,18000,0,0,0,0,18000,KARNATAKA
188,MEHER ALI,KHALIL SHAIKH,SUPERVISOR,N/A,N/A,N/A,N/A,TECHX0531,08-01-2025,Kolkata ,18000,0,0,0,0,18000,WEST BENGAL
,,,,,,,,,,,,,,,,,
