INC000003479041,2024-07-14
INC000003508782,2024-07-13
INC000003545586,2024-07-14
INC000003569376,2024-07-14
INC000003675509,2024-07-14
INC000003706190,2024-07-14
INC000003713799,2024-07-14
INC000003715184,2024-07-14
INC000003746804,2024-07-14
INC000003755065,2024-07-14
INC000003817101,2024-07-14
INC000003847357,2024-07-13
INC000003854382,2024-07-14
INC000003856669,2024-07-12
INC000003863193,2024-07-14
INC000003866972,2024-07-14
INC000003879113,2024-07-14
INC000003885854,2024-07-12
INC000003885867,2024-07-16
INC000003899683,2024-07-12
INC000003901037,2024-07-14
INC000003901295,2024-07-14
INC000003904656,2024-07-16
INC000003904863,2024-07-14
INC000003905145,2024-07-13
INC000003905808,2024-07-16
INC000003911314,2024-07-12
INC000003911403,2024-07-16
INC000003911560,2024-07-16
INC000003912703,2024-07-13
INC000003913531,2024-07-12
INC000003922090,2024-07-12
INC000003922572,2024-07-12
INC000003922712,2024-07-14
INC000003923593,2024-07-14
INC000003936710,2024-07-12
INC000003937413,2024-07-12
INC000003937805,2024-07-14
INC000003938475,2024-07-14
INC000003939273,2024-07-14
INC000003940829,2024-07-12
INC000003945319,2024-07-12
INC000003945648,2024-07-12
INC000003946564,2024-07-14
INC000003947423,2024-07-16
INC000003949984,2024-07-16
INC000003950206,2024-07-12
INC000003955554,2024-07-12
INC000003955637,2024-07-12
INC000003960245,2024-07-14
INC000003960923,2024-07-14
INC000003963157,2024-07-14
INC000003967331,2024-07-13
INC000003968085,2024-07-14
INC000003968364,2024-07-14
INC000003969041,2024-07-12
INC000003978022,2024-07-16
INC000003978674,2024-07-14
INC000003978692,2024-07-14
INC000003986158,2024-07-16
INC000003986691,2024-07-12
INC000003987843,2024-07-12
INC000003989278,2024-07-14
INC000003990857,2024-07-14
INC000003995846,2024-07-12
INC000003996598,2024-07-16
INC000004002673,2024-07-14
INC000004003402,2024-07-14
INC000004004006,2024-07-14
INC000004004690,2024-07-13
INC000004005538,2024-07-16
INC000004006331,2024-07-16
INC000004006345,2024-07-16
INC000004006778,2024-07-14
INC000004010964,2024-07-14
INC000004011772,2024-07-12
INC000004012207,2024-07-16
INC000004012219,2024-07-16
INC000004013223,2024-07-14
INC000004013257,2024-07-14
INC000004014033,2024-07-14
INC000004016178,2024-07-16
INC000004016179,2024-07-16
INC000004021342,2024-07-13
INC000004022128,2024-07-14
INC000004022842,2024-07-16
INC000004027038,2024-07-16
INC000004027059,2024-07-14
INC000004035090,2024-07-14
INC000004036973,2024-07-14
INC000004038900,2024-07-14
INC000004044011,2024-07-14
INC000004044521,2024-07-16
INC000004046159,2024-07-14
INC000004046175,2024-07-18
INC000004046865,2024-07-14
INC000004048013,2024-07-09
INC000004051886,2024-07-14
INC000004051926,2024-07-14
INC000004051928,2024-07-16
INC000004052040,2024-07-14
INC000004052550,2024-07-16
INC000004052552,2024-07-16
INC000004052681,2024-07-16
INC000004053315,2024-07-18
INC000004056542,2024-07-14
INC000004056625,2024-07-16
INC000004057130,2024-07-12
INC000004058384,2024-07-14
INC000004059635,2024-07-14
INC000004066704,2024-07-14
INC000004066751,2024-07-14
INC000004066917,2024-07-14
INC000004067422,2024-07-18
INC000004067522,2024-07-18
INC000004067672,2024-07-12
INC000004073160,2024-07-14
INC000004073350,2024-07-14
INC000004076636,2024-07-14
INC000004076647,2024-07-14
INC000004076885,2024-07-13
INC000004078958,2024-07-14
INC000004084055,2024-07-16
INC000004085236,2024-07-13
INC000004085454,2024-07-18
INC000004086407,2024-07-14
INC000004088160,2024-07-14
INC000004088919,2024-07-14
INC000004092398,2024-07-14
INC000004092411,2024-07-14
INC000004092429,2024-07-14
INC000004093338,2024-07-12
INC000004093343,2024-07-14
INC000004094594,2024-07-14
INC000004095826,2024-07-12
INC000004095845,2024-07-12
INC000004100226,2024-07-12
INC000004101319,2024-07-14
INC000004101328,2024-07-12
INC000004101623,2024-07-14
INC000004104607,2024-07-14
INC000004119035,2024-07-14
INC000004120065,2024-07-16
INC000004121289,2024-07-16
INC000004124903,2024-07-16
INC000004124917,2024-07-16
INC000004124938,2024-07-16
INC000004124944,2024-07-16
INC000004133756,2024-07-16
INC000004135208,2024-07-16
INC000004135841,2024-07-16
INC000004136296,2024-07-16
INC000004137119,2024-07-16
INC000004137342,2024-07-16
INC000004137348,2024-07-16
INC000004137358,2024-07-16
INC000004141368,2024-07-16
INC000004142003,2024-07-16
INC000004142163,2024-07-16
INC000004143331,2024-07-12
INC000004143833,2024-07-16
INC000004146006,2024-07-16
INC000004150339,2024-07-18
INC000004151430,2024-07-18
INC000004153655,2024-07-18
INC000004153760,2024-07-12
INC000004154780,2024-07-13
INC000004155298,2024-07-18
INC000004159089,2024-07-18
INC000004159134,2024-07-18
INC000004162001,2024-07-13
INC000004163333,2024-07-13
INC000004163343,2024-07-13
INC000004163430,2024-07-18
INC000004168396,2024-07-18
INC000004171101,2024-07-13
INC000004176187,2024-07-18
INC000004176217,2024-07-18
INC000004176233,2024-07-18
INC000004176274,2024-07-13
INC000004176584,2024-07-18
INC000004176595,2024-07-18
INC000004176848,2024-07-18
INC000004178969,2024-07-18
INC000004179607,2024-07-18
INC000004179955,2024-07-18
INC000004179972,2024-07-18
INC000004183672,2024-07-18
INC000004186623,2024-07-18
INC000004186766,2024-07-18
INC000004187186,2024-07-18
INC000004193641,2024-07-13
INC000004194236,2024-07-18
INC000004194932,2024-07-18
INC000004195616,2024-07-13
INC000004195637,2024-07-13
INC000004196405,2024-07-13
INC000004197536,2024-07-18
INC000004197764,2024-07-13
INC000004202580,2024-07-13
INC000004205173,2024-07-18
INC000004205185,2024-07-14
INC000004207472,2024-07-18
INC000004217986,2024-07-18
INC000004218846,2024-07-13
INC000004219225,2024-07-18
INC000004219544,2024-07-18
INC000004221495,2024-07-18
INC000004221525,2024-07-18
INC000004221606,2024-07-18
INC000004234683,2024-07-13
INC000004236143,2024-07-18
INC000004237300,2024-07-13
INC000004237510,2024-07-18
INC000004237591,2024-07-18
INC000004238303,2024-07-13
INC000004238367,2024-07-18
INC000004238436,2024-07-18
INC000004242273,2024-07-18
INC000004242631,2024-07-13
INC000004243050,2024-07-18
INC000004244407,2024-07-18
INC000004245099,2024-07-18
INC000004250713,2024-07-18
INC000004250810,2024-07-18
INC000004250828,2024-07-18
INC000004250842,2024-07-18
INC000004251730,2024-07-18
INC000004252682,2024-07-18
INC000004252756,2024-07-18
INC000004253568,2024-07-13
INC000004254195,2024-07-13
INC000004255675,2024-07-18
INC000004255697,2024-07-18
INC000004255761,2024-07-18
INC000004255764,2024-07-18
INC000004259596,2024-07-18
INC000004260318,2024-07-18
INC000004264446,2024-07-13
INC000004264482,2024-07-18
INC000004268291,2024-07-13
INC000004268753,2024-07-18
INC000004268795,2024-07-18
INC000004268877,2024-07-18
INC000004272325,2024-07-18
INC000004276232,2024-07-18
INC000004277199,2024-07-18
INC000004285928,2024-07-18
INC000004286376,2024-07-18
INC000004287276,2024-07-18
INC000004288641,2024-07-14
INC000004289102,2024-07-18
INC000004289222,2024-07-20
INC000004294484,2024-07-20
INC000004294522,2024-07-20
INC000004294814,2024-07-20
INC000004294892,2024-07-20
INC000004295461,2024-07-20
INC000004296684,2024-07-20
INC000004297357,2024-07-13
INC000004301427,2024-07-13
INC000004301623,2024-07-20
INC000004302352,2024-07-13
INC000004302523,2024-07-20
INC000004302652,2024-07-20
INC000004303368,2024-07-20
INC000004305009,2024-07-20
INC000004305239,2024-07-20
INC000004305969,2024-07-20
INC000004309372,2024-07-18
INC000004309437,2024-07-13
INC000004310778,2024-07-20
INC000004311257,2024-07-20
INC000004311437,2024-07-20
INC000004311855,2024-07-13
INC000004313564,2024-07-20
INC000004314545,2024-07-20
INC000004317717,2024-07-20
INC000004318665,2024-07-20
INC000004318782,2024-07-20
INC000004321333,2024-07-13
INC000004332963,2024-07-13
INC000004332966,2024-07-18
INC000004333941,2024-07-20
INC000004334658,2024-07-20
INC000004335071,2024-07-20
INC000004337113,2024-07-13
INC000004341405,2024-07-14
INC000004343275,2024-07-20
INC000004344516,2024-07-20
INC000004349576,2024-07-20
INC000004350944,2024-07-14
INC000004351036,2024-07-20
INC000004351865,2024-07-20
INC000004358894,2024-07-20
INC000004359181,2024-07-20
INC000004360531,2024-07-20
INC000004366665,2024-07-20
INC000004366667,2024-07-20
INC000004368429,2024-07-20
INC000004368471,2024-07-18
INC000004368648,2024-07-18
INC000004368657,2024-07-18
INC000004368684,2024-07-18
INC000004368955,2024-07-20
INC000004374796,2024-07-14
INC000004375256,2024-07-20
INC000004375454,2024-07-20
INC000004377453,2024-07-18
INC000004378186,2024-07-20
INC000004385551,2024-07-20
INC000004385882,2024-07-20
INC000004389140,2024-07-22
INC000004389190,2024-07-22
INC000004389463,2024-07-18
INC000004390838,2024-07-14
INC000004391886,2024-07-22
INC000004394925,2024-07-18
INC000004398504,2024-07-22
INC000004399246,2024-07-22
INC000004399271,2024-07-22
INC000004399518,2024-07-22
INC000004400152,2024-07-22
INC000004400869,2024-07-22
INC000004401714,2024-07-22
INC000004402207,2024-07-22
INC000004403219,2024-07-18
INC000004406818,2024-07-22
INC000004406985,2024-07-22
INC000004408082,2024-07-18
INC000004408800,2024-07-13
INC000004408816,2024-07-14
INC000004408828,2024-07-18
INC000004408835,2024-07-14
INC000004409139,2024-07-14
INC000004411641,2024-07-18
INC000004411656,2024-07-18
INC000004411663,2024-07-20
INC000004411698,2024-07-20
INC000004414818,2024-07-20
INC000004414823,2024-07-20
INC000004414906,2024-07-22
INC000004415928,2024-07-14
INC000004416154,2024-07-22
INC000004417051,2024-07-22
INC000004419080,2024-07-20
INC000004419147,2024-07-20
INC000004419324,2024-07-22
INC000004419426,2024-07-14
INC000004423317,2024-07-14
INC000004430051,2024-07-20
INC000004430320,2024-07-14
INC000004432185,2024-07-22
INC000004432320,2024-07-22
INC000004432345,2024-07-22
INC000004432625,2024-07-22
INC000004433298,2024-07-20
INC000004433934,2024-07-20
INC000004434509,2024-07-22
INC000004434756,2024-07-14
INC000004434998,2024-07-14
INC000004438614,2024-07-22
INC000004438927,2024-07-14
INC000004438964,2024-07-14
INC000004439133,2024-07-22
INC000004440351,2024-07-22
INC000004440450,2024-07-22
INC000004441309,2024-07-14
INC000004442491,2024-07-14
INC000004443303,2024-07-22
INC000004444417,2024-07-22
INC000004447667,2024-07-20
INC000004447832,2024-07-22
INC000004447973,2024-07-22
INC000004448334,2024-07-22
INC000004448470,2024-07-22
INC000004449448,2024-07-22
INC000004450296,2024-07-14
INC000004450407,2024-07-13
INC000004451121,2024-07-22
INC000004451238,2024-07-22
INC000004451654,2024-07-22
INC000004451663,2024-07-20
INC000004452497,2024-07-22
INC000004456021,2024-07-22
INC000004456260,2024-07-22
INC000004456637,2024-07-22
INC000004457083,2024-07-14
INC000004459404,2024-07-22
INC000004460469,2024-07-22
INC000004460477,2024-07-22
INC000004464375,2024-07-22
INC000004465280,2024-07-14
INC000004465486,2024-07-22
INC000004467378,2024-07-14
INC000004468267,2024-07-22
INC000004468467,2024-07-22
INC000004468921,2024-07-14
INC000004472457,2024-07-20
INC000004472496,2024-07-14
INC000004472856,2024-07-22
INC000004473186,2024-07-22
INC000004473584,2024-07-22
INC000004474513,2024-07-22
INC000004474831,2024-07-20
INC000004474959,2024-07-22
INC000004475020,2024-07-22
INC000004475946,2024-07-22
