ID,Spare Part Name,Price,Categories,UOM
5,Nitrogen (N2) Gas,250,34,23
7,SPLIT AC - Gas R-32 Per KG,1200,34,23
8,SPLIT AC - Gas R-410 Per KG,1200,34,23
10,SPLIT AC - BLOWER 2TR,2500,34,30
11,SPLIT AC - PCB Card,2500,34,30
12,Split Inverter AC - 1.5TR PCB Card,2500,34,30
13,Split Inverter AC - 2TR PCB Card,2500,34,30
14,SPLIT AC - ROOM AIR SENSOR,250,34,30
15,SPLIT AC - COIL SENSOR,700,34,30
16,Swing Motor - Indoor,1000,34,30
17,INDOOR UNIT MOTER - 1.5TR,1500,34,30
18,INDOOR UNIT DC MOTER - 1.5TR,1500,34,30
19,OUTDOOR UNIT FAN MOTOR - 1.5TR,2500,34,30
20,OUTDOOR UNIT FAN MOTOR - 2TR,2500,34,30
22,OUTDOOR FAN DC MOTOR - 2TR,2500,34,30
23,CONTACTER 1&2 POLE - SINGLE PHASE,300,34,30
26,"NEW COMPRESSOR R-22 , 2TR ( MAKE - ANY )",9500,34,30
27,"NEW COMPRESSOR R-32 , 1TR ( MAKE - ANY )",2000,34,30
28,"NEW COMPRESSOR R-32 , 1.5TR ( MAKE - ANY )",2000,34,30
29,"NEW COMPRESSOR R-32 , 2TR ( MAKE - ANY )",2000,34,30
30,CAPACITOR 45 MFD,450,34,30
31,CAPACITOR 50 MFD,450,34,30
32,CAPACITOR 60 MFD,450,34,30
33,SPLIT AC - OUTDOOR PCB CARD,2500,34,30
34,SPLIT AC - OUTDOOR INVERTER PCB CARD-1.5TR,2500,34,30
35,SPLIT AC - OUTDOOR INVERTER PCB CARD - 2TR,2500,34,30
38,CASSETTE AC - DRAIN PUMP,5500,34,30
39,CASSETTE AC - ROOM AIR SENSOR,650,34,30
40,CASSETTE AC - COIL SENSOR,700,34,30
41,CASSETTE AC - INDOOR MOTOR - 1.5TR,1500,34,30
42,CASSETTE AC - INDOOR MOTOR - 2TR,1500,34,30
43,CASSETTE AC - INDOOR DC MOTOR - 1.5TR,2500,34,30
44,CASSETTE AC - INDOOR DC MOTOR - 2TR,2500,34,30
46,CASSETTE AC - INDOOR PCB 2TR,2500,34,30
47,CASSETTE AC - INDOOR INVERTER PCB 2TR,3500,34,30
48,CASSETTE AC - INDOOR INVERTER PCB 2.5TR,3500,34,30
49,CASSETTE AC - INDOOR INVERTER PCB 3TR,3500,34,30
50,CASSETTE AC - INDOOR INVERTER PCB 4TR,3500,34,30
