CompanyID,BranchSite,BranchCode,BranchEmail,BranchMobile,BranchLandline,BranchAddress1,BranchAddress2,BranchCity,BranchState,BranchPostalCode,SiteIncharge,Account Branch Manager
JLL-AIRTEL-R&M,JLL-AIRTEL-R&M-BHARTI AIRTEL LTD CHANNI HIMMAT-JK,11311-BHARTI AIRTEL LTD CHANNI HIMMAT,a_Ashish.Kumar3@airtel.com,8264753699,8264753699,BHARTI AIRTEL LIMITED SHOP NO.15 SECTOR 2 CHANNI HIMMAT JAMMU 180015,,JAMMU,JAMMU-KASHMIR,180015,Ashish,NEERAJ KUMAR
JLL-AIRTEL-R&M,JLL-AIRTEL-R&M-Bharti Airtel limited Lobby Jammu-JK,11312-Bharti Airtel limited Lobby Jammu,a_Ashish.Kumar3@airtel.com,8264753699,8264753699,B2 3rd Floor South Block Bahu Plaza Jammu 180012,,JAMMU,JAMMU-KASHMIR,180020,Ashish,NEERAJ KUMAR
JLL-AIRTEL-R&M,JLL-AIRTEL-R&M-Sec 70 MOH-PB,11314-Sec 70 MOH,a_Ashish.Kumar3@airtel.com,8264753699,8264753699,"SCO 527, Ground Floor , Near Gopal Sweets , Sector 70 , Mohali 160071",,MOHALI,PUNJAB,160071,Ashish,NEERAJ KUMAR
JLL-AIRTEL-R&M,JLL-AIRTEL-R&M-Gandhi Bazar PTK-PB,15410-Gandhi Bazar PTK,a_Ashish.Kumar3@airtel.com,8264753699,8264753699,LALA MOHINDER PAL AGGARWAL CHARITABLE TRUST MOHAN MARKET NEAR GANDHI CHOWK DALHOUSIE ROAD PATHANKOT 145001,,PATHANKOT,PUNJAB,145001,Ashish,NEERAJ KUMAR
JLL-AIRTEL-R&M,JLL-AIRTEL-R&M-Solan SOL-HP,16492-Solan SOL,a_Vijay.Gurung@airtel.com,9872209291,9872209291,SHIV NIWAS NEAR STATE LIBRARY OPPOSITE SHIV BAKERS THE MALL ROAD SOLAN HP 173212,,SOLAN,HIMACHAL PRADESH,173212,Vijay Gurang,NEERAJ KUMAR
JLL-AIRTEL-R&M,JLL-AIRTEL-R&M-Kurukshetra KKR-HAR,16543-Kurukshetra KKR,a_Vijay.Gurung@airtel.com,9872209291,9872209291,AIRTEL STORE TAYAL MARKET NEAR AMBEDKAR CHOWK KURUSHETRA 136118,,KURUKSHETRA,HARYANA,136118,Vijay Gurang,NEERAJ KUMAR
JLL-AIRTEL-R&M,JLL-AIRTEL-R&M-Yamunanagar YAM-HAR,16544-Yamunanagar YAM,a_Vijay.Gurung@airtel.com,9872209291,9872209291,PLOT NO 25 THAPAR COLONY YAMUNANAGAR HARYANA 135001,,YAMUNANAGAR,HARYANA,135001,Vijay Gurang,NEERAJ KUMAR
JLL-AIRTEL-R&M,JLL-AIRTEL-R&M-Ghumar Mandi LUD-PB,16548-Ghumar Mandi LUD,a_Ashish.Kumar3@airtel.com,8264753699,8264753699,AIRTEL STORE B 20 179 DR HIRA SINGH ROAD GHUMAR MANDI LUDHIANA 141001,,LUDHIANA,PUNJAB,141001,Ashish,NEERAJ KUMAR
JLL-AIRTEL-R&M,JLL-AIRTEL-R&M-Ferozepur FZP-PB,16549-Ferozepur FZP,a_Ashish.Kumar3@airtel.com,8264753699,8264753699,AIRTEL STORE SHOP NO 30/44 MALL ROAD FEROZPUR CITY 152002,,FIROZPUR,PUNJAB,152002,Ashish,NEERAJ KUMAR
JLL-AIRTEL-R&M,JLL-AIRTEL-R&M-Zirakpur ZIR-PB,16572-Zirakpur ZIR,a_Ashish.Kumar3@airtel.com,8264753699,8264753699,SCO 10 11 CHIRANJI ENCLAVE AMBALA CHANDIGARH HIGHWAY ADJOINING ICICI BANK ZIRAKPUR 140603,,ZIRAKPUR,PUNJAB,140603,Ashish,NEERAJ KUMAR
JLL-AIRTEL-R&M,JLL-AIRTEL-R&M-Jammu JAM-JK,16718-Jammu JAM,a_Ashish.Kumar3@airtel.com,8264753699,8264753699,HOTEL VARDAAN JP CHOWK BELOW GUMAT JAMMU 180001,,GULMARG,JAMMU-KASHMIR,180001,Ashish,NEERAJ KUMAR
JLL-AIRTEL-R&M,JLL-AIRTEL-R&M-Hargobind Nagar PGW-PB,17016-Hargobind Nagar PGW,a_Ashish.Kumar3@airtel.com,8264753699,8264753699,SCF NO 99 KHASRA NO 6621/3278 GURU HARGOBIND NAGAR PHAGWARA 144401,,PHAGWARA,PUNJAB,144401,Ashish,NEERAJ KUMAR
JLL-AIRTEL-R&M,JLL-AIRTEL-R&M-Ajnala Road ASR-PB,17018-Ajnala Road ASR,a_Ashish.Kumar3@airtel.com,8264753699,8264753699,SHOP NO 32 KHASRA NO 312 GUMTALA URBAN AJNALA ROAD DISTRICT SHOPPING CENTRE PAL PLAZA AMRITSAR 143001,,AMRITSAR,PUNJAB,143001,Ashish,NEERAJ KUMAR
JLL-AIRTEL-R&M,JLL-AIRTEL-R&M-Phase 5 MOH-PB,17352-Phase 5 MOH,a_Ashish.Kumar3@airtel.com,8264753699,8264753699,SCF 84 PHASE 5 MOHALI 160059,,MOHALI,PUNJAB,160059,Ashish,NEERAJ KUMAR
JLL-AIRTEL-R&M,JLL-AIRTEL-R&M-Dugri LUD-PB,17498-Dugri LUD,a_Ashish.Kumar3@airtel.com,8264753699,8264753699,SCF 3 PHASE 1 URBAN ESTATE DUGRI ROAD LUDHIANA 141002,,LUDHIANA,PUNJAB,141002,Ashish,NEERAJ KUMAR
JLL-AIRTEL-R&M,JLL-AIRTEL-R&M-Hoshiarpur HOS-PB,17499-Hoshiarpur HOS,a_Ashish.Kumar3@airtel.com,8264753699,8264753699,PHAGWARA CHOWK JALANDHAR ROAD BUS STAND ROAD HOSHIARPUR PUNJAB 146001,,HOSHIARPUR,PUNJAB,146001,Ashish,NEERAJ KUMAR
JLL-AIRTEL-R&M,JLL-AIRTEL-R&M-Sec 46 CHD-PB,17520-Sec 46 CHD,a_Ashish.Kumar3@airtel.com,8264753699,8264753699,INDL SITE NO 95 SEC 46C CHANDIGARH 160047,,CHANDIGARH,CHANDIGARH,160047,Ashish,NEERAJ KUMAR
JLL-AIRTEL-R&M,JLL-AIRTEL-R&M-Sec 37C CHD-PB,17608-Sec 37C CHD,a_Ashish.Kumar3@airtel.com,8264753699,8264753699,SCO 185 SEC 37C CHANDIGARH 160036,,CHANDIGARH,CHANDIGARH,160036,Ashish,NEERAJ KUMAR
JLL-AIRTEL-R&M,JLL-AIRTEL-R&M GILL ROAD LUD - AOR,18000-Gill Road LUD,satbir.kour@airtel.com,9915049339,9915049339,BLOCK NO 15B SHOP NO 543 GILL ROAD LUDHIANA 141003,,LUDHIANA,PUNJAB,141003,SATBIR KAUR,NEERAJ KUMAR
JLL-AIRTEL-R&M,JLL-AIRTEL-R&M-Hisar HSR-HAR,18001-Hisar HSR,a_Vijay.Gurung@airtel.com,9872209291,9872209291,PLOT NO 4 MCH PROPERTY NO 39 MODEL TOWN NEAR DABRA CHOWK HISAR HARYANA 125001,,HISAR,HARYANA,125001,Vijay Gurang,NEERAJ KUMAR
JLL-AIRTEL-R&M,JLL-AIRTEL-R&M-Dharampura BZR PTL-PB,18126-Dharampura BZR PTL,a_Ashish.Kumar3@airtel.com,8264753699,8264753699,238/3 DHARAMPURA ROAD PATIALA PUNJAB 147001,,PATIALA,PUNJAB,147001,Ashish,NEERAJ KUMAR
JLL-AIRTEL-R&M,JLL-AIRTEL-R&M-Civil Road RTK-HAR,18172-Civil Road RTK,a_Vijay.Gurung@airtel.com,9872209291,9872209291,WHITE HOUSE OPP YES BANK CIVIL ROAD ROHTAK 124001,,ROHTAK,HARYANA,124001,Vijay Gurang,NEERAJ KUMAR
JLL-AIRTEL-R&M,JLL-AIRTEL-R&M-Sanjauli Road SHM-HP,18647-Sanjauli Road SHM,a_Vijay.Gurung@airtel.com,9872209291,9872209291,MANTA BUILDING SANJAULI MAIN SANJAULI ROAD SHIMLA 171006,,SHIMLA,HIMACHAL PRADESH,171006,Vijay Gurang,NEERAJ KUMAR
JLL-AIRTEL-R&M,JLL-AIRTEL-R&M-Shingar Road LUD-PB,18648-Shingar Road LUD,a_Ashish.Kumar3@airtel.com,8264753699,8264753699,SOBTI COMPLEX BABA THAN SINGH CHOWK OPPOSITE BANK OF BARODA SHINGAR PALACE SAMRALA ROAD LUDHIANA 141008,,LUDHIANA,PUNJAB,141008,Ashish,NEERAJ KUMAR
JLL-AIRTEL-R&M,JLL-AIRTEL-R&M-Sec 15 CHD-PB,18650-Sec 15 CHD,a_Ashish.Kumar3@airtel.com,8264753699,8264753699,SCO 75 GROUND FLOOR SECTOR 15 CHANDIGARH 160015,,CHANDIGARH,CHANDIGARH,160015,Ashish,NEERAJ KUMAR
JLL-AIRTEL-R&M,JLL-AIRTEL-R&M-Model Town Ph 3 BTI-PB,19533-Model Town Ph 3 BTI,a_Ashish.Kumar3@airtel.com,8264753699,8264753699,"Airtel store , near nagpal hospital ,Mall Road , bathinda .151001",,BHATINDA,PUNJAB,151001,Ashish,NEERAJ KUMAR
JLL-AIRTEL-R&M,JLL-AIRTEL-R&M-Old City LUD-PB,19622-Old City LUD,a_Ashish.Kumar3@airtel.com,8264753699,8264753699,1603/1 MATA RANI CHOWK GT ROAD OLD CITY LUDHIANA 141008,,LUDHIANA,PUNJAB,141008,Ashish,NEERAJ KUMAR
JLL-AIRTEL-R&M,JLL-AIRTEL-R&M-Sec 10 MOH-PB,19623-Sec 10 MOH,a_Ashish.Kumar3@airtel.com,8264753699,8264753699,SCF 56 PHASE 10 MOHALI PUNJAB 160064,,MOHALI,PUNJAB,160064,Ashish,NEERAJ KUMAR
JLL-AIRTEL-R&M,JLL-AIRTEL-R&M-Sec 20 PCK-PB,19888-Sec 20 PCK,a_Ashish.Kumar3@airtel.com,8264753699,8264753699,SCO 282 SECTOR 20 PANCHKULA HARYANA 134117,,PANCHKULA,HARYANA,134117,Ashish,NEERAJ KUMAR
JLL-AIRTEL-R&M,JLL-AIRTEL-R&M-Shimla Lobby SHM-HP,0050-Shimla Lobby SHM,a_Vijay.Gurung@airtel.com,9872209291,9872209291,BLOCK 11 A SDA COMPLEX KASUMPTI SHIMLA 171009,,SHIMLA,HIMACHAL PRADESH,171009,Vijay Gurang,NEERAJ KUMAR
JLL-AIRTEL-R&M,JLL-AIRTEL-R&M-Subhash Chowk SNP-HAR,0056-Subhash Chowk SNP,a_Vijay.Gurung@airtel.com,9872209291,9872209291,JP BHORYA DIGI WORLD SUBHASH CHOWK SONEPAT 131001,,SONIPAT,HARYANA,131001,Vijay Gurang,NEERAJ KUMAR
JLL-AIRTEL-R&M,JLL-AIRTEL-R&M-Prem Nagar AMB-HAR,0057-Prem Nagar AMB,a_Vijay.Gurung@airtel.com,9872209291,9872209291,WARD NO 7 MANALI HOUSE PREM NAGAR OLD DELHI ROAD BELOW BURN GYM AMBALA 134003,,AMBALA,HARYANA,134003,Vijay Gurang,NEERAJ KUMAR
JLL-AIRTEL-R&M,JLL-AIRTEL-R&M-Mandi Lobby MND-HP,0196-Mandi Lobby MND,a_Vijay.Gurung@airtel.com,9872209291,9872209291,SHOP NO 2 GROUND FLOOR CHAMAN COMMERCIAL COMPLEX SERI BAZAR MANDI 175001,,MANDI,HIMACHAL PRADESH,175001,Vijay Gurang,NEERAJ KUMAR
JLL-AIRTEL-R&M,JLL-AIRTEL-R&M-Sector 27 CHD-PB,0206-Sector 27 CHD,a_Ashish.Kumar3@airtel.com,8264753699,8264753699,SCF 8 SECTOR 27D CHANDIGARH 160019,,CHANDIGARH,CHANDIGARH,160019,Ashish,NEERAJ KUMAR
JLL-AIRTEL-R&M,JLL-AIRTEL-R&M-Ludhiana Lobby LUD-PB,0337-Ludhiana Lobby LUD,a_Ashish.Kumar3@airtel.com,8264753699,8264753699,G 454 IC TOWER BRS NAGAR OPP VERKA MILK PLANT LUDHIANA 141005,,LUDHIANA,PUNJAB,141005,Ashish,NEERAJ KUMAR
JLL-AIRTEL-R&M,JLL-AIRTEL-R&M-Bakshi Nagar JAM-JK,0452-Bakshi Nagar JAM,a_Ashish.Kumar3@airtel.com,8264753699,8264753699,328 BAKSHI NAGAR JAMMU 180001,,GULMARG,JAMMU-KASHMIR,180001,Ashish,NEERAJ KUMAR
JLL-AIRTEL-R&M,JLL-AIRTEL-R&M-Sec 11 PCK-PB,4897-Sec 11 PCK,a_Ashish.Kumar3@airtel.com,8264753699,8264753699,SCO 36 SECTOR 11 PANCHKULA PUNJAB 134109,,PANCHKULA,HARYANA,134109,Ashish,NEERAJ KUMAR
JLL-AIRTEL-R&M,JLL-AIRTEL-R&M-Sec 22 CHD-PB,4945-Sec 22 CHD,a_Ashish.Kumar3@airtel.com,8264753699,8264753699,SCO 1028 1029 SEC 22B CHANDIGARH 160017,,CHANDIGARH,CHANDIGARH,160017,Ashish,NEERAJ KUMAR
JLL-AIRTEL-R&M,JLL-AIRTEL-R&M-Mall Road SHM-HP,63-Mall Road SHM,a_Vijay.Gurung@airtel.com,9872209291,9872209291,SHOP NO 2 MALL ROAD OPP SHEHZADI SHOP NEAR INDIRA GANDHI STADIUM SHIMLA 171001,,SHIMLA,HIMACHAL PRADESH,171001,Vijay Gurang,NEERAJ KUMAR
JLL-AIRTEL-R&M,JLL-AIRTEL-R&M-Lawrence Road ASR-PB,80-Lawrence Road ASR,a_Ashish.Kumar3@airtel.com,8264753699,8264753699,BLDG 9 AND 10 FASHION FORT LAWRENCE ROAD AMRITSAR 143001,,AMRITSAR,PUNJAB,143001,Ashish,NEERAJ KUMAR
JLL-AIRTEL-R&M,JLL-AIRTEL-R&M-Minarva Mall AMB-HAR,126-Minarva Mall AMB,a_Vijay.Gurung@airtel.com,9872209291,9872209291,MINARVA COMPLEX RAI MARKET AMBALA CANT 133001,,AMBALA,HARYANA,133001,Vijay Gurang,NEERAJ KUMAR
JLL-AIRTEL-R&M,JLL-AIRTEL-R&M-Sec 35 C CHD-PB,128-Sec 35 C CHD,a_Ashish.Kumar3@airtel.com,8264753699,8264753699,SCO 491 SECTOR 35 C NEAR ICICI BANK CHANDIGARH 160035,,CHANDIGARH,CHANDIGARH,160035,Ashish,NEERAJ KUMAR
JLL-AIRTEL-R&M,JLL-AIRTEL-R&M-Sarabha Nagar LUD-PB,133-Sarabha Nagar LUD,a_Ashish.Kumar3@airtel.com,8264753699,8264753699,SCF 42C SARABHA NAGAR MAIN MARKET LUDHIANA 141001,,LUDHIANA,PUNJAB,141001,Ashish,NEERAJ KUMAR
JLL-AIRTEL-R&M,JLL-AIRTEL-R&M-3B2 CHD-PB,166-3B2 CHD,a_Ashish.Kumar3@airtel.com,8264753699,8264753699,SCF 102 GROUND FLOOR PHASE 3B2 MOHALI 160059,,MOHALI,PUNJAB,160059,Ashish,NEERAJ KUMAR
JLL-AIRTEL-R&M,JLL-AIRTEL-R&M-Leela Bhavan PTL-PB,246-Leela Bhavan PTL,a_Ashish.Kumar3@airtel.com,8264753699,8264753699,SCO NO 1 AKAL TOWER LEELA BHAWAN CHOWK PATIALA 147001,,PATIALA,PUNJAB,147001,Ashish,NEERAJ KUMAR
JLL-AIRTEL-R&M,JLL-AIRTEL-R&M-Hall Bazar ASR-PB,517-Hall Bazar ASR,a_Ashish.Kumar3@airtel.com,8264753699,8264753699,KUNDAN PLAZA PAT OF PLOT NO 3/1 HALL BAZAAR AMRITSAR 143001,,AMRITSAR,PUNJAB,143001,Ashish,NEERAJ KUMAR
JLL-AIRTEL-R&M,JLL-AIRTEL-R&M-Model town JLD-PB,687-Model town JLD,a_Ashish.Kumar3@airtel.com,8264753699,8264753699,SEIYU COMPLEX NO 189 OPP. NIKU PARK MODEL TOWN JALANDHAR 144001,,JALANDHAR,PUNJAB,144001,Ashish,NEERAJ KUMAR
JLL-AIRTEL-R&M,JLL-AIRTEL-R&M-Jyoti chowk JLD-PB,688-Jyoti chowk JLD,a_Ashish.Kumar3@airtel.com,8264753699,8264753699,W G 586 SURAJ GANJ JYOTI CHAWK JALANDHAR 144001,,JALANDHAR,PUNJAB,144001,Ashish,NEERAJ KUMAR
JLL-AIRTEL-R&M,JLL-AIRTEL-R&M-Kunjpura Road KRN-HAR,687-Kunjpura Road KRN,a_Vijay.Gurung@airtel.com,9872209291,9872209291,135 DAYAL SINGH COLONY KUNJPURA ROAD OPP VISHAL MEGA MART KARNAL 132001,,KARNAL,HARYANA,132001,Vijay Gurang,NEERAJ KUMAR
JLL-AIRTEL-R&M,JLL-AIRTEL-R&M-GT Road PPT-HAR,688-GT Road PPT,a_Vijay.Gurung@airtel.com,9872209291,9872209291,SHOP NO 947 NEAR RAILWAY ROAD GT ROAD PANIPAT 132103,,PANIPAT,HARYANA,132103,Vijay Gurang,NEERAJ KUMAR
EFS-YES BANK,EFS-YES BANK-Ludhiana - Sunder Nagar,0468-Ludhiana - Sunder Nagar,Vengad.Eswaran@efsme.com,9036591904,9036591904,"B-24/2593, Gf/Ff, Jagat Nagar, Sunder Nagar Chowk, Ludhiana - 141007",,LUDHIANA,PUNJAB,141007,Vangad Eswaran,NEERAJ KUMAR
EFS-YES BANK,EFS-YES BANK-Jalandhar - Sodal Road,0544-Jalandhar - Sodal Road,Vengad.Eswaran@efsme.com,9036591904,9036591904,"Sco 29-32, Silver Plaza, Ppr Mall, Sodal Road, Jalandhar, 144004",,JALANDHAR,PUNJAB,144004,Vangad Eswaran,NEERAJ KUMAR
JLL-AIRTEL-R&M,Airtel- Bhatinda,1,Ashish.kumar3@airtel.com,9837433219,9837433219,,,BHATINDA,PUNJAB,,1,NEERAJ KUMAR
JLL-AIRTEL-R&M,JLL-AIRTEL-R&M-AOR Store Jind HAR,12047,Ashish.kumar3@airtel.com,9896276436,9896276436,,,JIND,HARYANA,12047,ASHISH KUMAR,NEERAJ KUMAR
JLL-AIRTEL-R&M,JLL-AIRTEL-R&M-COCO Gandhi Nagar Kullu,-12044,Urmila.Thakur@airtel.com,9816049763,9816049763,,,KULLU,HIMACHAL PRADESH,12044,URMILA THAKUR,NEERAJ KUMAR
JLL-AIRTEL-R&M,JLL-AIRTEL-R&M-AOR Store Sonipat HAR,-10513,Meenakshi.Manchanda@airtel.com,9896276822,9896276822,,,SONIPAT,HARYANA,10513,MEENAKSHI,NEERAJ KUMAR
JLL-AIRTEL-R&M,JLL-AIRTEL-R&M-AOR_NAC Manimajra,-10017,Parul.Garg@airtel.com,9915049440,9915049440,,,RAJPURA,CHANDIGARH,10017,Parul. Garg,NEERAJ KUMAR
JLL-AIRTEL-R&M,JLL-AIRTEL-R&M-AOR Store Batala PB,-5154,Mukesh30.kumar@airtel.com,9915049252,9915049252,,,BATALA,PUNJAB,5154,Mukesh.kumar,NEERAJ KUMAR
JLL-AIRTEL-R&M,JLL-AIRTEL-R&M-AOR Store Khanna PB,-5111,Joy.Singh@airtel.com,9915049967,9915049967,,,KHANNA,PUNJAB,,Joy.singh,NEERAJ KUMAR
JLL-AIRTEL-R&M,JLL-AIRTEL-R&M-AOR RK Road Ldh store,-5105,anjali@airtel.com,9915049576,9915049576,,,LUDHIANA,PUNJAB,,Anjali,NEERAJ KUMAR
JLL-AIRTEL-R&M,JLL-AIRTEL-R&M-AOR Store Karnal HAR,-5080,Neha1.Gautam@airtel.com,9896276906,9896276906,,,KARNAL,HARYANA,,Neha Gautam,NEERAJ KUMAR
JLL-AIRTEL-R&M,JLL-AIRTEL-R&M-AOR Store Sirsa HAR,-4799,Ramneek.Midha@airtel.com,9915049856,9915049856,,,SIRSA,HARYANA,4799,Ramneek .Midha,NEERAJ KUMAR
JLL-AIRTEL-R&M,JLL-AIRTEL-R&M-AOR Store Dharamshala HP,-4665,Shiv4.kumar@airtel.com,9968240580,9968240580,,,DHARAMSHALA,HIMACHAL PRADESH,4665,Shiv4,NEERAJ KUMAR
JLL-AIRTEL-R&M,JLL-AIRTEL-R&M-AOR Store Sodal Road Jal PB,-4635,Harpreet9.Singh@airtel.com,9915049824,9915049824,,,JALANDHAR,PUNJAB,,Harpreet,NEERAJ KUMAR
JLL-AIRTEL-R&M,JLL-AIRTEL-R&M-AOR Store Sunder Nagar HP,-4547,Meenakshi.Kalanta@airtel.com,9816049728,9816049728,,,SUNDER NAGAR,HIMACHAL PRADESH,-4547,MEENAKSHI,NEERAJ KUMAR
JLL-AIRTEL-R&M,JLL-AIRTEL-R&M-AOR Store Barnala PB,-4502,Bharat.Bushan@airtel.com,9915049775,9915049775,,,BARNALA,PUNJAB,4502,Bharat,NEERAJ KUMAR
JLL-AIRTEL-R&M,JLL-AIRTEL-R&M-AOR Store Faridkot PB,-4375,Ashish.kumar3@airtel.com,9815049975,9815049975,,,FARIDKOT,PUNJAB,4375,ASHISH KUMAR,NEERAJ KUMAR
JLL-AIRTEL-R&M,JLL-AIRTEL-R&M-AOR Store Moga PB,-4367,Darshan.singh@airtel.com,9915049732,9915049732,,,MOGA,PUNJAB,4367,Darshan,NEERAJ KUMAR
JLL-AIRTEL-R&M,JLL-AIRTEL-R&M-AOR Store tripuri patiala,-4295,Shivani.Sharma@airtel.com,9915049867,9915049867,,,PATIALA,PUNJAB,4295,Shivani,NEERAJ KUMAR
JLL-AIRTEL-R&M,JLL-AIRTEL-R&M-AOR Store Nabha PB,-4294,dilbag1.singh@airtel.com,9915049115,9915049115,,,NABHA,PUNJAB,4294,Dilbag.1,NEERAJ KUMAR
JLL-AIRTEL-R&M,JLL-AIRTEL-R&M-AOR Store Rajpura PB,-4293,ParveenParveen.Saini@airtel.com,9996125001,9996125001,,,RAJPURA,PUNJAB,4293,Praveen,NEERAJ KUMAR
JLL-AIRTEL-R&M,JLL-AIRTEL-R&M-AOR Store Muktsar Store,-4290,Karan.khokhar@airtel.com,9915049468,9915049468,,,MUKTSAR,PUNJAB,4290,Karan,NEERAJ KUMAR
JLL-AIRTEL-R&M,JLL-AIRTEL-R&M-AOR Store Jamalpur PB,-4283,Sumit4.Sharma@airtel.com,9915049499,9915049499,,,LUDHIANA,PUNJAB,4283,Sumit 4,NEERAJ KUMAR
JLL-AIRTEL-R&M,JLL-AIRTEL-R&M-AOR Store Mandi Gobindgarh PB,-4282,Nisha.Rani@airtel.com,8054062662,8054062662,,,MANDI,HIMACHAL PRADESH,4282,Nisha,NEERAJ KUMAR
JLL-AIRTEL-R&M,JLL-AIRTEL-R&M-AOR Store Ropar PB,-4276,Sparsh.Kumar@airtel.com,8427348827,8427348827,,,ROPAR,PUNJAB,4276,Sparsh,NEERAJ KUMAR
JLL-AIRTEL-R&M,JLL-AIRTEL-R&M-AOR Store Kaithal HAR,-4125,Robin.Sharma@airtel.com,9896276391,9896276391,,,KAITHAL,HARYANA,-4125,Robin,NEERAJ KUMAR
JLL-AIRTEL-R&M,JLL-AIRTEL-R&M-AOR Store Kharar PB,-4123,pyushika.ahuja@airtel.com,9896276361,9896276361,,,KHARAR,PUNJAB,4123,Pyushika,NEERAJ KUMAR
JLL-AIRTEL-R&M,JLL-AIRTEL-R&M-AOR Store putligarh PB,-4113,Deeksha@airtel.com,9915049881,9915049881,,,AMRITSAR,PUNJAB,4113,Radhika,NEERAJ KUMAR
JLL-AIRTEL-R&M,JLL-AIRTEL-R&M-AOR Store Gurdaspur PB,-4112,Babita2@airtel.com,9915049951,9915049951,,,GURDASPUR,PUNJAB,4112,Babita,NEERAJ KUMAR
JLL-AIRTEL-R&M,JLL-AIRTEL-R&M-AOR Store Abohor PB,-4099,Baljinder4.Singh@airtel.com,9915049984,9915049984,,,ABOHAR,PUNJAB,4099,Baljinder4,NEERAJ KUMAR
JLL-AIRTEL-R&M,JLL-AIRTEL-R&M-AOR Store Rama Mandi PB,-3486,purnima.malhotra@airtel.com,9815049096,9815049096,,,JALANDHAR,PUNJAB,3486,Purnima,NEERAJ KUMAR
JLL-AIRTEL-R&M,JLL-AIRTEL-R&M-AOR Store kapurthala PB,-3465,Ashish.kumar3@airtel.com,8481654154,8481654154,,,KAPURTHALA,PUNJAB,3456,ASHISH KUMAR,NEERAJ KUMAR
JLL-AIRTEL-R&M,JLL-AIRTEL-R&M-AOR Store Humbra LDH PB,-3442,Gaurav4.rana@airtel.com,9915049291,9915049291,,,LUDHIANA,PUNJAB,3442,Gaurav,NEERAJ KUMAR
JLL-AIRTEL-R&M,JLL-AIRTEL-R&M-AOR Store Sangrur PB,-3441,Amit49.Kumar@airtel.com,9915049531,9915049531,,,SANGRUR,PUNJAB,3441,Amil49,NEERAJ KUMAR
JLL-AIRTEL-R&M,JLL-AIRTEL-R&M-AOR Store Sunder Nagar PB,-3397,Jyoti1@airtel.com,9915049578,9915049578,,,LUDHIANA,PUNJAB,3397,Jyoti 1,NEERAJ KUMAR
JLL-AIRTEL-R&M,JLL-AIRTEL-R&M-AOR Store Bhiwani HR,-3027,Soni@airtel.com,9896276446,9896276446,,,BHIWANI,HARYANA,3027,Soni,NEERAJ KUMAR
JLL-AIRTEL-R&M,JLL-AIRTEL-R&M-AOR Baddi Store,-3027,muneesh1.balouria@airtel.com,9816049885,9816049885,,,BADDI,HIMACHAL PRADESH,3027,Muneesh1,NEERAJ KUMAR
JLL-AIRTEL-R&M,JLL-AIRTEL-R&M MODEL TOWN PH 3 BTI -AOR,-19533,faisal.khan@airtel.com,9915049605,9915049605,,,BHATINDA,PUNJAB,19533,FAISAL KHAN,NEERAJ KUMAR
JLL-AIRTEL-R&M,JLL-AIRTEL-R&M SEC 22 CHD - AOR,24945,Poonam.Sanjotra@airtel.com,9915049268,9915049268,,,CHANDIGARH,CHANDIGARH,,POONAM,NEERAJ KUMAR
JLL-AIRTEL-R&M,JLL-AIRTEL-R&M OLD CITY LUD - AOR,-19622,monika.gaur@airtel.com,9878410200,9878410200,,,LUDHIANA,PUNJAB,,MONIKA GAUR,NEERAJ KUMAR
JLL-AIRTEL-R&M,JLL-AIRTEL-R&M DHARAMPURA BZR PTL - AOR,-18126,Gurpreet16.singh@airtel.com,9915049787,9915049787,,,PATIALA,PUNJAB,,GURPREET SINGH,NEERAJ KUMAR
JLL-AIRTEL-R&M,JLL-AIRTEL-R&M SHIMLA LOBBY SHM - AOR,10050,ponam.verma@airtel.com,9816049847,9816049847,,,SHIMLA,HIMACHAL PRADESH,,POONAM VARMA,NEERAJ KUMAR
JLL-AIRTEL-R&M,AIRTEL-JLL-Sec 20 PCK,19888,harisha.nair@airtel.com,9999597672,9999597672,,,PANCHKULA,HARYANA,,Harisha,NEERAJ KUMAR
JLL-AIRTEL-R&M,JLL-AIRTEL-R&M Sahara Mall GGN,27673,a_sanjeev14.kumar@airtel.com,9810985583,9810985583,S 45 GROUND FLOOR SAHARA MALL MG ROAD GURGAON 122002,S 45 GROUND FLOOR SAHARA MALL MG ROAD GURGAON 122002,GURGAON,GURGAON-HARYANA,122001,SANJEEV KUMAR,DINESH KUMAR
JLL-AIRTEL-R&M,JLL-AIRTEL-R&M Vasant Vihar DEL,12645,a_AMIT.AMIT@airtel.com,9716119140,9716119140,,,DELHI,DELHI,,AMIT,DINESH KUMAR
JLL-AIRTEL-R&M,JLL-AIRTEL-R&M Nehru Place DEL,10272,a_AMIT.AMIT@airtel.com,9716119140,9716119140,,,DELHI,DELHI,,AMIT,DINESH KUMAR
JLL-AIRTEL-R&M,JLL-AIRTEL-R&M Mahipal Pur DEL,4288,a_AMIT.AMIT@airtel.com,9716119145,9716119145,,,DELHI,DELHI,,AMIT,DINESH KUMAR
CBRE-Airtel-AMC,1-Rajiv Gandhi Technology Park,1,sachin.vats@cbre.com,8750885447,8750885447,,,CHANDIGARH,CHANDIGARH,,Sachin Vats,NEERAJ KUMAR
CBRE-Airtel-AMC,2-District Shopping Complex,2,sachin.vats@cbre.com,8750885447,8750885447,,,AMRITSAR,PUNJAB,,Sachin Vats,NEERAJ KUMAR
CBRE-Airtel-AMC,3-Kotwali Bazaar,3,sachin.vats@cbre.com,8750885447,8750885447,,,DHARAMSHALA,HIMACHAL PRADESH,,Sachin Vats,NEERAJ KUMAR
CBRE-Airtel-AMC,6-Bahu Plaza,6,sachin.vats@cbre.com,8750885447,8750885447,,,JAMMU,JAMMU-KASHMIR,,Sachin Vats,NEERAJ KUMAR
CBRE-Airtel-AMC,7-BRS Nagar,7,sachin.vats@cbre.com,8750885447,8750885447,,,LUDHIANA,PUNJAB,,Sachin Vats,NEERAJ KUMAR
CBRE-Airtel-AMC,8-Chaman Commercial Complex,8,sachin.vats@cbre.com,8750885447,8750885447,,,MANDI,HIMACHAL PRADESH,,Sachin Vats,NEERAJ KUMAR
CBRE-Airtel-AMC,11-SDA Complex,11,sachin.vats@cbre.com,8750885447,8750885447,,,SHIMLA,HIMACHAL PRADESH,,Sachin Vats,NEERAJ KUMAR
CBRE-Airtel-AMC,12-Batwara House,12,sachin.vats@cbre.com,8750885447,8750885447,,,SRINAGAR,JAMMU-KASHMIR,,Sachin Vats,NEERAJ KUMAR
CBRE-Airtel-AMC,13-Srinagar MSC,13,sachin.vats@cbre.com,8750885447,8750885447,,,SRINAGAR,JAMMU-KASHMIR,,Sachin Vats,NEERAJ KUMAR
CBRE-Airtel-AMC,14-Jammu MSC,14,sachin.vats@cbre.com,8750885447,8750885447,,,JAMMU,JAMMU-KASHMIR,,Sachin Vats,NEERAJ KUMAR
CBRE-Airtel-AMC,16-C-34 Mohali,16,sachin.vats@cbre.com,8750885447,8750885447,,,MOHALI,PUNJAB,,Sachin Vats,NEERAJ KUMAR
CBRE-AIRTEL,CBRE-AIRTEL-MOHALI-PUN,,MdAli.Afroz@cbre.com,9837433219,9837433219,"31000-PB012FM-Bharti Airtel Limited C-25, Industrial Area Phase-II Mohali, Punjab 160055 India","31000-PB012FM-Bharti Airtel Limited C-25, Industrial Area Phase-II Mohali, Punjab 160055 India",MOHALI,PUNJAB,,,NEERAJ KUMAR
CBRE-AIRTEL,CBRE-AIRTEL-J&K,,sonusharama15698@gmail.com,9837433219,9837433219,"""Bharti Airtel Ltd B-2, 3rd Floor, South Block, Bahu Plaza, Jammu Jammu and Kashmir 180012 India""","""Bharti Airtel Ltd B-2, 3rd Floor, South Block, Bahu Plaza, Jammu Jammu and Kashmir 180012 India""",GULMARG,JAMMU-KASHMIR,,,NEERAJ KUMAR
CBRE-APPLE,CBRE-APPLE -HYD,,Chelli.Midhilesh@cbre.com,9837433219,9837433219,"31000-TG143FM-Apple India Pvt Ltd Apple India Pvt Ltd P1 Level, Sy No. 115 (Part 1), Wave Rock Building, Hyderabad Telangana 500032 India","31000-TG143FM-Apple India Pvt Ltd Apple India Pvt Ltd P1 Level, Sy No. 115 (Part 1), Wave Rock Building, Hyderabad Telangana 500032 India",HYDERABAD,TELANGANA,,,DEEPAK KUMAR
JLL-AIRTEL-R&M,JLL-AIRTEL-R&M-Kirti Nagar DEL-DEL,19963,a_amitkumar1.yadav@airtel.com,8376978799,8376978799,,,DELHI,DELHI,,AMIT YADAV,DINESH KUMAR
JLL-AIRTEL-R&M,JLL-AIRTEL-R&M-NFC DEL-DEL,13408,a_AMIT.AMIT@airtel.com,9716119127,9716119127,,,DELHI,DELHI,,AMIT,DINESH KUMAR
JLL-AIRTEL-R&M,JLL-AIRTEL-R&M-Sarita Vihar DEL-DEL,13448,a_AMIT.AMIT@airtel.com,9716119127,9716119127,,,DELHI,DELHI,,AMIT,DINESH KUMAR
JLL-AIRTEL-R&M,JLL-AIRTEL-R&M-CR Park DEL-DEL,19686,a_AMIT.AMIT@airtel.com,9716119127,9716119127,,,DELHI,DELHI,,AMIT,DINESH KUMAR
JLL-AIRTEL-R&M,JLL-AIRTEL-R&M-Lajpat Nagar DEL-DEL,8001,a_AMIT.AMIT@airtel.com,9716119127,9716119127,,,DELHI,DELHI,,AMIT,DINESH KUMAR
JLL-AIRTEL-R&M,JLL-AIRTEL-R&M-Sarojini Nagar DEL-DEL,9016,a_AMIT.AMIT@airtel.com,9716119127,9716119127,,,DELHI,DELHI,,AMIT,DINESH KUMAR
JLL-AIRTEL-R&M,JLL-AIRTEL-R&M-Adchini DEL-DEL,11791,a_AMIT.AMIT@airtel.com,9716119127,9716119127,,,DELHI,DELHI,,AMIT,DINESH KUMAR
JLL-AIRTEL-R&M,JLL-AIRTEL-R&M-Alaknanda DEL-DEL,19144,a_AMIT.AMIT@airtel.com,9716119127,9716119127,,,DELHI,DELHI,,AMIT,DINESH KUMAR
JLL-AIRTEL-R&M,JLL-AIRTEL-R&M-Saket DEL-DEL,16106,a_AMIT.AMIT@airtel.com,9716119127,9716119127,,,DELHI,DELHI,,AMIT,DINESH KUMAR
JLL-AIRTEL-R&M,JLL-AIRTEL-R&M-Kalkaji DEL-DEL,4886,a_AMIT.AMIT@airtel.com,9716119127,9716119127,,,DELHI,DELHI,,AMIT,DINESH KUMAR
JLL-AIRTEL-R&M,JLL-AIRTEL-R&M-Green Park DEL-DEL,,a_AMIT.AMIT@airtel.com,9716119127,9716119127,,,DELHI,DELHI,,AMIT,DINESH KUMAR
JLL-AIRTEL-R&M,JLL-AIRTEL-R&M-Laxmi Nagar DEL-DEL,13012,a_AMIT.AMIT@airtel.com,9716119127,9716119127,,,DELHI,DELHI,,AMIT,DINESH KUMAR
JLL-AIRTEL-R&M,JLL-AIRTEL-R&M-Vikas Marg DEL-DEL,586,a_AMIT.AMIT@airtel.com,9716119127,9716119127,,,DELHI,DELHI,,AMIT,DINESH KUMAR
JLL-AIRTEL-R&M,JLL-AIRTEL-R&M-Sec 21C FDB-DEL,13015,a_AMIT.AMIT@airtel.com,9716119127,9716119127,,,GURUGRAM,GURGAON-HARYANA,,AMIT,DINESH KUMAR
JLL-AIRTEL-R&M,JLL-AIRTEL-R&M-Sector 29 FDB-DEL,11945,a_AMIT.AMIT@airtel.com,9716119127,9716119127,,,FARIDABAD,FARIDABAD-HARYANA,,AMIT,DINESH KUMAR
JLL-AIRTEL-R&M,JLL-AIRTEL-R&M-Sec 15 FDB-DEL,24887,a_AMIT.AMIT@airtel.com,9716119127,9716119127,,,FARIDABAD,FARIDABAD-HARYANA,,AMIT,DINESH KUMAR
JLL-AIRTEL-R&M,JLL-AIRTEL-R&M-NIT FDB-DEL,9735,a_AMIT.AMIT@airtel.com,9716119127,9716119127,,,FARIDABAD,FARIDABAD-HARYANA,,AMIT,DINESH KUMAR
HDFC BANK LIMITED,HDCF- BANK SAKI NAKA BRANCH,9369,hdfcsupport@techxpertgroup.in,8286646217,8286646217,"HDFC Bank Ltd., Shop No.4 & 35, Ground Floor , Sagar Pallazio Mall, Andheri Kurla Road, Sakinaka, Andheri East, Pin Code - 400 072, Mumbai, Maharashtra","HDFC Bank Ltd., Shop No.4 & 35, Ground Floor , Sagar Pallazio Mall, Andheri Kurla Road, Sakinaka, Andheri East, Pin Code - 400 072, Mumbai, Maharashtra",ANDHERI,MAHARASHTRA,400072,,Prachi Namdev Mengane
HDFC BANK LIMITED,HDCF- BANK APMC,829,hdfcsupport@techxpertgroup.in,8286646217,8286646217,"GF, Central Facility Building, APMC Market I,Phase II,Turbhe,Vashi, Navi Mumbai - 400705","GF, Central Facility Building, APMC Market I,Phase II,Turbhe,Vashi, Navi Mumbai - 400705",MUMBAI,MAHARASHTRA,400705,,Prachi Namdev Mengane
HDFC BANK LIMITED,HDCF- BANK KHANDA COLONY – PANVEL,2868,hdfcsupport@techxpertgroup.in,8286646217,8286646217,"HDFC Bank Ltd., Nirman Co.op. Hsg. Society Ltd., Shop no. 3, 4 & 5, Plot no.8, Sector 13, Khanda Colony, New Panvel, Navi Mumbai - 410206","HDFC Bank Ltd., Nirman Co.op. Hsg. Society Ltd., Shop no. 3, 4 & 5, Plot no.8, Sector 13, Khanda Colony, New Panvel, Navi Mumbai - 410206",MUMBAI,MAHARASHTRA,410206,,Prachi Namdev Mengane
HDFC BANK LIMITED,HDCF- BANK THANE MEADOWS,3872,hdfcsupport@techxpertgroup.in,8286646217,8286646217,"Ground Floor, Shop No.2 & 3, Mint, Chitalsar, Near Hiranandani Meadows, Manpada, Thane","Ground Floor, Shop No.2 & 3, Mint, Chitalsar, Near Hiranandani Meadows, Manpada, Thane",THANE,MAHARASHTRA,,,Prachi Namdev Mengane
HDFC BANK LIMITED,HDCF- BANK SANPADA,1029,hdfcsupport@techxpertgroup.in,8286646217,8286646217,"HDFC BANK LTD. Shop 1,2&3 Platinum Shree Chitamani CHS, Sector -14, Plot no.18, Sanpada Navi Mumbai 400 705","HDFC BANK LTD. Shop 1,2&3 Platinum Shree Chitamani CHS, Sector -14, Plot no.18, Sanpada Navi Mumbai 400 705",MUMBAI,MAHARASHTRA,400705,,Prachi Namdev Mengane
HDFC BANK LIMITED,HDCF- BANK VARTAK NAGAR,488,hdfcsupport@techxpertgroup.in,8286646217,8286646217,"Vihang Gardens, Shop No. 1, 2 & 3, Pokharan Road No. 1, Opp. To Raymond Factory, Vartak Nagar, Thane (West) 400 606","Vihang Gardens, Shop No. 1, 2 & 3, Pokharan Road No. 1, Opp. To Raymond Factory, Vartak Nagar, Thane (West) 400 606",THANE,MAHARASHTRA,400606,,Prachi Namdev Mengane
JLL- EXPEDIA,JLL- EXPEDIA - SEC 20 UDHYOG VIHAR GGN,,Pratik.Tripathi@Honeywell.com,8882603746,8882603746,"LF Cyber Park, Tower C,level 3,4 & 5 Block C, DLF Cyberpark, Phase 2, Udyog Vihar, Sector -20 Gurgaon 122008 Haryana India","LF Cyber Park, Tower C,level 3,4 & 5 Block C, DLF Cyberpark, Phase 2, Udyog Vihar, Sector -20 Gurgaon 122008 Haryana India",GURUGRAM,GURGAON-HARYANA,122008,,YASHVENDER SINGH
JLL-AIRTEL-R&M,JLL-AIRTEL-R&M HIGH COURT CHD -PB,,a_Ashish.Kumar3@airtel.com,8264753699,8264753699,,,CHANDIGARH,CHANDIGARH,,,NEERAJ KUMAR
HDFC BANK LIMITED,HDCF- BANK WAGLE ESTATE - THANE,2503,hdfcsupport@techxpertgroup.in,8286646217,8286646217,"Unit No 001 On Ground Floor, Lotus Park, Plot No. B/18 And B/19, Village Panchpakhadi, Midc, 16Throad At Waghle Industrial Estate, Thane - 400 604","Unit No 001 On Ground Floor, Lotus Park, Plot No. B/18 And B/19, Village Panchpakhadi, Midc, 16Throad At Waghle Industrial Estate, Thane - 400 604",THANE,MAHARASHTRA,400604,,Prachi Namdev Mengane
HDFC BANK LIMITED,HDCF- BANK DOMBIVALI - GYM KHANA,9471,hdfcsupport@techxpertgroup.in,8286646217,8286646217,"Hdfc Bank Ltd., Shop No G16, G17, G18, Sonal Business Park, Plot No Rp- 137, Near Gharda Circle, Midc, Dombivli (E), Maharashtra - 421203.","Hdfc Bank Ltd., Shop No G16, G17, G18, Sonal Business Park, Plot No Rp- 137, Near Gharda Circle, Midc, Dombivli (E), Maharashtra - 421203.",MUMBAI,MAHARASHTRA,421203,,Prachi Namdev Mengane
HDFC BANK LIMITED,"HDCF- BANK GORAI, BORIVALI WEST",6031,hdfcsupport@techxpertgroup.in,8286646217,8286646217,"HDFC BANK Ltd., Ground  & Basement Floor, Gorai Prakash CHS Ltd., Shop No. 1 to 4, Plot No. 11, RSC - 19, Mhada Layout, Mumbai, Maharashtra - 400 091.","HDFC BANK Ltd., Ground  & Basement Floor, Gorai Prakash CHS Ltd., Shop No. 1 to 4, Plot No. 11, RSC - 19, Mhada Layout, Mumbai, Maharashtra - 400 091.",MUMBAI,MAHARASHTRA,400091,,Prachi Namdev Mengane
HDFC BANK LIMITED,HDCF- BANK KALYAN EAST,5404,hdfcsupport@techxpertgroup.in,8286646217,8286646217,"""HDFC Bank Ltd., Shop No. 1,2 & 3 skylon Building, Opp. Solar Company, Chakki Naka, Kalyan East, Thane- 421306 HDFC Bank Ltd., Shop No. 1,2 & 3 skylon Building, Opp. Solar Company, Chakki Naka, Kalyan East, Thane- 421306 ""","""HDFC Bank Ltd., Shop No. 1,2 & 3 skylon Building, Opp. Solar Company, Chakki Naka, Kalyan East, Thane- 421306 HDFC Bank Ltd., Shop No. 1,2 & 3 skylon Building, Opp. Solar Company, Chakki Naka, Kalyan East, Thane- 421306 """,THANE,MAHARASHTRA,421306,,Prachi Namdev Mengane
CBRE-Airtel-AMC,CBRE-AIRTEL-KASUMPTI-SHIMLA,,a_jcife.hp@airtel.com,8091500560,8091500560,"Bharti Airtel Limited 31000-HP007FM-Bharti Airtel Limited Block -11A, SDA Comlex, Kasumpti Shimla Himachal Pradesh 177009 India","Bharti Airtel Limited 31000-HP007FM-Bharti Airtel Limited Block -11A, SDA Comlex, Kasumpti Shimla Himachal Pradesh 177009 India",SHIMLA,HIMACHAL PRADESH,177009,MdAli.Afroz,NEERAJ KUMAR
JLL-AIRTEL-R&M,JLL-AIRTEL - R&M GOVERNORPET - HYD,,a_akshay.sankepally@airtel.com,8179683257,8179683257,,,HYDERABAD,TELANGANA,,,DEEPAK KUMAR
JLL-AIRTEL-R&M,AIRTEL- JLL-R&M MOOSAPET - HYD,,a_akshay.sankepally@airtel.com,8179683257,8179683257,,,HYDERABAD,TELANGANA,,,DEEPAK KUMAR
JLL-AIRTEL-R&M,JLL-AIRTEL - R&M - MANSOORABAD- HYD,,a_akshay.sankepally@airtel.com,8179683257,8179683257,,,HYDERABAD,TELANGANA,,,DEEPAK KUMAR
JLL-AIRTEL-R&M,JLL-AIRTEL-R&M - MANIKONDA- HYD,,a_akshay.sankepally@airtel.com,8179683257,8179683257,,,HYDERABAD,TELANGANA,,,DEEPAK KUMAR
JLL-AIRTEL-R&M,JLL-AIRTEL R&M - SHAMSHABAD- HYD,,a_akshay.sankepally@airtel.com,8179683257,8179683257,,,HYDERABAD,TELANGANA,,,DEEPAK KUMAR
JLL-AIRTEL-R&M,JLL- Airtel Store-Katra-JK,,a_Ashish.Kumar3@airtel.com,8264753699,,,,JAMMU,JAMMU-KASHMIR,,,NEERAJ KUMAR
JLL-AIRTEL-R&M,JLL-Airtel Store-SHIV NAGAR UDHAMPUR-JK,,Vengad.Eswaran@efsme.com,9036591904,,,,UDHAMPUR,JAMMU-KASHMIR,,,NEERAJ KUMAR
JLL-AIRTEL-R&M,JLL-AIRTEL AMRITSAR-PB,,a_Ashish.Kumar3@airtel.com,8264753699,,,,AMRITSAR,PUNJAB,,,NEERAJ KUMAR
BHARTI AIRTEL,BHARTI AIRTEL-MOHALI-PB,,a_Ashish.Kumar3@airtel.com,8264753699,,,,MOHALI,PUNJAB,,,NEERAJ KUMAR
JLL-AIRTEL-R&M,JLL - Airtel Store-Samba - JK,,a_Ashish.Kumar3@airtel.com,8264753699,,,,SAMBA,JAMMU-KASHMIR,,,NEERAJ KUMAR
JLL-AIRTEL-R&M,JLL - Airtel Store-Tarn Taran PB,,a_Ashish.Kumar3@airtel.com,8264753699,,,,TARN TARAN,PUNJAB,,,NEERAJ KUMAR
HDFC BANK LIMITED,HDFC - Warje - PUNE - MH,,Admindesk-Pune@hdfcbank.com,9823354933,,,,PUNE,MAHARASHTRA,,,Prachi Namdev Mengane
HDFC BANK LIMITED,HDFC - Baner - PUNE - MH,,Admindesk-Pune@hdfcbank.com,9881041118,,,,PUNE,MAHARASHTRA,,,Prachi Namdev Mengane
JLL-AIRTEL-R&M,JLL - Airtel Store - Kathua J&K,,a_Ashish.Kumar3@airtel.com,8264753699,,,,JAMMU,JAMMU-KASHMIR,,,NEERAJ KUMAR
CBRE - Air India Limited,CBRE - AIR INDIA GGN,,facilitiesmgr.vatika@airindia.com,9176744455,,,,GURUGRAM,GURGAON-HARYANA,,,YASHVENDER SINGH
JLL - Cognizant Technology Sollution India Pvt Ltd,JLL - Cognizant - Hyderabad -TS,,Kumar.sauravsharma95@gmail.com,6200131593,,,,HYDERABAD,TELANGANA,,,DEEPAK KUMAR
CBRE-DXC Technology,DXC - Gurugram Cyber Green,,project2@techxpertgroup.in,9136665903,,,,GURUGRAM,GURGAON-HARYANA,,,YASHVENDER SINGH
JLL-AIRTEL-R&M,JLL - Airtel Store-RAJOURI - J&K,,chandigarhoprations@techxpertindia.in,7340776007,,,,JAMMU,JAMMU-KASHMIR,,,NEERAJ KUMAR
JLL-AIRTEL-R&M,JLL - Airtel Mini Store Baltana - PB,,chandigarhoprations@techxpertindia.in,7340776007,,,,ZIRAKPUR,PUNJAB,,,NEERAJ KUMAR
JLL-AIRTEL-R&M,JLL - Airtel Store-TIRUPATI AOR 2 - AP,,Hyderabadoperations@techxpertindia.in,6200131593,,,,TIRUPATHI,ANDHRA PRADESH,,,DEEPAK KUMAR
JLL-AIRTEL-R&M,JLL - Airtel mini Store-JP Nagar Jalandhar - PB,,chandigarhoprations@techxpertindia.in,7340776007,,,,JALANDHAR,PUNJAB,,,NEERAJ KUMAR
Quess - Yes Bank Ltd,545 - Ludhiana - BRS Nagar,,chandigarhoprations@techxpertindia.in,7340776007,,,,LUDHIANA,PUNJAB,,,NEERAJ KUMAR
Quess - Yes Bank Ltd,15 - Sector 9C,,chandigarhoprations@techxpertindia.in,7340776007,,,,LUDHIANA,PUNJAB,,,NEERAJ KUMAR
Quess - Yes Bank Ltd,277 - udhampur,,chandigarhoprations@techxpertindia.in,7340776007,,,,UDHAMPUR,JAMMU-KASHMIR,,,NEERAJ KUMAR
JLL-AIRTEL-R&M,JLL-Airtel-Mini Store-Sec 44 CHD - PB,,chandigarhoprations@techxpertindia.in,7340776007,,,,CHANDIGARH,CHANDIGARH,,,NEERAJ KUMAR
JLL-AIRTEL-R&M,JLL - Airtel Store-DHAR ROAD UDHAMPUR - J&K,,chandigarhoprations@techxpertindia.in,7340776007,,,,UDHAMPUR,JAMMU-KASHMIR,,,NEERAJ KUMAR
JLL-AIRTEL-R&M,JLL - Airtel Mini Store Patiala - PB,,chandigarhoprations@techxpertindia.in,7340776007,,,,PATIALA,PUNJAB,,,NEERAJ KUMAR
JLL-AIRTEL-R&M,JLL - SCO-36-37 - HR,,chandigarhoprations@techxpertindia.in,7340776007,,,,HISAR,HARYANA,,,NEERAJ KUMAR
JLL-AIRTEL-R&M,JLL - Airtel Mini Store-100 ft Road PB,,chandigarhoprations@techxpertindia.in,7340776007,,,,AMRITSAR,PUNJAB,,,NEERAJ KUMAR
JLL-AIRTEL-R&M,JLL - Airtel Store-NANAK NAGAR - JK,,chandigarhoprations@techxpertindia.in,7340776007,,,,JAMMU,JAMMU-KASHMIR,,,NEERAJ KUMAR
JLL-AIRTEL-R&M,JLL - Airtel Store-Dhakoli PB Mini - PB,,chandigarhoprations@techxpertindia.in,7340776007,,,,ZIRAKPUR,PUNJAB,,,NEERAJ KUMAR
JLL - IDFC First Bank Limited,IDFC - THAKUR VILLAGE KANDIVALI E BRANCH,40141,faizanahmed.shaikh@jll.com,9372368681,9967646007,"GROUND FLOOR , SHOP NO. 5 AND SHOP NO. 5A,GOKUL RESIDENCY, THAKUR VILLAGE,KANDIVALI EAST, MUMBAI - 400101","GROUND FLOOR , SHOP NO. 5 AND SHOP NO. 5A,GOKUL RESIDENCY, THAKUR VILLAGE,KANDIVALI EAST, MUMBAI - 400101",MUMBAI,MAHARASHTRA,,Khushboo Sharma,MANISH KUMAR SHARMA
JLL - IDFC First Bank Limited,IDFC - Sion Trombay Road,40502,faizanahmed.shaikh@jll.com,9372368681,9967646007,"Unit no.10A,Ground and part 1st floor, Parijat Building, Atur Park, next to Maitri Park, Sion Trombay Road, Chembur, Mumbai - 400071","Unit no.10A,Ground and part 1st floor, Parijat Building, Atur Park, next to Maitri Park, Sion Trombay Road, Chembur, Mumbai - 400071",MUMBAI,MAHARASHTRA,,,MANISH KUMAR SHARMA
JLL - IDFC First Bank Limited,IDFC - DRIVE IN ROAD BRANCH,40313,patel.mahipatlal@jll.com,9723719387,9967646007,"SHOP NO. 27,28,29,30, UPPER GROUND FLOOR, MARUTI CENTRE, DRIVE- IN ROAD, NR HIMALAYA ROAD, GURUKUL, AHMEDABAD 380052","SHOP NO. 27,28,29,30, UPPER GROUND FLOOR, MARUTI CENTRE, DRIVE- IN ROAD, NR HIMALAYA ROAD, GURUKUL, AHMEDABAD 380052",AHMEDABAD,GUJARAT,,Harsh Ganatra,RAJESH DAVE
JLL - IDFC First Bank Limited,IDFC - AHMEDABAD NIKOL BRANCH,40332,patel.mahipatlal@jll.com,9723719387,9967646007,"GROUND FLOOR, UNIT NO. 12,MERU MOUNT PLAZA, BHAKTI CIRCLE ROAD, NIKOL, AHMEDABAD -382350","GROUND FLOOR, UNIT NO. 12,MERU MOUNT PLAZA, BHAKTI CIRCLE ROAD, NIKOL, AHMEDABAD -382350",AHMEDABAD,GUJARAT,,Keval Parikh,RAJESH DAVE
JLL - IDFC First Bank Limited,IDFC - AHMEDABAD ASHRAMROAD BRANCH,40333,patel.mahipatlal@jll.com,9723719387,9967646007,"GROUND FLOOR, SHOP NO. 1,23, ASHIRWAD COMPLEX, NEAR AUDA OFFICE,USMANPURA CROSS ROAD, AHMEDABAD - 380013","GROUND FLOOR, SHOP NO. 1,23, ASHIRWAD COMPLEX, NEAR AUDA OFFICE,USMANPURA CROSS ROAD, AHMEDABAD - 380013",AHMEDABAD,GUJARAT,,,RAJESH DAVE
JLL - IDFC First Bank Limited,IDFC - AHMEDABAD SINDHUBHAVAN BRANCH,40334,patel.mahipatlal@jll.com,9723719387,9967646007,"GROUND FLOOR, SHOP NO 6, SILVER RADIANCE , SINDHU BHAVAN ROAD, AHMEDABAD- 380059","GROUND FLOOR, SHOP NO 6, SILVER RADIANCE , SINDHU BHAVAN ROAD, AHMEDABAD- 380059",AHMEDABAD,GUJARAT,,,RAJESH DAVE
JLL - IDFC First Bank Limited,IDFC - AHMEDABAD SHYAMAL BRANCH,40335,patel.mahipatlal@jll.com,9723719387,9967646007,"GROUND FLOOR, SHOP NO. 3, VRUSHAKRUTI, 100 TP ROAD, SHYAMAL CROSS ROAD , AHMEDABAD - 380015","GROUND FLOOR, SHOP NO. 3, VRUSHAKRUTI, 100 TP ROAD, SHYAMAL CROSS ROAD , AHMEDABAD - 380015",AHMEDABAD,GUJARAT,,Dipen Shah,RAJESH DAVE
JLL - IDFC First Bank Limited,IDFC - BHATAPARA BRANCH,60461,madhuprava.nanda@jll.com,7978651695,9967646007,"H NO. 136 NEAR NAGAR PALIKA OFFICE, TARENGA ROAD,SHAKTIWARD, P O BHATAPARA,DIST. BALODA BAZAR, BHATAPARA, CHHATTISGARH -493118","H NO. 136 NEAR NAGAR PALIKA OFFICE, TARENGA ROAD,SHAKTIWARD, P O BHATAPARA,DIST. BALODA BAZAR, BHATAPARA, CHHATTISGARH -493118",BALOD,CHHATTISGARH,,Anil Rathore,BALA JEE SHARMA
JLL - IDFC First Bank Limited,IDFC - BALODA BAZAR BRANCH,60462,madhuprava.nanda@jll.com,7978651695,9967646007,"GROUND FLOOR, P.H.NO.15, AMBEDKAR CHOWK, BALODA BAZAR, BHATAPARA, CHHATTISGARH- 493332","GROUND FLOOR, P.H.NO.15, AMBEDKAR CHOWK, BALODA BAZAR, BHATAPARA, CHHATTISGARH- 493332",BALOD,CHHATTISGARH,,Sanjib Bairagi,BALA JEE SHARMA
JLL - IDFC First Bank Limited,IDFC - BALOD BRANCH,60821,madhuprava.nanda@jll.com,7978651695,9967646007,"GROUND FLOOR, KHASRA NO. 760/12, 760/33, PH NO-06, WARD NO-17, BALOD-491226","GROUND FLOOR, KHASRA NO. 760/12, 760/33, PH NO-06, WARD NO-17, BALOD-491226",BALOD,CHHATTISGARH,,Gaurav Lata,BALA JEE SHARMA
JLL - IDFC First Bank Limited,"IDFC - Adhan Nagar, Chhatisgarh Kanker",61401,madhuprava.nanda@jll.com,7978651695,9967646007,"Upper ground floor, Kanker City Centre, shop no. 29/1, 30/1, 31/1, 50/1, 51/1, 52/1, 54, 55, Main Road Kaner, Adhan Nagar, Chhatisgarh-494334","Upper ground floor, Kanker City Centre, shop no. 29/1, 30/1, 31/1, 50/1, 51/1, 52/1, 54, 55, Main Road Kaner, Adhan Nagar, Chhatisgarh-494334",BASTAR,CHHATTISGARH,,,BALA JEE SHARMA
JLL - IDFC First Bank Limited,"IDFC - Raipur Road, Bemetara, Chattisgarh Bemetara",61411,madhuprava.nanda@jll.com,7978651695,9967646007,"Ground floor, Shop no.67, Khasra no. 1212/97,1304/8,1305/8,1212/78,1304/3,1305/3, Raipur Road, Bemetara, Chattisgarh - 491335","Ground floor, Shop no.67, Khasra no. 1212/97,1304/8,1305/8,1212/78,1304/3,1305/3, Raipur Road, Bemetara, Chattisgarh - 491335",BEMETARA,CHHATTISGARH,,,BALA JEE SHARMA
JLL - IDFC First Bank Limited,IDFC - RATANPUR BRANCH,60365,madhuprava.nanda@jll.com,7978651695,9967646007,"GROUND AND FIRST FLOOR, KHASRA NO. 3668/20, BLOCK NO.2, PLOT NO.57,MAHAMAYA CHOWK, TEHSIL KOTA,DISTT BILASPUR, RATANPUR-495442","GROUND AND FIRST FLOOR, KHASRA NO. 3668/20, BLOCK NO.2, PLOT NO.57,MAHAMAYA CHOWK, TEHSIL KOTA,DISTT BILASPUR, RATANPUR-495442",BILASPUR,CHHATTISGARH,,Sumit Singh Basson,BALA JEE SHARMA
JLL - IDFC First Bank Limited,IDFC - BILASPUR BRANCH,60367,madhuprava.nanda@jll.com,7978651695,9967646007,"GROUND FLOOR, SHOP NO. 12,RAMA PORT,VYPAR VIHAR, BESIDE GHANSHYAM CHAMBERS, KRANTI NAGAR, BILASPUR, CHHATTISGARH - 495001","GROUND FLOOR, SHOP NO. 12,RAMA PORT,VYPAR VIHAR, BESIDE GHANSHYAM CHAMBERS, KRANTI NAGAR, BILASPUR, CHHATTISGARH - 495001",BILASPUR,CHHATTISGARH,,Deepak S V,BALA JEE SHARMA
JLL - IDFC First Bank Limited,IDFC - SEEPAT ROAD BRANCH,60902,madhuprava.nanda@jll.com,7978651695,9967646007,"GROUND AND MEZZANNINE FLOOR, WARD NO. 42,DR. SHYAMA PRASAD MUKERJEE NAGAR, SARKANDA THANA, SEEPAT ROAD, DIST . BILASPUR, BILASPUR,CHHATISGARH - 495006","GROUND AND MEZZANNINE FLOOR, WARD NO. 42,DR. SHYAMA PRASAD MUKERJEE NAGAR, SARKANDA THANA, SEEPAT ROAD, DIST . BILASPUR, BILASPUR,CHHATISGARH - 495006",BILASPUR,CHHATTISGARH,,Sourabh Shrivastava,BALA JEE SHARMA
JLL - IDFC First Bank Limited,IDFC - NEW DELHI SAKET BRANCH,20142,abhishek.singh3@jll.com,9839939456,9967646007,"UPPER GROUND FLOOR, E-154, SAKET, NEW DELHI -110017","UPPER GROUND FLOOR, E-154, SAKET, NEW DELHI -110017",DELHI,DELHI,,Prateek chawla,RAVI MISHRA
JLL - IDFC First Bank Limited,IDFC - NEW DELHI PRASHANT VIHAR BRANCH,20143,abhishek.singh3@jll.com,9839939456,9967646007,"GROUND FLOOR, E-8, SHOP NO.1 2, PRASHANT VIHAR , NEW DELHI 110085","GROUND FLOOR, E-8, SHOP NO.1 2, PRASHANT VIHAR , NEW DELHI 110085",DELHI,DELHI,,Yashu Madaan,RAVI MISHRA
JLL - IDFC First Bank Limited,IDFC - NEW DELHI KALKAJI BRANCH,20215,abhishek.singh3@jll.com,9839939456,9967646007,"BASEMENT AND GROUND FLOOR, L-11,NEAR MAIN ROAD, CENTRAL ZONE, KALKAJI, NEW DELHI- 110019","BASEMENT AND GROUND FLOOR, L-11,NEAR MAIN ROAD, CENTRAL ZONE, KALKAJI, NEW DELHI- 110019",DELHI,DELHI,,Shuja Kafeel,RAVI MISHRA
JLL - IDFC First Bank Limited,IDFC - Hauz Khas Delhi,20222,abhishek.singh3@jll.com,9839939456,9967646007,"GROUND FLOOR, E-29, HAUZ KHAS MARKET , MAIN MARKET, NEW DELHI- 110016","GROUND FLOOR, E-29, HAUZ KHAS MARKET , MAIN MARKET, NEW DELHI- 110016",DELHI,DELHI,,,RAVI MISHRA
JLL - IDFC First Bank Limited,IDFC - Mbl - Dilshad Colony,22121,abhishek.singh3@jll.com,9839939456,9967646007,"F-12,1ST FLOOR, PLOT NO.12, BLOCK- F, DISHAD GARDEN EXTENSION -1, SHAHDARA, NEW DELHI- 110095","F-12,1ST FLOOR, PLOT NO.12, BLOCK- F, DISHAD GARDEN EXTENSION -1, SHAHDARA, NEW DELHI- 110095",DELHI,DELHI,,Ashish Srivastava,RAVI MISHRA
JLL - IDFC First Bank Limited,IDFC - Kashmeeri Gate Delhi,22132,abhishek.singh3@jll.com,9839939456,9967646007,"GROUND FLOOR, PLOT NO. 1420,14211424, WARD NO.II, KASHMIRI GATE ,NEW DELHI- 110006","GROUND FLOOR, PLOT NO. 1420,14211424, WARD NO.II, KASHMIRI GATE ,NEW DELHI- 110006",DELHI,DELHI,,HARISH KANYAL,RAVI MISHRA
JLL - IDFC First Bank Limited,IDFC - DHAMTARI BRANCH,60481,madhuprava.nanda@jll.com,7978651695,9967646007,"GROUND FLOOR, NEW SHRI BALAJI PLAZA,NEAR GHARI CHOWK, BASTAR ROAD,DIST DHAMTARI, CHHATTISGARH 493773","GROUND FLOOR, NEW SHRI BALAJI PLAZA,NEAR GHARI CHOWK, BASTAR ROAD,DIST DHAMTARI, CHHATTISGARH 493773",DHAMTARI,CHHATTISGARH,,Satish Deshmukh,BALA JEE SHARMA
JLL - IDFC First Bank Limited,IDFC - MBL - DHANDBAD,61142,subrata.sroy@jll.com,9163567770,9967646007,"SHREE RAM COMMERCE HOUSE NO. - 1, SHASTRI NAGAR, BANK MORE, DHANBAD, PINCODE - 826001","SHREE RAM COMMERCE HOUSE NO. - 1, SHASTRI NAGAR, BANK MORE, DHANBAD, PINCODE - 826001",DHANBAD,JHARKHAND,,,BALA JEE SHARMA
JLL - IDFC First Bank Limited,"IDFC - FARIDABAD SECTOR -21 C, BRANCH",21314,kushagra.malhotra@jll.com,9839939456,9967646007,"GROUND FLOOR, SCO-150,SECTOR 21-C, HUDA MARKET, FARIDABAD -121001","GROUND FLOOR, SCO-150,SECTOR 21-C, HUDA MARKET, FARIDABAD -121001",FARIDABAD,HARYANA,,Hemant Vashishta,RAVI MISHRA
JLL - IDFC First Bank Limited,IDFC - RAJIM BRANCH,60581,madhuprava.nanda@jll.com,7978651695,9967646007,"WARD NO.11,SONKAR COMPLEX, SUNDAR LAL SHARMA CHOWK, GARIYABAND ROAD, DIST. GARIYABAND, RAJIM 493885- RAIPUR. CHHATTISGARH","WARD NO.11,SONKAR COMPLEX, SUNDAR LAL SHARMA CHOWK, GARIYABAND ROAD, DIST. GARIYABAND, RAJIM 493885- RAIPUR. CHHATTISGARH",GARIABAND,CHHATTISGARH,,Siddhant Rath,BALA JEE SHARMA
JLL - IDFC First Bank Limited,IDFC - GURGAON SEC 82 BRANCH,21013,kushagra.malhotra@jll.com,9839939456,9967646007,"GROUND FLOOR, PROPERTY NO. A -002, TOWN SQUARE,SECTOR 82-A, GURUGRAM- 122004","GROUND FLOOR, PROPERTY NO. A -002, TOWN SQUARE,SECTOR 82-A, GURUGRAM- 122004",GURUGRAM,GURGAON-HARYANA,,Bobin Thomas,RAVI MISHRA
JLL - IDFC First Bank Limited,IDFC - GURGAON MANESAR BRANCH,21015,kushagra.malhotra@jll.com,9839939456,9967646007,"GROUND FLOOR, SHOP NO. 7 31,EROS CORPORATE PARK, SECTOR 2, K BLOCK, IMT MANESAR, GURUGRAM-122052","GROUND FLOOR, SHOP NO. 7 31,EROS CORPORATE PARK, SECTOR 2, K BLOCK, IMT MANESAR, GURUGRAM-122052",GURUGRAM,GURGAON-HARYANA,,Praneet Gunjan,RAVI MISHRA
JLL - IDFC First Bank Limited,IDFC - TIMURNI BRANCH,41111,admin.mp@idfcfirstbank.com,7898756142,9967646007,"GROUND FIRST FLOOR, HARDA ROAD, TIMURNI, TIMURNI, 461228","GROUND FIRST FLOOR, HARDA ROAD, TIMURNI, TIMURNI, 461228",HARDA,MADHYA PRADESH,,Yogendra Sahu,KAMAL PRAJAPATI
JLL - IDFC First Bank Limited,IDFC - UDA BRANCH,41201,admin.mp@idfcfirstbank.com,7898756142,9967646007,"GROUND FLOOR, HARDA ROAD, VILLAGE UDA, UDA, VILLAGE UDA, 461331","GROUND FLOOR, HARDA ROAD, VILLAGE UDA, UDA, VILLAGE UDA, 461331",HARDA,MADHYA PRADESH,,,KAMAL PRAJAPATI
JLL - IDFC First Bank Limited,IDFC - TAJPURA BRANCH,41202,admin.mp@idfcfirstbank.com,7898756142,9967646007,"GROUND FLOOR, MAIN ROAD, VILLAGE TAJPURA, TAJPURA, TEHSIL TIMARNI, 461288","GROUND FLOOR, MAIN ROAD, VILLAGE TAJPURA, TAJPURA, TEHSIL TIMARNI, 461288",HARDA,MADHYA PRADESH,,,KAMAL PRAJAPATI
JLL - IDFC First Bank Limited,IDFC - JAMMU BAHU PLAZA BRANCH,21503,abhishek.singh3@jll.com,9839939456,9967646007,"GROUND FLOOR, GUPTAS TOWER, CB-13,RAIL HEAD COMPLEX, BAHU PLAZA,JAMMU - 180012","GROUND FLOOR, GUPTAS TOWER, CB-13,RAIL HEAD COMPLEX, BAHU PLAZA,JAMMU - 180012",JAMMU,JAMMU-KASHMIR,,Sandeep Salaria,SUNIL THAKUR
JLL - IDFC First Bank Limited,IDFC - CHAMPA BRANCH,60521,madhuprava.nanda@jll.com,7978651695,9967646007,"GROUND FLOOR, KH.NO.1812/11,1812/10, PH.NO.2,WARD NO.9,MANJHLI TALAB,STATION ROAD,GRAM TEHSIL CHAMPA -495 671 DIST. JANJGIR, CHHATTISGARH","GROUND FLOOR, KH.NO.1812/11,1812/10, PH.NO.2,WARD NO.9,MANJHLI TALAB,STATION ROAD,GRAM TEHSIL CHAMPA -495 671 DIST. JANJGIR, CHHATTISGARH",JANJGIR-CHAMPA,CHHATTISGARH,,Praveen Jhalariya,BALA JEE SHARMA
JLL - IDFC First Bank Limited,IDFC - SHIVRINARAYAN BRANCH,60522,madhuprava.nanda@jll.com,7978651695,9967646007,"GROUND FLOOR , HOTEL AMAN PALACE ,P. H. NO. 23, KHASRA NO. 627/5 , VILLAGE BHOGAHAPARA, SHEORINARAYAN , TEH. NAVAGARH, DISTT. JANJGIR CHAMPA , CHATTISGARH - 495557","GROUND FLOOR , HOTEL AMAN PALACE ,P. H. NO. 23, KHASRA NO. 627/5 , VILLAGE BHOGAHAPARA, SHEORINARAYAN , TEH. NAVAGARH, DISTT. JANJGIR CHAMPA , CHATTISGARH - 495557",JANJGIR-CHAMPA,CHHATTISGARH,,Hemant Gupta,BALA JEE SHARMA
JLL - IDFC First Bank Limited,IDFC - PATHALGAON BRANCH,60761,madhuprava.nanda@jll.com,7978651695,9967646007,"GROUND FLOOR,HYUNDAI SHOWROOM,RAIGARH ROAD, PATHALGAON - 496118","GROUND FLOOR,HYUNDAI SHOWROOM,RAIGARH ROAD, PATHALGAON - 496118",JASHPUR,CHHATTISGARH,,Mithilesh Pandey,BALA JEE SHARMA
JLL - IDFC First Bank Limited,IDFC - JASHPUR BRANCH,60762,madhuprava.nanda@jll.com,7978651695,9967646007,"GROUND FLOOR, HOTEL NIRVANA, RAIGARH ROAD , JASHPUR, CHHATTISGARH- 496331","GROUND FLOOR, HOTEL NIRVANA, RAIGARH ROAD , JASHPUR, CHHATTISGARH- 496331",JASHPUR,CHHATTISGARH,,,BALA JEE SHARMA
JLL - IDFC First Bank Limited,IDFC - Jehanabad,60991,subrata.sroy@jll.com,9163567770,9967646007,"Upper Ground Floor, Main Road near Malachawk more, Jehanabad, Bihar- 804408","Upper Ground Floor, Main Road near Malachawk more, Jehanabad, Bihar- 804408",JEHANABAD,BIHAR,,Udbhav Shankar,BALA JEE SHARMA
JLL - IDFC First Bank Limited,IDFC - KOLKATA BELEGHATA BRANCH,60111,subrata.sroy@jll.com,9163567770,9967646007,"GROUND FLOOR, BUILDING NO. 4-A, HEMCHANDRA NASKAR ROAD, BELEGHATA , KOLKATA, WEST BENGAL 700010","GROUND FLOOR, BUILDING NO. 4-A, HEMCHANDRA NASKAR ROAD, BELEGHATA , KOLKATA, WEST BENGAL 700010",KOLKATA,WEST BENGAL,,,Barsha Kumari Singh
JLL - IDFC First Bank Limited,IDFC - KATGHORA BRANCH,60603,madhuprava.nanda@jll.com,7978651695,9967646007,"GROUND FLOOR FIRST FLOOR, P.H.NO.8, AMBEDKAR WARD NO.3,KHASRA NO. 2122/2,TAL. KATGHORA, DIST. KORBAC.G- CHHATTISGARH- 495445","GROUND FLOOR FIRST FLOOR, P.H.NO.8, AMBEDKAR WARD NO.3,KHASRA NO. 2122/2,TAL. KATGHORA, DIST. KORBAC.G- CHHATTISGARH- 495445",KORBA,CHHATTISGARH,,D Pradeep Sharma,BALA JEE SHARMA
JLL - IDFC First Bank Limited,"IDFC - Kosabadi, Korba, Chattisgarh Niharika",60605,madhuprava.nanda@jll.com,7978651695,9967646007,"Ground floor, plot no. 769, Niharika Road, Subhash Chowk, Main Road, Kosabadi, KOrba, Chattisgarh- 495677","Ground floor, plot no. 769, Niharika Road, Subhash Chowk, Main Road, Kosabadi, KOrba, Chattisgarh- 495677",KORBA,CHHATTISGARH,,,BALA JEE SHARMA
JLL - IDFC First Bank Limited,IDFC - MANENDRAGARH BRANCH,60841,madhuprava.nanda@jll.com,7978651695,9967646007,"GROUND FLOOR, KHASRA NO-142/2,WARD NO-13, SAI BABA TIRAHA,MANENDRAGARH, DISTT KORIYA-497442","GROUND FLOOR, KHASRA NO-142/2,WARD NO-13, SAI BABA TIRAHA,MANENDRAGARH, DISTT KORIYA-497442",KORIYA,CHHATTISGARH,,,BALA JEE SHARMA
JLL - IDFC First Bank Limited,IDFC - LUCKNOW -MUNSHIPULLIA BRANCH,21255,kushagra.malhotra@jll.com,7678452660,9967646007,"GROUND FLOOR, D-2008, RING ROAD, INDIRA NAGAR, MUNSHIPULIA, LUCKNOW- 226016","GROUND FLOOR, D-2008, RING ROAD, INDIRA NAGAR, MUNSHIPULIA, LUCKNOW- 226016",LUCKNOW,UTTAR PRADESH,,,GOVIND KUMAR SINGH
JLL - IDFC First Bank Limited,IDFC - MAHASAMUND BRANCH,42881,madhuprava.nanda@jll.com,7978651695,9967646007,"GROUND FLOOR, NEXT TO TVS SHOWROOM,NEAR SEEMA LOCAL TRANSPORT, RAIPUR ROAD,MAHASAMUND, CHHATTISGARH 493445","GROUND FLOOR, NEXT TO TVS SHOWROOM,NEAR SEEMA LOCAL TRANSPORT, RAIPUR ROAD,MAHASAMUND, CHHATTISGARH 493445",MAHASAMUND,CHHATTISGARH,,Abhishek Kumar,BALA JEE SHARMA
JLL - IDFC First Bank Limited,IDFC - BASNA BRANCH,42882,madhuprava.nanda@jll.com,7978651695,9967646007,"AMBE PLAZA,KH.NO.111/1/94/2,OPP.GAYATRI MANDIR, P.P.ROAD, BASNA, DISTRICT MAHASAMUND, CHHATTISGARH 493554","AMBE PLAZA,KH.NO.111/1/94/2,OPP.GAYATRI MANDIR, P.P.ROAD, BASNA, DISTRICT MAHASAMUND, CHHATTISGARH 493554",MAHASAMUND,CHHATTISGARH,,Harihar Pradhan,BALA JEE SHARMA
JLL - IDFC First Bank Limited,IDFC - Muzaffarpur,61302,subrata.sroy@jll.com,9163567770,9967646007,"Ground and first floor, ward .18, Saraiyaganj Ghirni Pokhar, Jawaharlal Road, Muzaffarpur, Bihar- 842001","Ground and first floor, ward .18, Saraiyaganj Ghirni Pokhar, Jawaharlal Road, Muzaffarpur, Bihar- 842001",MUZAFFARPUR,BIHAR,,Shani Kumar,BALA JEE SHARMA
JLL - IDFC First Bank Limited,IDFC - SOHSARIA BRANCH,61471,subrata.sroy@jll.com,9163567770,9967646007,"GROUND AND FIRST FLOOR, PLOT NO 840, KHATA 525/303, GALLA PATTI ROAD, KARUNABAGH, BIHARSHARIF, NALANDA, SOHSARAI, BIHAR- 803118","GROUND AND FIRST FLOOR, PLOT NO 840, KHATA 525/303, GALLA PATTI ROAD, KARUNABAGH, BIHARSHARIF, NALANDA, SOHSARAI, BIHAR- 803118",NALANDA,BIHAR,,Manjeet Kumar Singh,BALA JEE SHARMA
JLL - IDFC First Bank Limited,IDFC - Newada,61421,subrata.sroy@jll.com,9163567770,9967646007,"Upper Ground floor, Khata no. 378/379, Nawada, Bihar, -805110","Upper Ground floor, Khata no. 378/379, Nawada, Bihar, -805110",NAWADA,BIHAR,,RITI TIRU,BALA JEE SHARMA
JLL - IDFC First Bank Limited,IDFC - PANCHKULA SECTOR 20 BRANCH,21352,kushagra.malhotra@jll.com,9839939456,9967646007,"GROUND FLOOR, SCO 395,SECTOR 20, URBAN ESTATE , PANCHKULA 134116","GROUND FLOOR, SCO 395,SECTOR 20, URBAN ESTATE , PANCHKULA 134116",PANCHKULA,HARYANA,,Naveen Jain,SUNIL THAKUR
JLL - IDFC First Bank Limited,IDFC - PATNA - KANKARBAGH BRANCH,60282,subrata.sroy@jll.com,9163567770,9967646007,"GROUND FLOOR, C-34, DOCTORS COLONY ROAD, PATARKAR NAGAR, KANKARBAGH, PATNA 800020","GROUND FLOOR, C-34, DOCTORS COLONY ROAD, PATARKAR NAGAR, KANKARBAGH, PATNA 800020",PATNA,BIHAR,,Amrit Kumar,BALA JEE SHARMA
JLL - IDFC First Bank Limited,IDFC - PATNA-EXHIBITION ROAD BRANCH,60283,subrata.sroy@jll.com,9163567770,9967646007,"GROUND FLOOR, SAHI BUILDING , MOHALLA EXHIBITION ROAD, GANDHI MAIDAN, PATNA - 800001","GROUND FLOOR, SAHI BUILDING , MOHALLA EXHIBITION ROAD, GANDHI MAIDAN, PATNA - 800001",PATNA,BIHAR,,,BALA JEE SHARMA
JLL - IDFC First Bank Limited,IDFC - PATNA-ASHIANA DIGHA ROAD BRANCH,60284,subrata.sroy@jll.com,9163567770,9967646007,"GROUND FLOOR, RAKHI COMPLEX, ASHIANA DIGHA ROAD, PATNA , BIHAR- 800014","GROUND FLOOR, RAKHI COMPLEX, ASHIANA DIGHA ROAD, PATNA , BIHAR- 800014",PATNA,BIHAR,,,BALA JEE SHARMA
JLL - IDFC First Bank Limited,IDFC - MBL - PATNA,60286,subrata.sroy@jll.com,9163567770,9967646007,"1ST FOOR, FLAT NO. 102, ZOBAIDA COMPLEX, EXHIBITION ROAD, GANDHI MAIDAN, CIRCLR NO.9, PATNA , BIHAR- 800001","1ST FOOR, FLAT NO. 102, ZOBAIDA COMPLEX, EXHIBITION ROAD, GANDHI MAIDAN, CIRCLR NO.9, PATNA , BIHAR- 800001",PATNA,BIHAR,,Aadarsh Anand,BALA JEE SHARMA
JLL - IDFC First Bank Limited,IDFC - Bihta,60288,subrata.sroy@jll.com,9163567770,9967646007,"Ground and 1st floor,khata no.66,Khasra.544,Bihta Bazar,Bihta, Dist- Patna,Bihar-801103","Ground and 1st floor,khata no.66,Khasra.544,Bihta Bazar,Bihta, Dist- Patna,Bihar-801103",PATNA,BIHAR,,,BALA JEE SHARMA
JLL - IDFC First Bank Limited,IDFC - Barh,60289,subrata.sroy@jll.com,9163567770,9967646007,"Ground floor, Bajidpur Chondi,plot no. 535, ward no.3, Station Road, Barh, Bihar- 803213","Ground floor, Bajidpur Chondi,plot no. 535, ward no.3, Station Road, Barh, Bihar- 803213",PATNA,BIHAR,,,BALA JEE SHARMA
JLL - IDFC First Bank Limited,IDFC - PUNE NIGDI BRANCH,41371,nitin.sathe@jll.com,9766437186,9967646007,"SHOP NO.1, BIG INDIA, BIG INDIA CHOWK, PRADHIKARAN 16/27, NIGDI, PUNE - 411044","SHOP NO.1, BIG INDIA, BIG INDIA CHOWK, PRADHIKARAN 16/27, NIGDI, PUNE - 411044",PUNE,MAHARASHTRA,,,VINOD GANPAT SURYAWANSHI
JLL - IDFC First Bank Limited,IDFC - RAIGARH BRANCH,60501,madhuprava.nanda@jll.com,7978651695,9967646007,"GROUND FLOOR, HOTEL JOHAL PALACE WARD NO.17, KEWDABADI BUS STAND CHOWK, RAIGARH 496001, CHHATTISGARH","GROUND FLOOR, HOTEL JOHAL PALACE WARD NO.17, KEWDABADI BUS STAND CHOWK, RAIGARH 496001, CHHATTISGARH",RAIGARH,CHHATTISGARH,,Amit Gupta,BALA JEE SHARMA
JLL - IDFC First Bank Limited,IDFC - KHARSIA BRANCH,60502,madhuprava.nanda@jll.com,7978651695,9967646007,"GROUND FLOOR, SHOP NO. PLOT NO 417/24,HOUSE NO. 10/134, WARD NO 16, AGRASEN CHOWK, KANYA VIVAH BHAWAN ROAD, KHARSIA 496661, DIST - RAIGARH ,CHHATTISGARH","GROUND FLOOR, SHOP NO. PLOT NO 417/24,HOUSE NO. 10/134, WARD NO 16, AGRASEN CHOWK, KANYA VIVAH BHAWAN ROAD, KHARSIA 496661, DIST - RAIGARH ,CHHATTISGARH",RAIGARH,CHHATTISGARH,,Lvglapo Viswanath,BALA JEE SHARMA
JLL - IDFC First Bank Limited,IDFC - SARANGARH BRANCH,60504,madhuprava.nanda@jll.com,7978651695,9967646007,"GROUND AND FIRST FLOOR , KHATA NO. 263,264,265,266,267/2, P.H.NO. 28, RAIGARH ROAD , TEHSIL SARANGARH, CHHATTISGARH - 496445","GROUND AND FIRST FLOOR , KHATA NO. 263,264,265,266,267/2, P.H.NO. 28, RAIGARH ROAD , TEHSIL SARANGARH, CHHATTISGARH - 496445",RAIGARH,CHHATTISGARH,,Ashish Agrawal,BALA JEE SHARMA
JLL - IDFC First Bank Limited,IDFC - RAIPUR BRANCH,60301,madhuprava.nanda@jll.com,7978651695,9967646007,"GROUND FLOOR, BINDAL TOWER, P.H. NO. 110, RIC, SHANKAR NAGAR, RAIPUR, CHHATISGARH 492007","GROUND FLOOR, BINDAL TOWER, P.H. NO. 110, RIC, SHANKAR NAGAR, RAIPUR, CHHATISGARH 492007",RAIPUR,CHHATTISGARH,,,BALA JEE SHARMA
JLL - IDFC First Bank Limited,IDFC - RAIPUR-DB CITY,60302,madhuprava.nanda@jll.com,7978651695,9967646007,"OFFICE NO. 1, 6TH FLOOR, DB CITY CORPORATE PARK, PLOT NO. 1, BLOCK NO. 9, RAJBANDHA MAIDAN, RAIPUR, CG 492001","OFFICE NO. 1, 6TH FLOOR, DB CITY CORPORATE PARK, PLOT NO. 1, BLOCK NO. 9, RAJBANDHA MAIDAN, RAIPUR, CG 492001",RAIPUR,CHHATTISGARH,,Rajkumar joshi,BALA JEE SHARMA
JLL - IDFC First Bank Limited,IDFC - RAIPUR-G. E ROAD BRANCH,60304,madhuprava.nanda@jll.com,7978651695,9967646007,"UPPER GROUND 1STFLOOR, SUNITA TOWER, G.E ROAD, OPPOSITE RAJKUMAR COLLEGE, RAIPUR - 492001","UPPER GROUND 1STFLOOR, SUNITA TOWER, G.E ROAD, OPPOSITE RAJKUMAR COLLEGE, RAIPUR - 492001",RAIPUR,CHHATTISGARH,,Jitendra Mohanty,BALA JEE SHARMA
JLL - IDFC First Bank Limited,IDFC - RAIPUR-TAGORE NAGAR BRANCH,60305,madhuprava.nanda@jll.com,7978651695,9967646007,"BLOCK B-2 LEFT WING, PUJARI CHAMBERS, PANCHPEDI NAKA, RAIPUR C.G., 492001","BLOCK B-2 LEFT WING, PUJARI CHAMBERS, PANCHPEDI NAKA, RAIPUR C.G., 492001",RAIPUR,CHHATTISGARH,,Amal Sharma,BALA JEE SHARMA
JLL - IDFC First Bank Limited,IDFC - Bhanpuri,60307,madhuprava.nanda@jll.com,7978651695,9967646007,"Ground floor, ward no.27, Vyas talab, Jai Budhadev ward, R.I.C -Raipur-21-Rawabhata, Raipur, Chattisgarh- 493221","Ground floor, ward no.27, Vyas talab, Jai Budhadev ward, R.I.C -Raipur-21-Rawabhata, Raipur, Chattisgarh- 493221",RAIPUR,CHHATTISGARH,,Ankita Gautam,BALA JEE SHARMA
JLL - IDFC First Bank Limited,IDFC - RAIPUR REGIONAL OFFICE,69401,madhuprava.nanda@jll.com,7978651695,9967646007,"5TH FLOOR, MOTI MAHAL, PALLADIUM TOWER, TELLBANDHA, RAIPUR- 492006","5TH FLOOR, MOTI MAHAL, PALLADIUM TOWER, TELLBANDHA, RAIPUR- 492006",RAIPUR,CHHATTISGARH,,,BALA JEE SHARMA
JLL - IDFC First Bank Limited,IDFC - MBL - RAJKOT - GONDAL ROAD,42424,patel.mahipatlal@jll.com,9723719387,9967646007,"301, THIRD FLOOR, PINNACLE COMPLEX, BHAKTI NAGAR STATION ROAD OPPOSITE PATEL SUZUKI, OFF, GONDAL RD, RAJKOT, GUJARAT 360005","301, THIRD FLOOR, PINNACLE COMPLEX, BHAKTI NAGAR STATION ROAD OPPOSITE PATEL SUZUKI, OFF, GONDAL RD, RAJKOT, GUJARAT 360005",RAJKOT,GUJARAT,,Harsh Chudasama,RAJESH DAVE
JLL - IDFC First Bank Limited,IDFC - RAJKOT BHAKTI NAGAR BRANCH,42425,patel.mahipatlal@jll.com,9723719387,9967646007,"GROUND FLOOR, SHOP NO. 1,2,34, ORBIT TRUMP,OPP. KANTA STRI VIKAS GRUH,DHEBAR ROAD, RAJKOT, GUJARAT- 360002","GROUND FLOOR, SHOP NO. 1,2,34, ORBIT TRUMP,OPP. KANTA STRI VIKAS GRUH,DHEBAR ROAD, RAJKOT, GUJARAT- 360002",RAJKOT,GUJARAT,,,RAJESH DAVE
JLL - IDFC First Bank Limited,IDFC - RAJNANDGAON BRANCH,60541,madhuprava.nanda@jll.com,7978651695,9967646007,"GROUND FLOOR, PREMCHAND TOWER, PLOT NO.116,KH.SHEET NO.50-C,WARD NO.48,NANDAI CHOWK, TEH. RAJNANDGAON DIST RAJNANDGAON 491441, CHHHATTISGARH","GROUND FLOOR, PREMCHAND TOWER, PLOT NO.116,KH.SHEET NO.50-C,WARD NO.48,NANDAI CHOWK, TEH. RAJNANDGAON DIST RAJNANDGAON 491441, CHHHATTISGARH",RAJNANDGAON,CHHATTISGARH,,,BALA JEE SHARMA
JLL - IDFC First Bank Limited,IDFC - RANCHI BRANCH,60341,subrata.sroy@jll.com,9163567770,9967646007,"2ND FLOOR, ORIFLAME MALL CITADEL BUILDING, MAIN ROAD AREA, RANCHI, JHARKHAND 834001","2ND FLOOR, ORIFLAME MALL CITADEL BUILDING, MAIN ROAD AREA, RANCHI, JHARKHAND 834001",RANCHI,JHARKHAND,,Ankit Ranjan,BALA JEE SHARMA
JLL - IDFC First Bank Limited,IDFC - RANCHI-PACIFIC HEIGHTS,60342,subrata.sroy@jll.com,9163567770,9967646007,"2ND FLOOR, PACIFIC HEIGHTS, CIRCULAR ROAD/KUTCHERY ROAD, NEAR RAJBHAWAN, RANCHI 834001, JHARKHAND","2ND FLOOR, PACIFIC HEIGHTS, CIRCULAR ROAD/KUTCHERY ROAD, NEAR RAJBHAWAN, RANCHI 834001, JHARKHAND",RANCHI,JHARKHAND,,Abhishek Singh,BALA JEE SHARMA
JLL - IDFC First Bank Limited,IDFC - RANCHI- LALPUR BRANCH,60344,subrata.sroy@jll.com,9163567770,9967646007,"PLOT NO.1235,HOLDING NO.1111/B, WARD NO.VII A, CIRCULAR ROAD,JATIN CHANDRA MITRA LANE, OPP. EASTERN PANTALOON MALL,LALPUR, RANCHI 834001 ,JHARKHAND","PLOT NO.1235,HOLDING NO.1111/B, WARD NO.VII A, CIRCULAR ROAD,JATIN CHANDRA MITRA LANE, OPP. EASTERN PANTALOON MALL,LALPUR, RANCHI 834001 ,JHARKHAND",RANCHI,JHARKHAND,,Rinku Khawas,BALA JEE SHARMA
JLL - IDFC First Bank Limited,IDFC - MANDI DABWALI BRANCH,21061,kushagra.malhotra@jll.com,9839939456,9967646007,"GROUND FLOOR, KHEWAT NO. 371 MIN, KHATONI NO. 1640 MIN, KHASARA NO. 2040/1,PROPERTY ID NO. WD/17/08 , CHAUTALA ROAD, MANDI DABWALI ,TEHSIL DABWALI , DISTRICT SIRSA, HARYANA- 125104","GROUND FLOOR, KHEWAT NO. 371 MIN, KHATONI NO. 1640 MIN, KHASARA NO. 2040/1,PROPERTY ID NO. WD/17/08 , CHAUTALA ROAD, MANDI DABWALI ,TEHSIL DABWALI , DISTRICT SIRSA, HARYANA- 125104",SIRSA,HARYANA,,Renu Bala,YASHVENDER SINGH
JLL - IDFC First Bank Limited,IDFC - SIRSA,21064,kushagra.malhotra@jll.com,9839939456,9967646007,"Ground and First floor, SRS/B16/1112/ ,Dabwali Road, Near Loko Shed, Sirsa, Haryana- 125055","Ground and First floor, SRS/B16/1112/ ,Dabwali Road, Near Loko Shed, Sirsa, Haryana- 125055",SIRSA,HARYANA,,Rajat Aneja,YASHVENDER SINGH
JLL - IDFC First Bank Limited,IDFC - SURAJPUR BRANCH,61081,madhuprava.nanda@jll.com,7978651695,9967646007,"GROUND FLOOR , MAHAVIR PLAZA , KHASRA NO 1984/3 , 1984/5 1985/1 , MOHALLA BARAZPARA , BLOCK. NO. 06, SURAJPUR, DISTRICT SURAJPUR, CHHATTISGARH 497229","GROUND FLOOR , MAHAVIR PLAZA , KHASRA NO 1984/3 , 1984/5 1985/1 , MOHALLA BARAZPARA , BLOCK. NO. 06, SURAJPUR, DISTRICT SURAJPUR, CHHATTISGARH 497229",SURAJPUR,CHHATTISGARH,,Ashu Das,BALA JEE SHARMA
JLL - IDFC First Bank Limited,IDFC - SURAT ADAJAN BRANCH,42269,patel.mahipatlal@jll.com,9723719387,9967646007,"SHOP NO.1, GROUND FLOOR, PYRAMID SQUARE, OPPOSITE L P SAVANI SCHOOL, ADAJAN , SURAT 395009","SHOP NO.1, GROUND FLOOR, PYRAMID SQUARE, OPPOSITE L P SAVANI SCHOOL, ADAJAN , SURAT 395009",SURAT,GUJARAT,,Binita Parekh,RAJESH DAVE
JLL - IDFC First Bank Limited,IDFC - VARACHHA BRANCH,42272,patel.mahipatlal@jll.com,9723719387,9967646007,"GROUND FLOOR - SHOP NO. 1 TO 7, FIRST FLOOR- SHOP NO. 106 107,PLOT NO. 251, APEX COMMERCIAL COMPLEX, BUILDING NO. A, VARACHHA MAIN ROAD, VARACHHA, SURAT- 395006","GROUND FLOOR - SHOP NO. 1 TO 7, FIRST FLOOR- SHOP NO. 106 107,PLOT NO. 251, APEX COMMERCIAL COMPLEX, BUILDING NO. A, VARACHHA MAIN ROAD, VARACHHA, SURAT- 395006",SURAT,GUJARAT,,Dhaval Mandviwala,RAJESH DAVE
JLL - IDFC First Bank Limited,IDFC - AMBIKAPUR BRANCH,61061,madhuprava.nanda@jll.com,7978651695,9967646007,"GROUND FLOOR , KHASRA NO. 4564/5, MOHALLA KHARSIA ROAD, IN FRONT OF RELIANCE PETROL PUMP, PH NO.15, RNM AMBIKAPUR-4, TEHSIL AMBIKAPUR DISTRICT SURGUJA, CHHATTISGARH-497001","GROUND FLOOR , KHASRA NO. 4564/5, MOHALLA KHARSIA ROAD, IN FRONT OF RELIANCE PETROL PUMP, PH NO.15, RNM AMBIKAPUR-4, TEHSIL AMBIKAPUR DISTRICT SURGUJA, CHHATTISGARH-497001",SURGUJA,CHHATTISGARH,,Ankur Kumar,BALA JEE SHARMA
JLL - IDFC First Bank Limited,IDFC - QUANTUM THANE HIRANANDANI ESTATE,10115,faizanahmed.shaikh@jll.com,9372368681,9967646007,"FLOOR NOS. 5TH TO 13TH ,15TH TO 17TH, 20TH TO 25TH, QUANTUM, CENTRAL AVENUE, HIRANANDANI ESTATE, KOLSHET ,THANE WEST-400607","FLOOR NOS. 5TH TO 13TH ,15TH TO 17TH, 20TH TO 25TH, QUANTUM, CENTRAL AVENUE, HIRANANDANI ESTATE, KOLSHET ,THANE WEST-400607",THANE,MAHARASHTRA,,,MANISH KUMAR SHARMA
JLL - IDFC First Bank Limited,IDFC - UDAIPUR HIRAN MAGRI BRANCH,42564,admin.raj@idfcfirstbank.com,9967646007,7303303492,"GROUND FIRST FLOOR, SUBASH VILLA, BUILDING NO.643, SECTOR-13,HIRAN MAGRI, UDAIPUR- 313001","GROUND FIRST FLOOR, SUBASH VILLA, BUILDING NO.643, SECTOR-13,HIRAN MAGRI, UDAIPUR- 313001",UDAIPUR,RAJASTHAN,,,Mahindra Kumar Tiwari
JLL - IDFC First Bank Limited,IDFC - VADODARA VASNA BHAYLIBRANCH,42386,patel.mahipatlal@jll.com,9723719387,9967646007,"GROUND FLOOR, SHOP NO. ,9,1011,EARTH ARTICA,OPP. VASNA- BHAYLI ROAD, NILAMBER PALMS,VADODARA- GUJARAT- 391410","GROUND FLOOR, SHOP NO. ,9,1011,EARTH ARTICA,OPP. VASNA- BHAYLI ROAD, NILAMBER PALMS,VADODARA- GUJARAT- 391410",VADODARA,GUJARAT,,,RAJESH DAVE
JLL - IDFC First Bank Limited,IDFC - SAHYOG ATRIUM VADODARA,42394,patel.mahipatlal@jll.com,9723719387,9967646007,"1ST FLOOR, A101- 102, PLOT NO. 23-24, SAHYOG ATRIUM , HARIBHAKTI EXTENSION COLONY,O.P.ROAD, VADODARA, GUJARAT - 390007","1ST FLOOR, A101- 102, PLOT NO. 23-24, SAHYOG ATRIUM , HARIBHAKTI EXTENSION COLONY,O.P.ROAD, VADODARA, GUJARAT - 390007",VADODARA,GUJARAT,,Manoj Shinde,RAJESH DAVE
JLL - IDFC First Bank Limited,IDFC - PATNA CITY BRANCH,60291,subrata.sroy@jll.com,9163567770,9967646007,,,PATNA,BIHAR,,,BALA JEE SHARMA
JLL - IDFC First Bank Limited,IDFC - Kanke,60345,subrata.sroy@jll.com,9163567770,9967646007,,,RANCHI,JHARKHAND,,,BALA JEE SHARMA
JLL - IDFC First Bank Limited,IDFC - DHANBAD,61141,subrata.sroy@jll.com,9163567770,9967646007,,,DHANBAD,JHARKHAND,,Manish Acharya,BALA JEE SHARMA
JLL - IDFC First Bank Limited,IDFC - DIBRUGARH THANA CHARIALI/ HH ROAD,61183,subrata.sroy@jll.com,9163567770,9967646007,,,DIBRUGARH,ASSAM,,Upasana Dutta,Barsha Kumari Singh
JLL - IDFC First Bank Limited,IDFC - GAYA GANDHI MAIDAN,61312,subrata.sroy@jll.com,9163567770,9967646007,,,GAYA,BIHAR,,Chitra Gupt,BALA JEE SHARMA
JLL - IDFC First Bank Limited,IDFC - PATNA RURAL REGIONAL OFFICE,69403,subrata.sroy@jll.com,9163567770,9967646007,,,PATNA,BIHAR,,,BALA JEE SHARMA
JLL - IDFC First Bank Limited,IDFC - KANPUR M CORP. OGKidwai Nagar,21274-1,kishore.sawant@jll.com,9967646007,9967646007,,,KANPUR,UTTAR PRADESH,,,GOVIND KUMAR SINGH
JLL - IDFC First Bank Limited,IDFC - Mughalsarai Chandauli UP,22231,kushagra.malhotra@jll.com,7678452660,9967646007,"Upper ground floor, house no.193,Village Chandhasi, Ralhupur, Pandit Deen Dayal Upadhayay Nagar, District Chandauli, Mughalsarai , Uttar Pradesh - 232101","Upper ground floor, house no.193,Village Chandhasi, Ralhupur, Pandit Deen Dayal Upadhayay Nagar, District Chandauli, Mughalsarai , Uttar Pradesh - 232101",CHANDAULI,UTTAR PRADESH,,Ravi Kant,GOVIND KUMAR SINGH
JLL - IDFC First Bank Limited,IDFC - UTAI BRANCH,60561,madhuprava.nanda@jll.com,7978651695,9967646007,"GROUND FLOOR, SAI COMPLEX, WARD NO.4, P.H.NO.30, KHASRA NO. 986/19,986/60, UTAI MARKET TO PATTAN ROAD, UTAI 491107. DIST. DURG, CHHATTISGARH","GROUND FLOOR, SAI COMPLEX, WARD NO.4, P.H.NO.30, KHASRA NO. 986/19,986/60, UTAI MARKET TO PATTAN ROAD, UTAI 491107. DIST. DURG, CHHATTISGARH",DURG,CHHATTISGARH,,ANKIT AGRAWAL,BALA JEE SHARMA
JLL - IDFC First Bank Limited,IDFC - BHILAI BRANCH,60562,madhuprava.nanda@jll.com,7978651695,9967646007,"GROUND FLOOR, SHOP NO. 82-83,COMMERCIAL COMPLEX, NEHRU NAGAR EAST,BHILAI, CHHATTISGARH - 490020","GROUND FLOOR, SHOP NO. 82-83,COMMERCIAL COMPLEX, NEHRU NAGAR EAST,BHILAI, CHHATTISGARH - 490020",DURG,CHHATTISGARH,,Pankaj Soni,BALA JEE SHARMA
JLL - IDFC First Bank Limited,IDFC - MBL - BHILAI,60563,madhuprava.nanda@jll.com,7978651695,9967646007,"1ST FLOOR, PLOT NO. 20/8,SUPELA CHOWK, NEAR GHARI CHOWK, DATCHIND GANGOTRI, GE ROAD, BHILAI, CHATTISGARH, -490023","1ST FLOOR, PLOT NO. 20/8,SUPELA CHOWK, NEAR GHARI CHOWK, DATCHIND GANGOTRI, GE ROAD, BHILAI, CHATTISGARH, -490023",DURG,CHHATTISGARH,,Rajesh Kumar Sahu,BALA JEE SHARMA
JLL - IDFC First Bank Limited,IDFC - PENDRA ROAD BRANCH,60364,madhuprava.nanda@jll.com,7978651695,9967646007,"GROUND FLOOR 1ST FLOOR, WARD NO.5, BESIDE RADHAKRISHNA MANDIR, SANJAY CHOWK, MAIN ROAD, GAURELLA, PENDRA ROAD. DISTRICT BILASPUR. CHHATTISGARH. PIN 495117.","GROUND FLOOR 1ST FLOOR, WARD NO.5, BESIDE RADHAKRISHNA MANDIR, SANJAY CHOWK, MAIN ROAD, GAURELLA, PENDRA ROAD. DISTRICT BILASPUR. CHHATTISGARH. PIN 495117.",GAURELA-PENDRA-MARWAHI,CHHATTISGARH,,Rahul Sharma,BALA JEE SHARMA
JLL - IDFC First Bank Limited,IDFC - MBL - HAZARIBAUG,61171,subrata.sroy@jll.com,9163567770,9967646007,"FIRST FLOOR, RAMESH COMPLEX, BODDHAM BAZAR, GORA CHOWK, HAZARIBAGH, JHARKHAND - 825301","FIRST FLOOR, RAMESH COMPLEX, BODDHAM BAZAR, GORA CHOWK, HAZARIBAGH, JHARKHAND - 825301",HAZARIBAG,JHARKHAND,,,BALA JEE SHARMA
JLL - IDFC First Bank Limited,IDFC - GUWAHATI- ITAG PLAZA,60262,subrata.sroy@jll.com,9163567770,9967646007,"1ST FLOOR, ITAG PLAZA, UNIT NO. 1B , G.S ROAD, NEAR RAJIV BHAWAN , GUWAHATI ,ASSAM - 781005","1ST FLOOR, ITAG PLAZA, UNIT NO. 1B , G.S ROAD, NEAR RAJIV BHAWAN , GUWAHATI ,ASSAM - 781005",KAMRUP METROPOLITAN,ASSAM,,Nihar Pathak,Barsha Kumari Singh
JLL - IDFC First Bank Limited,IDFC - LUNAWADA BRANCH,42801,patel.mahipatlal@jll.com,9723719387,9967646007,"CITY SURVEY NO 178/37/38, PLOT NO 15-16,OPP ALLAHABAD BANK, NEAR KOSIYA NAKA,MODASA HIGHWAY, DIST. MAHISAGAR LUNAWADA GUJARAT - 389230","CITY SURVEY NO 178/37/38, PLOT NO 15-16,OPP ALLAHABAD BANK, NEAR KOSIYA NAKA,MODASA HIGHWAY, DIST. MAHISAGAR LUNAWADA GUJARAT - 389230",MAHISAGAR,GUJARAT,,Urveshkumar Rana,RAJESH DAVE
JLL - IDFC First Bank Limited,IDFC - PIPARIYA BRANCH,41102,admin.mp@idfcfirstbank.com,7898756142,9967646007,"GROUND FLOOR, IN FRONT OF RNA SCHOOL, SHOBHAPUR ROAD, PIPARIYA, PIPARIYA, 461775","GROUND FLOOR, IN FRONT OF RNA SCHOOL, SHOBHAPUR ROAD, PIPARIYA, PIPARIYA, 461775",NARMADAPURAM,MADHYA PRADESH,,Shubham Vishnoi,KAMAL PRAJAPATI
JLL - IDFC First Bank Limited,IDFC - SEONI MALWA BRANCH,41105,admin.mp@idfcfirstbank.com,7898756142,9967646007,"GROUND FLOOR, MAIN ROAD, MAIN ROAD, SEONI MALWA, SEONI MALWA, 461990","GROUND FLOOR, MAIN ROAD, MAIN ROAD, SEONI MALWA, SEONI MALWA, 461990",NARMADAPURAM,MADHYA PRADESH,,Mark Parmar,KAMAL PRAJAPATI
JLL - IDFC First Bank Limited,IDFC - JAMSHEDPUR-HEMKALI TOWER,60401,subrata.sroy@jll.com,9163567770,9967646007,"2ND FLOOR, B.S. HEMKALI TOWER MAIN ROAD, BISTUPUR, ABOVE RELINCE FOOT PRINT, JAMSHEDPUR 831001","2ND FLOOR, B.S. HEMKALI TOWER MAIN ROAD, BISTUPUR, ABOVE RELINCE FOOT PRINT, JAMSHEDPUR 831001",PURBI SINGHBHUM,JHARKHAND,,Bijay Tiwary,BALA JEE SHARMA
JLL - IDFC First Bank Limited,IDFC - JAMSHEDPUR - JAMSHEDPUR MAIN BRANCH,60402,subrata.sroy@jll.com,9163567770,9967646007,"GROUND FLOOR, PADMALAYA , 18, RAM MANDIR AREA, BISTUPUR, JAMSHEDPUR-831001","GROUND FLOOR, PADMALAYA , 18, RAM MANDIR AREA, BISTUPUR, JAMSHEDPUR-831001",PURBI SINGHBHUM,JHARKHAND,,,BALA JEE SHARMA
JLL - IDFC First Bank Limited,IDFC - Durg,60654,kishore.sawant@jll.com,9967646007,9967646007,,,DURG,CHHATTISGARH,,,BALA JEE SHARMA
JLL-AIRTEL-R&M,JLL - Airtel Store-Ambala City - HR,,chandigarhoprations@techxpertindia.in,7018440793,,,,AMBALA,HARYANA,,,NEERAJ KUMAR
COLLIERS - IDFC First Bank Limited(AP-TS),IDFC - KOTTURPURAM - CHENNAI CONSUMER SALES HUB,89102,janakiraman.k@colliers.com,9945092549,,"PLOT NO.7B GANDHI MANDAPAM ROAD, GANDHI MANDAPAM ROAD, KOTTURPURAM, CHENNAI, CHENNAI, 600085","PLOT NO.7B GANDHI MANDAPAM ROAD, GANDHI MANDAPAM ROAD, KOTTURPURAM, CHENNAI, CHENNAI, 600085",CHENNAI,TAMIL NADU,,,PADAM LOCHAN MALLICK
COLLIERS - IDFC First Bank Limited(AP-TS),IDFC - CHENNAI-AMARASRI 1ST FLR 3RD FLR - 2 FLRS,80116,janakiraman.k@colliers.com,9945092549,,", AMARASRI 455, 1ST FLOOR, ANNA SALAI, TEYNAMPET, CHENNAI TAMIL NADU, 600 018",", AMARASRI 455, 1ST FLOOR, ANNA SALAI, TEYNAMPET, CHENNAI TAMIL NADU, 600 018",CHENNAI,TAMIL NADU,,,PADAM LOCHAN MALLICK
COLLIERS - IDFC First Bank Limited(AP-TS),IDFC - TIRUCHIRAPPALLI ASSET OUTLET,80452,janakiraman.k@colliers.com,9945092549,,"D17, 4TH FLOOR, NORTHEAST EXTENSION, 1ST CROSS, THILLAI NAGAR,TIRUCHIRAPPALLI - 620018","D17, 4TH FLOOR, NORTHEAST EXTENSION, 1ST CROSS, THILLAI NAGAR,TIRUCHIRAPPALLI - 620018",TIRUCHIRAPPALLI,TAMIL NADU,,,PADAM LOCHAN MALLICK
COLLIERS - IDFC First Bank Limited(AP-TS),IDFC - R T NAGAR BRANCH,80167,janakiraman.k@colliers.com,9945092549,,"GROUND FLOOR, BASAVA CHETANA, MATADAHALLI FURTHER EXTENSION,NO172/1, MLA LAYOUT , R . T. NAGAR, BANGALORE - 560032","GROUND FLOOR, BASAVA CHETANA, MATADAHALLI FURTHER EXTENSION,NO172/1, MLA LAYOUT , R . T. NAGAR, BANGALORE - 560032",BANGALORE,KARNATAKA,,,Anshu Kumar Maurya
COLLIERS - IDFC First Bank Limited(AP-TS),IDFC - BANGALORE JP NAGAR 7TH PHASE BRANCH,80185,janakiraman.k@colliers.com,9945092549,,"GROUND FLOOR, 1112/49,14TH CROSS, KOTHNUR MAIN ROAD, PUTTENAHALLI, J P NAGAR 7TH PHASE , J P NAGAR , BANGALORE, KARNATAKA STATE - 560078","GROUND FLOOR, 1112/49,14TH CROSS, KOTHNUR MAIN ROAD, PUTTENAHALLI, J P NAGAR 7TH PHASE , J P NAGAR , BANGALORE, KARNATAKA STATE - 560078",BANGALORE,KARNATAKA,,,Anshu Kumar Maurya
COLLIERS - IDFC First Bank Limited(AP-TS),IDFC - CHENNAI KODAMBAKKAM BRANCH,80129,janakiraman.k@colliers.com,9945092549,,"GROUND FLOOR, 320,148/1, BLOCK NO.7, ARCOT ROAD, N.S.K.SALAI, KODAMBAKKAM, CHENNAI - 600024","GROUND FLOOR, 320,148/1, BLOCK NO.7, ARCOT ROAD, N.S.K.SALAI, KODAMBAKKAM, CHENNAI - 600024",CHENNAI,TAMIL NADU,,,PADAM LOCHAN MALLICK
COLLIERS - IDFC First Bank Limited(AP-TS),IDFC - HYDERABAD KUKATPALLY BRANCH,80215,janakiraman.k@colliers.com,9945092549,,"PLOT NO. 2122, SR ESTATES , A S RAJU NAGAR, KUKATPALLY MAIN ROAD, BALANAGAR MANDAL, HYDERABAD, STATE - TELANGANA- 500072","PLOT NO. 2122, SR ESTATES , A S RAJU NAGAR, KUKATPALLY MAIN ROAD, BALANAGAR MANDAL, HYDERABAD, STATE - TELANGANA- 500072",HYDERABAD,TELANGANA,,,DEEPAK KUMAR
COLLIERS - IDFC First Bank Limited(AP-TS),IDFC - HYDERABAD TOLI CHOWKI BRANCH,80219,janakiraman.k@colliers.com,9945092549,,"GROUND FLOOR, 8-1-523/261,BRINDAVAN COLONY, TOLICHOWKI, SHAIKPET VILLAGE, HYDERABAD, TELANGANA STATE - 500008","GROUND FLOOR, 8-1-523/261,BRINDAVAN COLONY, TOLICHOWKI, SHAIKPET VILLAGE, HYDERABAD, TELANGANA STATE - 500008",HYDERABAD,TELANGANA,,,DEEPAK KUMAR
COLLIERS - IDFC First Bank Limited(AP-TS),IDFC - HYDERABAD - HIMAYAT NAGAR BRANCH,80221,janakiraman.k@colliers.com,9945092549,,"GROUND FLOOR, 3-6-12,3-6-13,AL-SAMAD COMPLEX,OPP.T.T.D,HIMAYATNAGAR,HYDERABAD,TELANGANA-500029","GROUND FLOOR, 3-6-12,3-6-13,AL-SAMAD COMPLEX,OPP.T.T.D,HIMAYATNAGAR,HYDERABAD,TELANGANA-500029",HYDERABAD,TELANGANA,,,DEEPAK KUMAR
COLLIERS - IDFC First Bank Limited(AP-TS),"IDFC - AUROBINDO GALAXY - 14, 15 20th FLRS",10602,janakiraman.k@colliers.com,9945092549,,"14TH 15TH , AB WING , GALAXY, PLOT NO.1, PART OF SY.NO.83/1, HYDERABAD KNOWLEDGE CITY, TSIIC, RAIDURG, SERILINGAMPALLY, RANGA REDDY, HYDERABAD, TELENGANA -500081","14TH 15TH , AB WING , GALAXY, PLOT NO.1, PART OF SY.NO.83/1, HYDERABAD KNOWLEDGE CITY, TSIIC, RAIDURG, SERILINGAMPALLY, RANGA REDDY, HYDERABAD, TELENGANA -500081",HYDERABAD,TELANGANA,,,DEEPAK KUMAR
COLLIERS - IDFC First Bank Limited(AP-TS),IDFC - BANGALORE UTTARAHALLI BRANCH,80197,janakiraman.k@colliers.com,9945092549,,"GROUND AND FIRST FLOOR, 101201, SAI KRISHNA ARCADE, UTTARAHALLI MAIN ROAD, UTTARAHALLI, BANGALORE- 560061","GROUND AND FIRST FLOOR, 101201, SAI KRISHNA ARCADE, UTTARAHALLI MAIN ROAD, UTTARAHALLI, BANGALORE- 560061",BANGALORE,KARNATAKA,,,Anshu Kumar Maurya
COLLIERS - IDFC First Bank Limited(AP-TS),IDFC - CHENNAI THURAIPAKKAM BRANCH,80146,janakiraman.k@colliers.com,9945092549,,"UPPER GROUND FLOOR, 3/330, OLD MAHABALIPURAM SALAI I.T. HIGHWAY, RAJIV GANDHI ROAD, THURAIPAKKAM VILLAGE, CHENNAI- 600097","UPPER GROUND FLOOR, 3/330, OLD MAHABALIPURAM SALAI I.T. HIGHWAY, RAJIV GANDHI ROAD, THURAIPAKKAM VILLAGE, CHENNAI- 600097",CHENNAI,TAMIL NADU,,,PADAM LOCHAN MALLICK
COLLIERS - IDFC First Bank Limited(AP-TS),IDFC - KOLHAPUR CIRCLE BELAGAVI,81281,janakiraman.k@colliers.com,9945092549,,"GROUND FLOOR, VISHWA GURU BUILDING, NEAR SHIVA HOTEL, KOLHAPUR CIRCLE, BELGAUM, PIN CODE - 590001","GROUND FLOOR, VISHWA GURU BUILDING, NEAR SHIVA HOTEL, KOLHAPUR CIRCLE, BELGAUM, PIN CODE - 590001",BELGAUM,KARNATAKA,,,Anshu Kumar Maurya
COLLIERS - IDFC First Bank Limited(AP-TS),IDFC - CHENNAI IYYAPANTHANGAL BRANCH,81831,janakiraman.k@colliers.com,9945092549,,"UPPER GROUND FLOOR, 1ST FLOOR, 1/472, MOUNT POONAMALLEE ROAD, KANCHEEPURAM DISTRICT, IYYAPPANTHANGAL VILLAGE, IYYAPANTHANGAL, CHENNAI- 600056","UPPER GROUND FLOOR, 1ST FLOOR, 1/472, MOUNT POONAMALLEE ROAD, KANCHEEPURAM DISTRICT, IYYAPPANTHANGAL VILLAGE, IYYAPANTHANGAL, CHENNAI- 600056",CHENNAI,TAMIL NADU,,,PADAM LOCHAN MALLICK
COLLIERS - IDFC First Bank Limited(AP-TS),IDFC - Bangalore Girinagar Branch,81186,janakiraman.k@colliers.com,9945092549,,"IDFC FIRST BANK LTD, Ground Floor N.P. Arcade, No.245/1, Opp. HDFC Bank Canara Bank, 4th Cross Road, Near St.Vincent Pallotti Church, OMBR Layout, Banaswadi, Bangalore-560043.","IDFC FIRST BANK LTD, Ground Floor N.P. Arcade, No.245/1, Opp. HDFC Bank Canara Bank, 4th Cross Road, Near St.Vincent Pallotti Church, OMBR Layout, Banaswadi, Bangalore-560043.",BANGALORE,KARNATAKA,,,Anshu Kumar Maurya
COLLIERS - IDFC First Bank Limited(AP-TS),"IDFC - Bangalore Kanakapura Road, Raghuvanahalli Branch",81153,janakiraman.k@colliers.com,9945092549,,"IDFC FIRST BANK LTD, Ground Floor No. 80 Feet Road, KSIT College Road, Raghuvanahalli, Kanakapura Road, Bangalore-560062.","IDFC FIRST BANK LTD, Ground Floor No. 80 Feet Road, KSIT College Road, Raghuvanahalli, Kanakapura Road, Bangalore-560062.",BANGALORE,KARNATAKA,,,Anshu Kumar Maurya
COLLIERS - IDFC First Bank Limited(AP-TS),IDFC - Bangalore Banaswadi Branch,80198,janakiraman.k@colliers.com,9945092549,,"IDFC FIRST BANK LTD, Ground Floor N.P. Arcade, No.245/1, Opp. HDFC Bank Canara Bank, 4th Cross Road, Near St.Vincent Pallotti Church, OMBR Layout, Banaswadi, Bangalore-560043.","IDFC FIRST BANK LTD, Ground Floor N.P. Arcade, No.245/1, Opp. HDFC Bank Canara Bank, 4th Cross Road, Near St.Vincent Pallotti Church, OMBR Layout, Banaswadi, Bangalore-560043.",BANGALORE,KARNATAKA,,,Anshu Kumar Maurya
COLLIERS - IDFC First Bank Limited(AP-TS),IDFC - Thrissur Patturakkal Urban branch,80733,janakiraman.k@colliers.com,9945092549,,"Ground floor, 28/ 352-4 to 8, Thiruvambady, Thrissivaperur, Thissur village, Kerala- 680020","Ground floor, 28/ 352-4 to 8, Thiruvambady, Thrissivaperur, Thissur village, Kerala- 680020",THRISSUR,KERALA,,,PADAM LOCHAN MALLICK
JLL-AIRTEL-R&M,JLL - Airtel Store-Talab Tillo - J&K,,chandigarhoprations@techxpertindia.in,7340776007,,,,JAMMU,JAMMU-KASHMIR,,,NEERAJ KUMAR
JLL-AIRTEL-R&M,JLL - Airtel Mini Store-Shimlapuri - PB,,chandigarhoprations@techxpertindia.in,7340776007,,,,LUDHIANA,PUNJAB,,,NEERAJ KUMAR
JLL-AIRTEL-R&M,JLL - Airtel Mini Store-CHHERTHA ROAD AMRITSAR - PB,,chandigarhoprations@techxpertindia.in,7340776007,,,,AMRITSAR,PUNJAB,,,NEERAJ KUMAR
JLL-AIRTEL-R&M,JLL - Airtel MINI Store Ram nagar panipat - HR,,chandigarhoprations@techxpertindia.in,7340776007,,,,PANIPAT,HARYANA,,,NEERAJ KUMAR
BHARTI AIRTEL,BA - Bahu Plaza - J&K,,chandigarhoprations@techxpertindia.in,7340776007,,"BHARTI AIRTEL LIMITED B2 3rd Floor, South Block Bahu Plaza Jammu Jammu and Kashmir 180012 India","BHARTI AIRTEL LIMITED B2 3rd Floor, South Block Bahu Plaza Jammu Jammu and Kashmir 180012 India",JAMMU,JAMMU-KASHMIR,,,NEERAJ KUMAR
Pramerica Life Insurance Limited,Pramerica - Faridabad Sec-16 - HR,,operations@techxpertindia.in,9810149227,,"Pramerica Life Insurance Limited 2nd Floor, SCO-3, Sector-16 Faridabad - 121002, Haryana",,FARIDABAD,HARYANA,,,YASHVENDER SINGH
