Company ,Branch Site / Name,Branch Code,Contact Email,Mobile Number,Landline Number,Postal Code,City/District,State/Province,Address Line 1,Address Line 2,Site Incharge,Site UserName,Site Password
URBAN,1-NASHIK ,001,atulsagar.ext@urbancompany.com,7503150517,7503150517,,NASHIK ,Maharashtra,,,Atul Sagar,atul.sagar01,atul.sagar@123
URBAN,2-PATNA ,002,atulsagar.ext@urbancompany.com,7503150517,7503150517,,PATNA ,Maharashtra,,,Atul Sagar,atul.sagar02,atul.sagar@124
URBAN,3-VADODARA ,003,atulsagar.ext@urbancompany.com,7503150517,7503150517,,VADODARA ,Gujrat,,,Atul Sagar,atul.sagar03,atul.sagar@125
URBAN,4-VIZAG,004,atulsagar.ext@urbancompany.com,7503150517,7503150517,,VIZAG,Andhra Pradesh,,,Atul Sagar,atul.sagar04,atul.sagar@126
URBAN,5-VIJAYAWADA,005,atulsagar.ext@urbancompany.com,7503150517,7503150517,,VIJAYAWADA,Andhra Pradesh,,,Atul Sagar,atul.sagar05,atul.sagar@127
URBAN,6-SULTANPUR ,006,atulsagar.ext@urbancompany.com,7503150517,7503150517,,SULTANPUR ,Delhi,,,Atul Sagar,atul.sagar06,atul.sagar@128
URBAN,7-Bhubaneshwar ,007,atulsagar.ext@urbancompany.com,7503150517,7503150517,,Bhubaneshwar ,Orrissa,,,Atul Sagar,atul.sagar07,atul.sagar@129
URBAN,8-Coimbatore ,008,atulsagar.ext@urbancompany.com,7503150517,7503150517,,Coimbatore ,Tamil Nadu,,,Atul Sagar,atul.sagar08,atul.sagar@130
URBAN,9-Guwahati,009,atulsagar.ext@urbancompany.com,7503150517,7503150517,,Guwahati,Assam,,,Atul Sagar,atul.sagar09,atul.sagar@131
URBAN,10-Indore,010,atulsagar.ext@urbancompany.com,7503150517,7503150517,,Indore,Madhya Pradesh,,,Atul Sagar,atul.sagar10,atul.sagar@132
URBAN,11-JAIPUR,011,atulsagar.ext@urbancompany.com,7503150517,7503150517,,JAIPUR,Rajasthan,,,Atul Sagar,atul.sagar11,atul.sagar@133
URBAN,12-KANPUR,012,atulsagar.ext@urbancompany.com,7503150517,7503150517,,KANPUR,Uttar Pradesh,,,Atul Sagar,atul.sagar12,atul.sagar@134
URBAN,13-Lucknow ,013,atulsagar.ext@urbancompany.com,7503150517,7503150517,,Lucknow ,Uttar Pradesh,,,Atul Sagar,atul.sagar13,atul.sagar@135
URBAN,14-Bangalore Painting ,014,atulsagar.ext@urbancompany.com,7503150517,7503150517,,Bangalore Painting ,Karnataka,,,Atul Sagar,atul.sagar14,atul.sagar@136
URBAN,15-Bangalore AC & CL,015,atulsagar.ext@urbancompany.com,7503150517,7503150517,,Bangalore AC & CL,Karnataka,,,Atul Sagar,atul.sagar15,atul.sagar@137
URBAN,16-Hyderabad Painting ,016,atulsagar.ext@urbancompany.com,7503150517,7503150517,,Hyderabad Painting ,Telangana,,,Atul Sagar,atul.sagar16,atul.sagar@138
URBAN,17-Kurla Training Center ,017,atulsagar.ext@urbancompany.com,7503150517,7503150517,,Kurla Training Center ,Telangana,,,Atul Sagar,atul.sagar17,atul.sagar@139
URBAN,18- Noida ,018,atulsagar.ext@urbancompany.com,7503150517,7503150517,,Noida ,Uttar Pradesh,,,Atul Sagar,atul.sagar18,atul.sagar@140
URBAN,19-Chennai ,019,atulsagar.ext@urbancompany.com,7503150517,7503150517,,Chennai ,Tamil Nadu,,,Atul Sagar,atul.sagar19,atul.sagar@141
URBAN,20-HYDERABAD MAIN OFFICE ,020,atulsagar.ext@urbancompany.com,7503150517,7503150517,,HYDERABAD MAIN OFFICE ,Telangana,,,Atul Sagar,atul.sagar20,atul.sagar@142
URBAN,21-Mumbai,021,atulsagar.ext@urbancompany.com,7503150517,7503150517,,Mumbai,Maharashtra,,,Atul Sagar,atul.sagar21,atul.sagar@143
URBAN,22-PUNE ,022,atulsagar.ext@urbancompany.com,7503150517,7503150517,,PUNE ,Maharashtra,,,Atul Sagar,atul.sagar22,atul.sagar@144
URBAN,23-AHMEDABAD ,023,atulsagar.ext@urbancompany.com,7503150517,7503150517,,AHMEDABAD ,Gujrat,,,Atul Sagar,atul.sagar23,atul.sagar@145
URBAN,24-KOLKATA,024,atulsagar.ext@urbancompany.com,7503150517,7503150517,,KOLKATA,West Bengal,,,Atul Sagar,atul.sagar24,atul.sagar@146
URBAN,25-Gurgaon CITY Office ,025,atulsagar.ext@urbancompany.com,7503150517,7503150517,,Gurgaon CITY Office ,Haryana,,,Atul Sagar,atul.sagar25,atul.sagar@147
