Branch Name ,Name Of Equipment ,Make,Model,SNo,Capicity ,QTY,UOM,Unit Rate,Amount,Manufacturing Year,Age of Equipment ( years )*,Type of Services ,Category,Subcatagory,TAT,AMC Start Date,AMC End Date,Floor Number,Equipment Location,Description,UniqueID
1-NASHIK,AC,N/A,N/A,1,1.5,1,TR,3500,5250,2018,5,NCAMC,HVAC,SPLIT AC,2,6/1/2022,5/31/2023,1-GF,1-GF,N/A,0
1-NASHIK,AC,N/A,N/A,2,1.5,1,TR,3500,5250,2018,5,NCAMC,HVAC,SPLIT AC,2,6/1/2022,5/31/2023,2-GF,2-GF,N/A,0
1-NASHIK,AC,N/A,N/A,3,1.5,1,TR,3500,5250,2018,5,NCAMC,HVAC,SPLIT AC,2,6/1/2022,5/31/2023,3-GF,3-GF,N/A,0
1-NASHIK,CCTV,N/A,N/A,4,1,1,Nos ,500,500,2018,5,NCAMC,ELV Automation ,Fire Panel ,2,6/1/2022,5/31/2023,4-GF,4-GF,N/A,0
1-NASHIK,CCTV,N/A,N/A,5,1,1,Nos ,500,500,2018,5,NCAMC,ELV Automation ,Fire Panel ,2,6/1/2022,5/31/2023,5-GF,5-GF,N/A,0
1-NASHIK,CCTV,N/A,N/A,6,1,1,Nos ,500,500,2018,5,NCAMC,ELV Automation ,Fire Panel ,2,6/1/2022,5/31/2023,6-GF,6-GF,N/A,0
1-NASHIK,CCTV,N/A,N/A,7,1,1,Nos ,500,500,2018,5,NCAMC,ELV Automation ,Fire Panel ,2,6/1/2022,5/31/2023,7-GF,7-GF,N/A,0
1-NASHIK,DVR/NVR,N/A,N/A,8,1,1,Nos ,1500,1500,2018,5,NCAMC,ELV Automation ,Fire Panel ,2,6/1/2022,5/31/2023,8-GF,8-GF,N/A,0
1-NASHIK,RO,N/A,N/A,9,1,1,Nos ,5500,5500,2018,5,NCAMC,ELV Automation ,Fire Panel ,2,6/1/2022,5/31/2023,9-GF,9-GF,N/A,0
2-PATNA,AC,N/A,N/A,1,1.5,1,TR,3500,5250,2018,5,NCAMC,HVAC,SPLIT AC,2,6/1/2022,5/31/2023,1-GF,1-GF,N/A,0
2-PATNA ,AC,N/A,N/A,2,1.5,1,TR,3500,5250,2018,5,NCAMC,HVAC,SPLIT AC,2,6/1/2022,5/31/2023,2-GF,2-GF,N/A,0
2-PATNA ,AC,N/A,N/A,3,1.5,1,TR,3500,5250,2018,5,NCAMC,HVAC,SPLIT AC,2,6/1/2022,5/31/2023,3-GF,3-GF,N/A,0
2-PATNA ,AC,N/A,N/A,4,1.5,1,TR,3500,5250,2018,5,NCAMC,HVAC,SPLIT AC,2,6/1/2022,5/31/2023,4-GF,4-GF,N/A,0
2-PATNA ,AC,N/A,N/A,5,1.5,1,TR,3500,5250,2018,5,NCAMC,HVAC,SPLIT AC,2,6/1/2022,5/31/2023,5-GF,5-GF,N/A,0
2-PATNA ,AC,N/A,N/A,6,1.5,1,TR,3500,5250,2018,5,NCAMC,HVAC,SPLIT AC,2,6/1/2022,5/31/2023,6-GF,6-GF,N/A,0
2-PATNA ,AC,N/A,N/A,7,1.5,1,TR,3500,5250,2018,5,NCAMC,HVAC,SPLIT AC,2,6/1/2022,5/31/2023,7-GF,7-GF,N/A,0
2-PATNA ,AC,N/A,N/A,8,1.5,1,TR,3500,5250,2018,5,NCAMC,HVAC,SPLIT AC,2,6/1/2022,5/31/2023,8-GF,8-GF,N/A,0
2-PATNA ,CCTV,N/A,N/A,9,1,1,Nos ,500,500,2018,5,NCAMC,ELV Automation ,Fire Panel ,2,6/1/2022,5/31/2023,9-GF,9-GF,N/A,0
2-PATNA ,CCTV,N/A,N/A,10,1,1,Nos ,500,500,2018,5,NCAMC,ELV Automation ,Fire Panel ,2,6/1/2022,5/31/2023,10-GF,10-GF,N/A,0
2-PATNA ,CCTV,N/A,N/A,11,1,1,Nos ,500,500,2018,5,NCAMC,ELV Automation ,Fire Panel ,2,6/1/2022,5/31/2023,11-GF,11-GF,N/A,0
2-PATNA ,CCTV,N/A,N/A,12,1,1,Nos ,500,500,2018,5,NCAMC,ELV Automation ,Fire Panel ,2,6/1/2022,5/31/2023,12-GF,12-GF,N/A,0
2-PATNA ,DVR/NVR,N/A,N/A,13,1,1,Nos ,1500,1500,2018,5,NCAMC,ELV Automation ,Fire Panel ,2,6/1/2022,5/31/2023,13-GF,13-GF,N/A,0
2-PATNA ,RO,N/A,N/A,14,1,1,Nos ,5500,5500,2018,5,NCAMC,ELV Automation ,Fire Panel ,2,6/1/2022,5/31/2023,14-GF,14-GF,N/A,0
3-VADODARA ,AC,N/A,N/A,1,1.5,1,TR,3500,5250,2018,5,NCAMC,HVAC,SPLIT AC,2,6/1/2022,5/31/2023,1-GF,1-GF,N/A,0
3-VADODARA ,AC,N/A,N/A,2,1.5,1,TR,3500,5250,2018,5,NCAMC,HVAC,SPLIT AC,2,6/1/2022,5/31/2023,2-GF,2-GF,N/A,0
3-VADODARA ,AC,N/A,N/A,3,1.5,1,TR,3500,5250,2018,5,NCAMC,HVAC,SPLIT AC,2,6/1/2022,5/31/2023,3-GF,3-GF,N/A,0
3-VADODARA ,AC,N/A,N/A,4,1.5,1,TR,3500,5250,2018,5,NCAMC,HVAC,SPLIT AC,2,6/1/2022,5/31/2023,4-GF,4-GF,N/A,0
3-VADODARA ,AC,N/A,N/A,5,1.5,1,TR,3500,5250,2018,5,NCAMC,HVAC,SPLIT AC,2,6/1/2022,5/31/2023,5-GF,5-GF,N/A,0
3-VADODARA ,AC,N/A,N/A,6,1.5,1,TR,3500,5250,2018,5,NCAMC,HVAC,SPLIT AC,2,6/1/2022,5/31/2023,6-GF,6-GF,N/A,0
3-VADODARA ,AC,N/A,N/A,7,1.5,1,TR,3500,5250,2018,5,NCAMC,HVAC,SPLIT AC,2,6/1/2022,5/31/2023,7-GF,7-GF,N/A,0
3-VADODARA ,AC,N/A,N/A,8,1.5,1,TR,3500,5250,2018,5,NCAMC,HVAC,SPLIT AC,2,6/1/2022,5/31/2023,8-GF,8-GF,N/A,0
3-VADODARA ,AC,N/A,N/A,9,1.5,1,TR,3500,5250,2018,5,NCAMC,HVAC,SPLIT AC,2,6/1/2022,5/31/2023,9-GF,9-GF,N/A,0
3-VADODARA ,AC,N/A,N/A,10,1.5,1,TR,3500,5250,2018,5,NCAMC,HVAC,SPLIT AC,2,6/1/2022,5/31/2023,10-GF,10-GF,N/A,0
3-VADODARA ,AC,N/A,N/A,11,1.5,1,TR,3500,5250,2018,5,NCAMC,HVAC,SPLIT AC,2,6/1/2022,5/31/2023,11-GF,11-GF,N/A,0
3-VADODARA ,AC,N/A,N/A,12,1.5,1,TR,3500,5250,2018,5,NCAMC,HVAC,SPLIT AC,2,6/1/2022,5/31/2023,12-GF,12-GF,N/A,0
3-VADODARA ,AC,N/A,N/A,13,1.5,1,TR,3500,5250,2018,5,NCAMC,HVAC,SPLIT AC,2,6/1/2022,5/31/2023,13-GF,13-GF,N/A,0
3-VADODARA ,AC,N/A,N/A,14,1.5,1,TR,3500,5250,2018,5,NCAMC,HVAC,SPLIT AC,2,6/1/2022,5/31/2023,14-GF,14-GF,N/A,0
3-VADODARA ,AC,N/A,N/A,15,1.5,1,TR,3500,5250,2018,5,NCAMC,HVAC,SPLIT AC,2,6/1/2022,5/31/2023,15-GF,15-GF,N/A,0
3-VADODARA ,AC,N/A,N/A,16,1.5,1,TR,3500,5250,2018,5,NCAMC,HVAC,SPLIT AC,2,6/1/2022,5/31/2023,16-GF,16-GF,N/A,0
3-VADODARA ,AC,N/A,N/A,17,1.5,1,TR,3500,5250,2018,5,NCAMC,HVAC,SPLIT AC,2,6/1/2022,5/31/2023,17-GF,17-GF,N/A,0
3-VADODARA ,AC,N/A,N/A,18,1.5,1,TR,3500,5250,2018,5,NCAMC,HVAC,SPLIT AC,2,6/1/2022,5/31/2023,18-GF,18-GF,N/A,0
3-VADODARA ,AC,N/A,N/A,19,1.5,1,TR,3500,5250,2018,5,NCAMC,HVAC,SPLIT AC,2,6/1/2022,5/31/2023,19-GF,19-GF,N/A,0
3-VADODARA ,AC,N/A,N/A,20,1.5,1,TR,3500,5250,2018,5,NCAMC,HVAC,SPLIT AC,2,6/1/2022,5/31/2023,20-GF,20-GF,N/A,0
3-VADODARA ,CCTV,N/A,N/A,21,1,1,Nos ,500,500,2018,5,NCAMC,ELV Automation ,Fire Panel ,2,6/1/2022,5/31/2023,21-GF,21-GF,N/A,0
3-VADODARA ,CCTV,N/A,N/A,22,1,1,Nos ,500,500,2018,5,NCAMC,ELV Automation ,Fire Panel ,2,6/1/2022,5/31/2023,22-GF,22-GF,N/A,0
3-VADODARA ,CCTV,N/A,N/A,23,1,1,Nos ,500,500,2018,5,NCAMC,ELV Automation ,Fire Panel ,2,6/1/2022,5/31/2023,23-GF,23-GF,N/A,0
3-VADODARA ,CCTV,N/A,N/A,24,1,1,Nos ,500,500,2018,5,NCAMC,ELV Automation ,Fire Panel ,2,6/1/2022,5/31/2023,24-GF,24-GF,N/A,0
3-VADODARA ,CCTV,N/A,N/A,25,1,1,Nos ,500,500,2018,5,NCAMC,ELV Automation ,Fire Panel ,2,6/1/2022,5/31/2023,25-GF,25-GF,N/A,0
3-VADODARA ,CCTV,N/A,N/A,26,1,1,Nos ,500,500,2018,5,NCAMC,ELV Automation ,Fire Panel ,2,6/1/2022,5/31/2023,26-GF,26-GF,N/A,0
3-VADODARA ,CCTV,N/A,N/A,27,1,1,Nos ,500,500,2018,5,NCAMC,ELV Automation ,Fire Panel ,2,6/1/2022,5/31/2023,27-GF,27-GF,N/A,0
3-VADODARA ,CCTV,N/A,N/A,28,1,1,Nos ,500,500,2018,5,NCAMC,ELV Automation ,Fire Panel ,2,6/1/2022,5/31/2023,28-GF,28-GF,N/A,0
3-VADODARA ,CCTV,N/A,N/A,29,1,1,Nos ,500,500,2018,5,NCAMC,ELV Automation ,Fire Panel ,2,6/1/2022,5/31/2023,29-GF,29-GF,N/A,0
3-VADODARA ,CCTV,N/A,N/A,30,1,1,Nos ,500,500,2018,5,NCAMC,ELV Automation ,Fire Panel ,2,6/1/2022,5/31/2023,30-GF,30-GF,N/A,0
3-VADODARA ,CCTV,N/A,N/A,31,1,1,Nos ,500,500,2018,5,NCAMC,ELV Automation ,Fire Panel ,2,6/1/2022,5/31/2023,31-GF,31-GF,N/A,0
3-VADODARA ,CCTV,N/A,N/A,32,1,1,Nos ,500,500,2018,5,NCAMC,ELV Automation ,Fire Panel ,2,6/1/2022,5/31/2023,32-GF,32-GF,N/A,0
3-VADODARA ,DVR/NVR,N/A,N/A,33,1,1,Nos ,1500,1500,2018,5,NCAMC,ELV Automation ,Fire Panel ,2,6/1/2022,5/31/2023,33-GF,33-GF,N/A,0
3-VADODARA ,RO,N/A,N/A,34,1,1,Nos ,5500,5500,2018,5,NCAMC,ELV Automation ,Fire Panel ,2,6/1/2022,5/31/2023,34-GF,34-GF,N/A,0
4-VIZAG,UPS,N/A,N/A,1,1,1,TR,15000,15000,2018,5,NCAMC,ELV Automation ,Fire Panel ,2,6/1/2022,5/31/2023,1-GF,1-GF,N/A,0
4-VIZAG,AC,N/A,N/A,2,1.5,1,TR,3500,5250,2018,5,NCAMC,HVAC,SPLIT AC,2,6/1/2022,5/31/2023,2-GF,2-GF,N/A,0
4-VIZAG,AC,N/A,N/A,3,1.5,1,TR,3500,5250,2018,5,NCAMC,HVAC,SPLIT AC,2,6/1/2022,5/31/2023,3-GF,3-GF,N/A,0
4-VIZAG,AC,N/A,N/A,4,1.5,1,TR,3500,5250,2018,5,NCAMC,HVAC,SPLIT AC,2,6/1/2022,5/31/2023,4-GF,4-GF,N/A,0
4-VIZAG,AC,N/A,N/A,5,1.5,1,TR,3500,5250,2018,5,NCAMC,HVAC,SPLIT AC,2,6/1/2022,5/31/2023,5-GF,5-GF,N/A,0
4-VIZAG,AC,N/A,N/A,6,1.5,1,TR,3500,5250,2018,5,NCAMC,HVAC,SPLIT AC,2,6/1/2022,5/31/2023,6-GF,6-GF,N/A,0
4-VIZAG,AC,N/A,N/A,7,1.5,1,TR,3500,5250,2018,5,NCAMC,HVAC,SPLIT AC,2,6/1/2022,5/31/2023,7-GF,7-GF,N/A,0
4-VIZAG,AC,N/A,N/A,8,1.5,1,TR,3500,5250,2018,5,NCAMC,HVAC,SPLIT AC,2,6/1/2022,5/31/2023,8-GF,8-GF,N/A,0
4-VIZAG,AC,N/A,N/A,9,1.5,1,TR,3500,5250,2018,5,NCAMC,HVAC,SPLIT AC,2,6/1/2022,5/31/2023,9-GF,9-GF,N/A,0
4-VIZAG,AC,N/A,N/A,10,1.5,1,TR,3500,5250,2018,5,NCAMC,HVAC,SPLIT AC,2,6/1/2022,5/31/2023,10-GF,10-GF,N/A,0
4-VIZAG,AC,N/A,N/A,11,1.5,1,TR,3500,5250,2018,5,NCAMC,HVAC,SPLIT AC,2,6/1/2022,5/31/2023,11-GF,11-GF,N/A,0
4-VIZAG,AC,N/A,N/A,12,1.5,1,TR,3500,5250,2018,5,NCAMC,HVAC,SPLIT AC,2,6/1/2022,5/31/2023,12-GF,12-GF,N/A,0
4-VIZAG,AC,N/A,N/A,13,1.5,1,TR,3500,5250,2018,5,NCAMC,HVAC,SPLIT AC,2,6/1/2022,5/31/2023,13-GF,13-GF,N/A,0
4-VIZAG,AC,N/A,N/A,14,1.5,1,TR,3500,5250,2018,5,NCAMC,HVAC,SPLIT AC,2,6/1/2022,5/31/2023,14-GF,14-GF,N/A,0
4-VIZAG,AC,N/A,N/A,15,1.5,1,TR,3500,5250,2018,5,NCAMC,HVAC,SPLIT AC,2,6/1/2022,5/31/2023,15-GF,15-GF,N/A,0
4-VIZAG,AC,N/A,N/A,16,1.5,1,TR,3500,5250,2018,5,NCAMC,HVAC,SPLIT AC,2,6/1/2022,5/31/2023,16-GF,16-GF,N/A,0
4-VIZAG,AC,N/A,N/A,17,1.5,1,TR,3500,5250,2018,5,NCAMC,HVAC,SPLIT AC,2,6/1/2022,5/31/2023,17-GF,17-GF,N/A,0
4-VIZAG,AC,N/A,N/A,18,1.5,1,TR,3500,5250,2018,5,NCAMC,HVAC,SPLIT AC,2,6/1/2022,5/31/2023,18-GF,18-GF,N/A,0
4-VIZAG,AC,N/A,N/A,19,1.5,1,TR,3500,5250,2018,5,NCAMC,HVAC,SPLIT AC,2,6/1/2022,5/31/2023,19-GF,19-GF,N/A,0
4-VIZAG,AC,N/A,N/A,20,1.5,1,TR,3500,5250,2018,5,NCAMC,HVAC,SPLIT AC,2,6/1/2022,5/31/2023,20-GF,20-GF,N/A,0
4-VIZAG,AC,N/A,N/A,21,1.5,1,TR,3500,5250,2018,5,NCAMC,HVAC,SPLIT AC,2,6/1/2022,5/31/2023,21-GF,21-GF,N/A,0
4-VIZAG,AC,N/A,N/A,22,1.5,1,TR,3500,5250,2018,5,NCAMC,HVAC,SPLIT AC,2,6/1/2022,5/31/2023,22-GF,22-GF,N/A,0
4-VIZAG,AC,N/A,N/A,23,1.5,1,TR,3500,5250,2018,5,NCAMC,HVAC,SPLIT AC,2,6/1/2022,5/31/2023,23-GF,23-GF,N/A,0
4-VIZAG,CCTV,N/A,N/A,24,1,1,Nos ,500,500,2018,5,NCAMC,ELV Automation ,Fire Panel ,2,6/1/2022,5/31/2023,24-GF,24-GF,N/A,0
4-VIZAG,CCTV,N/A,N/A,25,1,1,Nos ,500,500,2018,5,NCAMC,ELV Automation ,Fire Panel ,2,6/1/2022,5/31/2023,25-GF,25-GF,N/A,0
4-VIZAG,CCTV,N/A,N/A,26,1,1,Nos ,500,500,2018,5,NCAMC,ELV Automation ,Fire Panel ,2,6/1/2022,5/31/2023,26-GF,26-GF,N/A,0
4-VIZAG,CCTV,N/A,N/A,27,1,1,Nos ,500,500,2018,5,NCAMC,ELV Automation ,Fire Panel ,2,6/1/2022,5/31/2023,27-GF,27-GF,N/A,0
4-VIZAG,CCTV,N/A,N/A,28,1,1,Nos ,500,500,2018,5,NCAMC,ELV Automation ,Fire Panel ,2,6/1/2022,5/31/2023,28-GF,28-GF,N/A,0
4-VIZAG,DVR/NVR,N/A,N/A,29,1,1,Nos ,1500,1500,2018,5,NCAMC,ELV Automation ,Fire Panel ,2,6/1/2022,5/31/2023,29-GF,29-GF,N/A,0
4-VIZAG,RO,N/A,N/A,30,1,1,TR,5500,5500,2018,5,NCAMC,ELV Automation ,Fire Panel ,2,6/1/2022,5/31/2023,30-GF,30-GF,N/A,0
5-VIJAYAWADA,AC,N/A,N/A,1,1.5,1,TR,3500,5250,2018,5,NCAMC,HVAC,SPLIT AC,2,6/1/2022,5/31/2023,1-GF,1-GF,N/A,0
5-VIJAYAWADA,AC,N/A,N/A,2,1.5,1,TR,3500,5250,2018,5,NCAMC,HVAC,SPLIT AC,2,6/1/2022,5/31/2023,2-GF,2-GF,N/A,0
5-VIJAYAWADA,AC,N/A,N/A,3,1.5,1,TR,3500,5250,2018,5,NCAMC,HVAC,SPLIT AC,2,6/1/2022,5/31/2023,3-GF,3-GF,N/A,0
5-VIJAYAWADA,AC,N/A,N/A,4,1.5,1,TR,3500,5250,2018,5,NCAMC,HVAC,SPLIT AC,2,6/1/2022,5/31/2023,4-GF,4-GF,N/A,0
5-VIJAYAWADA,AC,N/A,N/A,5,1.5,1,TR,3500,5250,2018,5,NCAMC,HVAC,SPLIT AC,2,6/1/2022,5/31/2023,5-GF,5-GF,N/A,0
5-VIJAYAWADA,AC,N/A,N/A,6,1.5,1,TR,3500,5250,2018,5,NCAMC,HVAC,SPLIT AC,2,6/1/2022,5/31/2023,6-GF,6-GF,N/A,0
5-VIJAYAWADA,CCTV,N/A,N/A,7,1,1,Nos ,500,500,2018,5,NCAMC,ELV Automation ,Fire Panel ,2,6/1/2022,5/31/2023,7-GF,7-GF,N/A,0
5-VIJAYAWADA,CCTV,N/A,N/A,8,1,1,Nos ,500,500,2018,5,NCAMC,ELV Automation ,Fire Panel ,2,6/1/2022,5/31/2023,8-GF,8-GF,N/A,0
5-VIJAYAWADA,CCTV,N/A,N/A,9,1,1,Nos ,500,500,2018,5,NCAMC,ELV Automation ,Fire Panel ,2,6/1/2022,5/31/2023,9-GF,9-GF,N/A,0
5-VIJAYAWADA,CCTV,N/A,N/A,10,1,1,Nos ,500,500,2018,5,NCAMC,ELV Automation ,Fire Panel ,2,6/1/2022,5/31/2023,10-GF,10-GF,N/A,0
5-VIJAYAWADA,DVR/NVR,N/A,N/A,11,1,1,Nos ,1500,1500,2018,5,NCAMC,ELV Automation ,Fire Panel ,2,6/1/2022,5/31/2023,11-GF,11-GF,N/A,0
5-VIJAYAWADA,RO,N/A,N/A,12,1,1,Nos ,5500,5500,2018,5,NCAMC,ELV Automation ,Fire Panel ,2,6/1/2022,5/31/2023,12-GF,12-GF,N/A,0
6-SULTANPUR ,CCTV,N/A,N/A,1,1,1,Nos ,500,500,2018,5,NCAMC,ELV Automation ,Fire Panel ,2,6/1/2022,5/31/2023,1-GF,1-GF,N/A,0
6-SULTANPUR ,CCTV,N/A,N/A,2,1,1,Nos ,500,500,2018,5,NCAMC,ELV Automation ,Fire Panel ,2,6/1/2022,5/31/2023,2-GF,2-GF,N/A,0
6-SULTANPUR ,CCTV,N/A,N/A,3,1,1,Nos ,500,500,2018,5,NCAMC,ELV Automation ,Fire Panel ,2,6/1/2022,5/31/2023,3-GF,3-GF,N/A,0
6-SULTANPUR ,CCTV,N/A,N/A,4,1,1,Nos ,500,500,2018,5,NCAMC,ELV Automation ,Fire Panel ,2,6/1/2022,5/31/2023,4-GF,4-GF,N/A,0
6-SULTANPUR ,CCTV,N/A,N/A,5,1,1,Nos ,500,500,2018,5,NCAMC,ELV Automation ,Fire Panel ,2,6/1/2022,5/31/2023,5-GF,5-GF,N/A,0
6-SULTANPUR ,CCTV,N/A,N/A,6,1,1,Nos ,500,500,2018,5,NCAMC,ELV Automation ,Fire Panel ,2,6/1/2022,5/31/2023,6-GF,6-GF,N/A,0
6-SULTANPUR ,CCTV,N/A,N/A,7,1,1,Nos ,500,500,2018,5,NCAMC,ELV Automation ,Fire Panel ,2,6/1/2022,5/31/2023,7-GF,7-GF,N/A,0
6-SULTANPUR ,CCTV,N/A,N/A,8,1,1,Nos ,500,500,2018,5,NCAMC,ELV Automation ,Fire Panel ,2,6/1/2022,5/31/2023,8-GF,8-GF,N/A,0
6-SULTANPUR ,CCTV,N/A,N/A,9,1,1,Nos ,500,500,2018,5,NCAMC,ELV Automation ,Fire Panel ,2,6/1/2022,5/31/2023,9-GF,9-GF,N/A,0
6-SULTANPUR ,CCTV,N/A,N/A,10,1,1,Nos ,500,500,2018,5,NCAMC,ELV Automation ,Fire Panel ,2,6/1/2022,5/31/2023,10-GF,10-GF,N/A,0
6-SULTANPUR ,CCTV,N/A,N/A,11,1,1,Nos ,500,500,2018,5,NCAMC,ELV Automation ,Fire Panel ,2,6/1/2022,5/31/2023,11-GF,11-GF,N/A,0
6-SULTANPUR ,CCTV,N/A,N/A,12,1,1,Nos ,500,500,2018,5,NCAMC,ELV Automation ,Fire Panel ,2,6/1/2022,5/31/2023,12-GF,12-GF,N/A,0
6-SULTANPUR ,CCTV,N/A,N/A,13,1,1,Nos ,500,500,2018,5,NCAMC,ELV Automation ,Fire Panel ,2,6/1/2022,5/31/2023,13-GF,13-GF,N/A,0
6-SULTANPUR ,DVR/NVR,N/A,N/A,14,1,1,Nos ,1500,1500,2018,5,NCAMC,ELV Automation ,Fire Panel ,2,6/1/2022,5/31/2023,14-GF,14-GF,N/A,0
7-Bhubaneshwar ,AC,N/A,N/A,1,1.5,1,TR,3500,5250,2018,5,NCAMC,HVAC,SPLIT AC,2,6/1/2022,5/31/2023,1-GF,1-GF,N/A,0
7-Bhubaneshwar ,AC,N/A,N/A,2,1.5,1,TR,3500,5250,2018,5,NCAMC,HVAC,SPLIT AC,2,6/1/2022,5/31/2023,2-GF,2-GF,N/A,0
7-Bhubaneshwar ,AC,N/A,N/A,3,1.5,1,TR,3500,5250,2018,5,NCAMC,HVAC,SPLIT AC,2,6/1/2022,5/31/2023,3-GF,3-GF,N/A,0
7-Bhubaneshwar ,AC,N/A,N/A,4,1.5,1,TR,3500,5250,2018,5,NCAMC,HVAC,SPLIT AC,2,6/1/2022,5/31/2023,4-GF,4-GF,N/A,0
7-Bhubaneshwar ,AC,N/A,N/A,5,1.5,1,TR,3500,5250,2018,5,NCAMC,HVAC,SPLIT AC,2,6/1/2022,5/31/2023,5-GF,5-GF,N/A,0
7-Bhubaneshwar ,CCTV,N/A,N/A,6,1,1,Nos ,500,500,2018,5,NCAMC,ELV Automation ,Fire Panel ,2,6/1/2022,5/31/2023,6-GF,6-GF,N/A,0
7-Bhubaneshwar ,CCTV,N/A,N/A,7,1,1,Nos ,500,500,2018,5,NCAMC,ELV Automation ,Fire Panel ,2,6/1/2022,5/31/2023,7-GF,7-GF,N/A,0
7-Bhubaneshwar ,CCTV,N/A,N/A,8,1,1,Nos ,500,500,2018,5,NCAMC,ELV Automation ,Fire Panel ,2,6/1/2022,5/31/2023,8-GF,8-GF,N/A,0
7-Bhubaneshwar ,CCTV,N/A,N/A,9,1,1,Nos ,500,500,2018,5,NCAMC,ELV Automation ,Fire Panel ,2,6/1/2022,5/31/2023,9-GF,9-GF,N/A,0
7-Bhubaneshwar ,DVR/NVR,N/A,N/A,10,1,1,Nos ,1500,1500,2018,5,NCAMC,ELV Automation ,Fire Panel ,2,6/1/2022,5/31/2023,10-GF,10-GF,N/A,0
7-Bhubaneshwar ,RO,N/A,N/A,11,1,1,Nos ,5500,5500,2018,5,NCAMC,ELV Automation ,Fire Panel ,2,6/1/2022,5/31/2023,11-GF,11-GF,N/A,0
8-Coimbatore ,AC,N/A,N/A,1,1.5,1,TR,3500,5250,2018,5,NCAMC,HVAC,SPLIT AC,2,6/1/2022,5/31/2023,1-GF,1-GF,N/A,0
8-Coimbatore ,AC,N/A,N/A,2,1.5,1,TR,3500,5250,2018,5,NCAMC,HVAC,SPLIT AC,2,6/1/2022,5/31/2023,2-GF,2-GF,N/A,0
8-Coimbatore ,AC,N/A,N/A,3,1.5,1,TR,3500,5250,2018,5,NCAMC,HVAC,SPLIT AC,2,6/1/2022,5/31/2023,3-GF,3-GF,N/A,0
8-Coimbatore ,CCTV,N/A,N/A,4,1,1,Nos ,500,500,2018,5,NCAMC,ELV Automation ,Fire Panel ,2,6/1/2022,5/31/2023,4-GF,4-GF,N/A,0
8-Coimbatore ,CCTV,N/A,N/A,5,1,1,Nos ,500,500,2018,5,NCAMC,ELV Automation ,Fire Panel ,2,6/1/2022,5/31/2023,5-GF,5-GF,N/A,0
8-Coimbatore ,CCTV,N/A,N/A,6,1,1,Nos ,500,500,2018,5,NCAMC,ELV Automation ,Fire Panel ,2,6/1/2022,5/31/2023,6-GF,6-GF,N/A,0
8-Coimbatore ,CCTV,N/A,N/A,7,1,1,Nos ,500,500,2018,5,NCAMC,ELV Automation ,Fire Panel ,2,6/1/2022,5/31/2023,7-GF,7-GF,N/A,0
8-Coimbatore ,DVR/NVR,N/A,N/A,8,1,1,Nos ,1500,1500,2018,5,NCAMC,ELV Automation ,Fire Panel ,2,6/1/2022,5/31/2023,8-GF,8-GF,N/A,0
8-Coimbatore ,RO,N/A,N/A,9,1,1,Nos ,5500,5500,2018,5,NCAMC,ELV Automation ,Fire Panel ,2,6/1/2022,5/31/2023,9-GF,9-GF,N/A,0
9-Guwahati,AC,N/A,N/A,1,1.5,1,TR,3500,5250,2018,5,NCAMC,HVAC,SPLIT AC,2,6/1/2022,5/31/2023,1-GF,1-GF,N/A,0
9-Guwahati,AC,N/A,N/A,2,1.5,1,TR,3500,5250,2018,5,NCAMC,HVAC,SPLIT AC,2,6/1/2022,5/31/2023,2-GF,2-GF,N/A,0
9-Guwahati,AC,N/A,N/A,3,1.5,1,TR,3500,5250,2018,5,NCAMC,HVAC,SPLIT AC,2,6/1/2022,5/31/2023,3-GF,3-GF,N/A,0
9-Guwahati,AC,N/A,N/A,4,1.5,1,TR,3500,5250,2018,5,NCAMC,HVAC,SPLIT AC,2,6/1/2022,5/31/2023,4-GF,4-GF,N/A,0
9-Guwahati,AC,N/A,N/A,5,1.5,1,TR,3500,5250,2018,5,NCAMC,HVAC,SPLIT AC,2,6/1/2022,5/31/2023,5-GF,5-GF,N/A,0
9-Guwahati,AC,N/A,N/A,6,1.5,1,TR,3500,5250,2018,5,NCAMC,HVAC,SPLIT AC,2,6/1/2022,5/31/2023,6-GF,6-GF,N/A,0
9-Guwahati,AC,N/A,N/A,7,1.5,1,TR,3500,5250,2018,5,NCAMC,HVAC,SPLIT AC,2,6/1/2022,5/31/2023,7-GF,7-GF,N/A,0
9-Guwahati,AC,N/A,N/A,8,1.5,1,TR,3500,5250,2018,5,NCAMC,HVAC,SPLIT AC,2,6/1/2022,5/31/2023,8-GF,8-GF,N/A,0
9-Guwahati,AC,N/A,N/A,9,1.5,1,TR,3500,5250,2018,5,NCAMC,HVAC,SPLIT AC,2,6/1/2022,5/31/2023,9-GF,9-GF,N/A,0
9-Guwahati,CCTV,N/A,N/A,10,1,1,Nos ,500,500,2018,5,NCAMC,ELV Automation ,Fire Panel ,2,6/1/2022,5/31/2023,10-GF,10-GF,N/A,0
9-Guwahati,CCTV,N/A,N/A,11,1,1,Nos ,500,500,2018,5,NCAMC,ELV Automation ,Fire Panel ,2,6/1/2022,5/31/2023,11-GF,11-GF,N/A,0
9-Guwahati,CCTV,N/A,N/A,12,1,1,Nos ,500,500,2018,5,NCAMC,ELV Automation ,Fire Panel ,2,6/1/2022,5/31/2023,12-GF,12-GF,N/A,0
9-Guwahati,CCTV,N/A,N/A,13,1,1,Nos ,500,500,2018,5,NCAMC,ELV Automation ,Fire Panel ,2,6/1/2022,5/31/2023,13-GF,13-GF,N/A,0
9-Guwahati,DVR/NVR,N/A,N/A,14,1,1,Nos ,1500,1500,2018,5,NCAMC,ELV Automation ,Fire Panel ,2,6/1/2022,5/31/2023,14-GF,14-GF,N/A,0
9-Guwahati,RO,N/A,N/A,15,1,1,Nos ,5500,5500,2018,5,NCAMC,ELV Automation ,Fire Panel ,2,6/1/2022,5/31/2023,15-GF,15-GF,N/A,0
10-Indore,AC,N/A,N/A,1,1.5,1,TR,3500,5250,2018,5,NCAMC,HVAC,SPLIT AC,2,6/1/2022,5/31/2023,1-GF,1-GF,N/A,0
10-Indore,AC,N/A,N/A,2,1.5,1,TR,3500,5250,2018,5,NCAMC,HVAC,SPLIT AC,2,6/1/2022,5/31/2023,2-GF,2-GF,N/A,0
10-Indore,AC,N/A,N/A,3,1.5,1,TR,3500,5250,2018,5,NCAMC,HVAC,SPLIT AC,2,6/1/2022,5/31/2023,3-GF,3-GF,N/A,0
10-Indore,AC,N/A,N/A,4,1.5,1,TR,3500,5250,2018,5,NCAMC,HVAC,SPLIT AC,2,6/1/2022,5/31/2023,4-GF,4-GF,N/A,0
10-Indore,AC,N/A,N/A,5,1.5,1,TR,3500,5250,2018,5,NCAMC,HVAC,SPLIT AC,2,6/1/2022,5/31/2023,5-GF,5-GF,N/A,0
10-Indore,AC,N/A,N/A,6,1.5,1,TR,3500,5250,2018,5,NCAMC,HVAC,SPLIT AC,2,6/1/2022,5/31/2023,6-GF,6-GF,N/A,0
10-Indore,AC,N/A,N/A,7,1.5,1,TR,3500,5250,2018,5,NCAMC,HVAC,SPLIT AC,2,6/1/2022,5/31/2023,7-GF,7-GF,N/A,0
10-Indore,CCTV,N/A,N/A,8,1,1,Nos ,500,500,2018,5,NCAMC,ELV Automation ,Fire Panel ,2,6/1/2022,5/31/2023,8-GF,8-GF,N/A,0
10-Indore,CCTV,N/A,N/A,9,1,1,Nos ,500,500,2018,5,NCAMC,ELV Automation ,Fire Panel ,2,6/1/2022,5/31/2023,9-GF,9-GF,N/A,0
10-Indore,CCTV,N/A,N/A,10,1,1,Nos ,500,500,2018,5,NCAMC,ELV Automation ,Fire Panel ,2,6/1/2022,5/31/2023,10-GF,10-GF,N/A,0
10-Indore,CCTV,N/A,N/A,11,1,1,Nos ,500,500,2018,5,NCAMC,ELV Automation ,Fire Panel ,2,6/1/2022,5/31/2023,11-GF,11-GF,N/A,0
10-Indore,CCTV,N/A,N/A,12,1,1,Nos ,500,500,2018,5,NCAMC,ELV Automation ,Fire Panel ,2,6/1/2022,5/31/2023,12-GF,12-GF,N/A,0
10-Indore,CCTV,N/A,N/A,13,1,1,Nos ,500,500,2018,5,NCAMC,ELV Automation ,Fire Panel ,2,6/1/2022,5/31/2023,13-GF,13-GF,N/A,0
10-Indore,CCTV,N/A,N/A,14,1,1,Nos ,500,500,2018,5,NCAMC,ELV Automation ,Fire Panel ,2,6/1/2022,5/31/2023,14-GF,14-GF,N/A,0
10-Indore,DVR/NVR,N/A,N/A,15,1,1,Nos ,1500,1500,2018,5,NCAMC,ELV Automation ,Fire Panel ,2,6/1/2022,5/31/2023,15-GF,15-GF,N/A,0
10-Indore,RO,N/A,N/A,16,1,1,Nos ,5500,5500,2018,5,NCAMC,ELV Automation ,Fire Panel ,2,6/1/2022,5/31/2023,16-GF,16-GF,N/A,0
11-JAIPUR,UPS,N/A,N/A,1,1,1,Nos ,15000,15000,2018,5,NCAMC,ELV Automation ,Fire Panel ,2,6/1/2022,5/31/2023,1-GF,1-GF,N/A,0
11-JAIPUR,AC,N/A,N/A,2,1.5,1,TR,3500,5250,2018,5,NCAMC,HVAC,SPLIT AC,2,6/1/2022,5/31/2023,2-GF,2-GF,N/A,0
11-JAIPUR,AC,N/A,N/A,3,1.5,1,TR,3500,5250,2018,5,NCAMC,HVAC,SPLIT AC,2,6/1/2022,5/31/2023,3-GF,3-GF,N/A,0
11-JAIPUR,AC,N/A,N/A,4,1.5,1,TR,3500,5250,2018,5,NCAMC,HVAC,SPLIT AC,2,6/1/2022,5/31/2023,4-GF,4-GF,N/A,0
11-JAIPUR,AC,N/A,N/A,5,1.5,1,TR,3500,5250,2018,5,NCAMC,HVAC,SPLIT AC,2,6/1/2022,5/31/2023,5-GF,5-GF,N/A,0
11-JAIPUR,AC,N/A,N/A,6,1.5,1,TR,3500,5250,2018,5,NCAMC,HVAC,SPLIT AC,2,6/1/2022,5/31/2023,6-GF,6-GF,N/A,0
11-JAIPUR,AC,N/A,N/A,7,1.5,1,TR,3500,5250,2018,5,NCAMC,HVAC,SPLIT AC,2,6/1/2022,5/31/2023,7-GF,7-GF,N/A,0
11-JAIPUR,AC,N/A,N/A,8,1.5,1,TR,3500,5250,2018,5,NCAMC,HVAC,SPLIT AC,2,6/1/2022,5/31/2023,8-GF,8-GF,N/A,0
11-JAIPUR,AC,N/A,N/A,9,1.5,1,TR,3500,5250,2018,5,NCAMC,HVAC,SPLIT AC,2,6/1/2022,5/31/2023,9-GF,9-GF,N/A,0
11-JAIPUR,AC,N/A,N/A,10,1.5,1,TR,3500,5250,2018,5,NCAMC,HVAC,SPLIT AC,2,6/1/2022,5/31/2023,10-GF,10-GF,N/A,0
11-JAIPUR,AC,N/A,N/A,11,1.5,1,TR,3500,5250,2018,5,NCAMC,HVAC,SPLIT AC,2,6/1/2022,5/31/2023,11-GF,11-GF,N/A,0
11-JAIPUR,AC,N/A,N/A,12,1.5,1,TR,3500,5250,2018,5,NCAMC,HVAC,SPLIT AC,2,6/1/2022,5/31/2023,12-GF,12-GF,N/A,0
11-JAIPUR,AC,N/A,N/A,13,1.5,1,TR,3500,5250,2018,5,NCAMC,HVAC,SPLIT AC,2,6/1/2022,5/31/2023,13-GF,13-GF,N/A,0
11-JAIPUR,AC,N/A,N/A,14,1.5,1,TR,3500,5250,2018,5,NCAMC,HVAC,SPLIT AC,2,6/1/2022,5/31/2023,14-GF,14-GF,N/A,0
11-JAIPUR,AC,N/A,N/A,15,1.5,1,TR,3500,5250,2018,5,NCAMC,HVAC,SPLIT AC,2,6/1/2022,5/31/2023,15-GF,15-GF,N/A,0
11-JAIPUR,AC,N/A,N/A,16,1.5,1,TR,3500,5250,2018,5,NCAMC,HVAC,SPLIT AC,2,6/1/2022,5/31/2023,16-GF,16-GF,N/A,0
11-JAIPUR,AC,N/A,N/A,17,1.5,1,TR,3500,5250,2018,5,NCAMC,HVAC,SPLIT AC,2,6/1/2022,5/31/2023,17-GF,17-GF,N/A,0
11-JAIPUR,AC,N/A,N/A,18,1.5,1,TR,3500,5250,2018,5,NCAMC,HVAC,SPLIT AC,2,6/1/2022,5/31/2023,18-GF,18-GF,N/A,0
11-JAIPUR,AC,N/A,N/A,19,1.5,1,TR,3500,5250,2018,5,NCAMC,HVAC,SPLIT AC,2,6/1/2022,5/31/2023,19-GF,19-GF,N/A,0
11-JAIPUR,AC,N/A,N/A,20,1.5,1,TR,3500,5250,2018,5,NCAMC,HVAC,SPLIT AC,2,6/1/2022,5/31/2023,20-GF,20-GF,N/A,0
11-JAIPUR,AC,N/A,N/A,21,1.5,1,TR,3500,5250,2018,5,NCAMC,HVAC,SPLIT AC,2,6/1/2022,5/31/2023,21-GF,21-GF,N/A,0
11-JAIPUR,AC,N/A,N/A,22,1.5,1,TR,3500,5250,2018,5,NCAMC,HVAC,SPLIT AC,2,6/1/2022,5/31/2023,22-GF,22-GF,N/A,0
11-JAIPUR,AC,N/A,N/A,23,1.5,1,TR,3500,5250,2018,5,NCAMC,HVAC,SPLIT AC,2,6/1/2022,5/31/2023,23-GF,23-GF,N/A,0
11-JAIPUR,AC,N/A,N/A,24,1.5,1,TR,3500,5250,2018,5,NCAMC,HVAC,SPLIT AC,2,6/1/2022,5/31/2023,24-GF,24-GF,N/A,0
11-JAIPUR,AC,N/A,N/A,25,1.5,1,TR,3500,5250,2018,5,NCAMC,HVAC,SPLIT AC,2,6/1/2022,5/31/2023,25-GF,25-GF,N/A,0
11-JAIPUR,AC,N/A,N/A,26,1.5,1,TR,3500,5250,2018,5,NCAMC,HVAC,SPLIT AC,2,6/1/2022,5/31/2023,26-GF,26-GF,N/A,0
11-JAIPUR,CCTV,N/A,N/A,27,1,1,Nos ,500,500,2018,5,NCAMC,ELV Automation ,Fire Panel ,2,6/1/2022,5/31/2023,27-GF,27-GF,N/A,0
11-JAIPUR,CCTV,N/A,N/A,28,1,1,Nos ,500,500,2018,5,NCAMC,ELV Automation ,Fire Panel ,2,6/1/2022,5/31/2023,28-GF,28-GF,N/A,0
11-JAIPUR,CCTV,N/A,N/A,29,1,1,Nos ,500,500,2018,5,NCAMC,ELV Automation ,Fire Panel ,2,6/1/2022,5/31/2023,29-GF,29-GF,N/A,0
11-JAIPUR,CCTV,N/A,N/A,30,1,1,Nos ,500,500,2018,5,NCAMC,ELV Automation ,Fire Panel ,2,6/1/2022,5/31/2023,30-GF,30-GF,N/A,0
11-JAIPUR,DVR/NVR,N/A,N/A,31,1,1,Nos ,1500,1500,2018,5,NCAMC,ELV Automation ,Fire Panel ,2,6/1/2022,5/31/2023,31-GF,31-GF,N/A,0
11-JAIPUR,RO,N/A,N/A,32,1,1,Nos ,5500,5500,2018,5,NCAMC,ELV Automation ,Fire Panel ,2,6/1/2022,5/31/2023,32-GF,32-GF,N/A,0
12-KANPUR,Inverter,N/A,N/A,1,1,1,Nos ,15000,15000,2018,5,NCAMC,ELV Automation ,Fire Panel ,2,6/1/2022,5/31/2023,1-GF,1-GF,N/A,0
12-KANPUR,AC,N/A,N/A,2,1.5,1,TR,3500,5250,2018,5,NCAMC,HVAC,SPLIT AC,2,6/1/2022,5/31/2023,2-GF,2-GF,N/A,0
12-KANPUR,AC,N/A,N/A,3,1.5,1,TR,3500,5250,2018,5,NCAMC,HVAC,SPLIT AC,2,6/1/2022,5/31/2023,3-GF,3-GF,N/A,0
12-KANPUR,AC,N/A,N/A,4,1.5,1,TR,3500,5250,2018,5,NCAMC,HVAC,SPLIT AC,2,6/1/2022,5/31/2023,4-GF,4-GF,N/A,0
12-KANPUR,CCTV,N/A,N/A,5,1,1,Nos ,500,500,2018,5,NCAMC,ELV Automation ,Fire Panel ,2,6/1/2022,5/31/2023,5-GF,5-GF,N/A,0
12-KANPUR,CCTV,N/A,N/A,6,1,1,Nos ,500,500,2018,5,NCAMC,ELV Automation ,Fire Panel ,2,6/1/2022,5/31/2023,6-GF,6-GF,N/A,0
12-KANPUR,CCTV,N/A,N/A,7,1,1,Nos ,500,500,2018,5,NCAMC,ELV Automation ,Fire Panel ,2,6/1/2022,5/31/2023,7-GF,7-GF,N/A,0
12-KANPUR,CCTV,N/A,N/A,8,1,1,Nos ,500,500,2018,5,NCAMC,ELV Automation ,Fire Panel ,2,6/1/2022,5/31/2023,8-GF,8-GF,N/A,0
12-KANPUR,DVR/NVR,N/A,N/A,9,1,1,Nos ,1500,1500,2018,5,NCAMC,ELV Automation ,Fire Panel ,2,6/1/2022,5/31/2023,9-GF,9-GF,N/A,0
12-KANPUR,RO,N/A,N/A,10,1,1,Nos ,5500,5500,2018,5,NCAMC,ELV Automation ,Fire Panel ,2,6/1/2022,5/31/2023,10-GF,10-GF,N/A,0
13-Lucknow ,AC,N/A,N/A,1,1.5,1,TR,3500,5250,2018,5,NCAMC,HVAC,SPLIT AC,2,6/1/2022,5/31/2023,1-GF,1-GF,N/A,0
13-Lucknow ,AC,N/A,N/A,2,1.5,1,TR,3500,5250,2018,5,NCAMC,HVAC,SPLIT AC,2,6/1/2022,5/31/2023,2-GF,2-GF,N/A,0
13-Lucknow ,AC,N/A,N/A,3,1.5,1,TR,3500,5250,2018,5,NCAMC,HVAC,SPLIT AC,2,6/1/2022,5/31/2023,3-GF,3-GF,N/A,0
13-Lucknow ,AC,N/A,N/A,4,1.5,1,TR,3500,5250,2018,5,NCAMC,HVAC,SPLIT AC,2,6/1/2022,5/31/2023,4-GF,4-GF,N/A,0
13-Lucknow ,AC,N/A,N/A,5,1.5,1,TR,3500,5250,2018,5,NCAMC,HVAC,SPLIT AC,2,6/1/2022,5/31/2023,5-GF,5-GF,N/A,0
13-Lucknow ,AC,N/A,N/A,6,1.5,1,TR,3500,5250,2018,5,NCAMC,HVAC,SPLIT AC,2,6/1/2022,5/31/2023,6-GF,6-GF,N/A,0
13-Lucknow ,AC,N/A,N/A,7,1.5,1,TR,3500,5250,2018,5,NCAMC,HVAC,SPLIT AC,2,6/1/2022,5/31/2023,7-GF,7-GF,N/A,0
13-Lucknow ,AC,N/A,N/A,8,1.5,1,TR,3500,5250,2018,5,NCAMC,HVAC,SPLIT AC,2,6/1/2022,5/31/2023,8-GF,8-GF,N/A,0
13-Lucknow ,AC,N/A,N/A,9,1.5,1,TR,3500,5250,2018,5,NCAMC,HVAC,SPLIT AC,2,6/1/2022,5/31/2023,9-GF,9-GF,N/A,0
13-Lucknow ,AC,N/A,N/A,10,1.5,1,TR,3500,5250,2018,5,NCAMC,HVAC,SPLIT AC,2,6/1/2022,5/31/2023,10-GF,10-GF,N/A,0
13-Lucknow ,AC,N/A,N/A,11,1.5,1,TR,3500,5250,2018,5,NCAMC,HVAC,SPLIT AC,2,6/1/2022,5/31/2023,11-GF,11-GF,N/A,0
13-Lucknow ,CCTV,N/A,N/A,12,1,1,Nos ,500,500,2018,5,NCAMC,ELV Automation ,Fire Panel ,2,6/1/2022,5/31/2023,12-GF,12-GF,N/A,0
13-Lucknow ,CCTV,N/A,N/A,13,1,1,Nos ,500,500,2018,5,NCAMC,ELV Automation ,Fire Panel ,2,6/1/2022,5/31/2023,13-GF,13-GF,N/A,0
13-Lucknow ,CCTV,N/A,N/A,14,1,1,Nos ,500,500,2018,5,NCAMC,ELV Automation ,Fire Panel ,2,6/1/2022,5/31/2023,14-GF,14-GF,N/A,0
13-Lucknow ,CCTV,N/A,N/A,15,1,1,Nos ,500,500,2018,5,NCAMC,ELV Automation ,Fire Panel ,2,6/1/2022,5/31/2023,15-GF,15-GF,N/A,0
13-Lucknow ,CCTV,N/A,N/A,16,1,1,Nos ,500,500,2018,5,NCAMC,ELV Automation ,Fire Panel ,2,6/1/2022,5/31/2023,16-GF,16-GF,N/A,0
13-Lucknow ,CCTV,N/A,N/A,17,1,1,Nos ,500,500,2018,5,NCAMC,ELV Automation ,Fire Panel ,2,6/1/2022,5/31/2023,17-GF,17-GF,N/A,0
13-Lucknow ,CCTV,N/A,N/A,18,1,1,Nos ,500,500,2018,5,NCAMC,ELV Automation ,Fire Panel ,2,6/1/2022,5/31/2023,18-GF,18-GF,N/A,0
13-Lucknow ,DVR/NVR,N/A,N/A,19,1,1,Nos ,1500,1500,2018,5,NCAMC,ELV Automation ,Fire Panel ,2,6/1/2022,5/31/2023,19-GF,19-GF,N/A,0
13-Lucknow ,RO,N/A,N/A,20,1,1,Nos ,5500,5500,2018,5,NCAMC,ELV Automation ,Fire Panel ,2,6/1/2022,5/31/2023,20-GF,20-GF,N/A,0
14-Bangalore Painting ,CCTV,N/A,N/A,1,1,1,Nos ,500,500,2018,5,NCAMC,ELV Automation ,Fire Panel ,2,6/1/2022,5/31/2023,1-GF,1-GF,N/A,0
14-Bangalore Painting ,CCTV,N/A,N/A,2,1,1,Nos ,500,500,2018,5,NCAMC,ELV Automation ,Fire Panel ,2,6/1/2022,5/31/2023,2-GF,2-GF,N/A,0
14-Bangalore Painting ,CCTV,N/A,N/A,3,1,1,Nos ,500,500,2018,5,NCAMC,ELV Automation ,Fire Panel ,2,6/1/2022,5/31/2023,3-GF,3-GF,N/A,0
14-Bangalore Painting ,CCTV,N/A,N/A,4,1,1,Nos ,500,500,2018,5,NCAMC,ELV Automation ,Fire Panel ,2,6/1/2022,5/31/2023,4-GF,4-GF,N/A,0
14-Bangalore Painting ,CCTV,N/A,N/A,5,1,1,Nos ,500,500,2018,5,NCAMC,ELV Automation ,Fire Panel ,2,6/1/2022,5/31/2023,5-GF,5-GF,N/A,0
14-Bangalore Painting ,CCTV,N/A,N/A,6,1,1,Nos ,500,500,2018,5,NCAMC,ELV Automation ,Fire Panel ,2,6/1/2022,5/31/2023,6-GF,6-GF,N/A,0
14-Bangalore Painting ,CCTV,N/A,N/A,7,1,1,Nos ,500,500,2018,5,NCAMC,ELV Automation ,Fire Panel ,2,6/1/2022,5/31/2023,7-GF,7-GF,N/A,0
14-Bangalore Painting ,CCTV,N/A,N/A,8,1,1,Nos ,500,500,2018,5,NCAMC,ELV Automation ,Fire Panel ,2,6/1/2022,5/31/2023,8-GF,8-GF,N/A,0
14-Bangalore Painting ,DVR/NVR,N/A,N/A,9,1,1,Nos ,1500,1500,2018,5,NCAMC,ELV Automation ,Fire Panel ,2,6/1/2022,5/31/2023,9-GF,9-GF,N/A,0
15-Bangalore AC & CL,UPS,N/A,N/A,1,1,1,Nos ,15000,15000,2018,5,NCAMC,ELV Automation ,Fire Panel ,2,6/1/2022,5/31/2023,1-GF,1-GF,N/A,0
15-Bangalore AC & CL,CCTV,N/A,N/A,2,1,1,Nos ,500,500,2018,5,NCAMC,ELV Automation ,Fire Panel ,2,6/1/2022,5/31/2023,2-GF,2-GF,N/A,0
15-Bangalore AC & CL,CCTV,N/A,N/A,3,1,1,Nos ,500,500,2018,5,NCAMC,ELV Automation ,Fire Panel ,2,6/1/2022,5/31/2023,3-GF,3-GF,N/A,0
15-Bangalore AC & CL,CCTV,N/A,N/A,4,1,1,Nos ,500,500,2018,5,NCAMC,ELV Automation ,Fire Panel ,2,6/1/2022,5/31/2023,4-GF,4-GF,N/A,0
15-Bangalore AC & CL,CCTV,N/A,N/A,5,1,1,Nos ,500,500,2018,5,NCAMC,ELV Automation ,Fire Panel ,2,6/1/2022,5/31/2023,5-GF,5-GF,N/A,0
15-Bangalore AC & CL,CCTV,N/A,N/A,6,1,1,Nos ,500,500,2018,5,NCAMC,ELV Automation ,Fire Panel ,2,6/1/2022,5/31/2023,6-GF,6-GF,N/A,0
15-Bangalore AC & CL,CCTV,N/A,N/A,7,1,1,Nos ,500,500,2018,5,NCAMC,ELV Automation ,Fire Panel ,2,6/1/2022,5/31/2023,7-GF,7-GF,N/A,0
15-Bangalore AC & CL,CCTV,N/A,N/A,8,1,1,Nos ,500,500,2018,5,NCAMC,ELV Automation ,Fire Panel ,2,6/1/2022,5/31/2023,8-GF,8-GF,N/A,0
15-Bangalore AC & CL,CCTV,N/A,N/A,9,1,1,Nos ,500,500,2018,5,NCAMC,ELV Automation ,Fire Panel ,2,6/1/2022,5/31/2023,9-GF,9-GF,N/A,0
15-Bangalore AC & CL,CCTV,N/A,N/A,10,1,1,Nos ,500,500,2018,5,NCAMC,ELV Automation ,Fire Panel ,2,6/1/2022,5/31/2023,10-GF,10-GF,N/A,0
15-Bangalore AC & CL,CCTV,N/A,N/A,11,1,1,Nos ,500,500,2018,5,NCAMC,ELV Automation ,Fire Panel ,2,6/1/2022,5/31/2023,11-GF,11-GF,N/A,0
15-Bangalore AC & CL,CCTV,N/A,N/A,12,1,1,Nos ,500,500,2018,5,NCAMC,ELV Automation ,Fire Panel ,2,6/1/2022,5/31/2023,12-GF,12-GF,N/A,0
15-Bangalore AC & CL,CCTV,N/A,N/A,13,1,1,Nos ,500,500,2018,5,NCAMC,ELV Automation ,Fire Panel ,2,6/1/2022,5/31/2023,13-GF,13-GF,N/A,0
15-Bangalore AC & CL,DVR/NVR,N/A,N/A,14,1,1,Nos ,1500,1500,2018,5,NCAMC,ELV Automation ,Fire Panel ,2,6/1/2022,5/31/2023,14-GF,14-GF,N/A,0
16-Hyderabad Painting ,CCTV,N/A,N/A,1,1,1,Nos ,500,500,2018,5,NCAMC,ELV Automation ,Fire Panel ,2,6/1/2022,5/31/2023,1-GF,1-GF,N/A,0
16-Hyderabad Painting ,CCTV,N/A,N/A,2,1,1,Nos ,500,500,2018,5,NCAMC,ELV Automation ,Fire Panel ,2,6/1/2022,5/31/2023,2-GF,2-GF,N/A,0
16-Hyderabad Painting ,CCTV,N/A,N/A,3,1,1,Nos ,500,500,2018,5,NCAMC,ELV Automation ,Fire Panel ,2,6/1/2022,5/31/2023,3-GF,3-GF,N/A,0
16-Hyderabad Painting ,CCTV,N/A,N/A,4,1,1,Nos ,500,500,2018,5,NCAMC,ELV Automation ,Fire Panel ,2,6/1/2022,5/31/2023,4-GF,4-GF,N/A,0
16-Hyderabad Painting ,CCTV,N/A,N/A,5,1,1,Nos ,500,500,2018,5,NCAMC,ELV Automation ,Fire Panel ,2,6/1/2022,5/31/2023,5-GF,5-GF,N/A,0
16-Hyderabad Painting ,CCTV,N/A,N/A,6,1,1,Nos ,500,500,2018,5,NCAMC,ELV Automation ,Fire Panel ,2,6/1/2022,5/31/2023,6-GF,6-GF,N/A,0
16-Hyderabad Painting ,CCTV,N/A,N/A,7,1,1,Nos ,500,500,2018,5,NCAMC,ELV Automation ,Fire Panel ,2,6/1/2022,5/31/2023,7-GF,7-GF,N/A,0
16-Hyderabad Painting ,CCTV,N/A,N/A,8,1,1,Nos ,500,500,2018,5,NCAMC,ELV Automation ,Fire Panel ,2,6/1/2022,5/31/2023,8-GF,8-GF,N/A,0
16-Hyderabad Painting ,CCTV,N/A,N/A,9,1,1,Nos ,500,500,2018,5,NCAMC,ELV Automation ,Fire Panel ,2,6/1/2022,5/31/2023,9-GF,9-GF,N/A,0
16-Hyderabad Painting ,CCTV,N/A,N/A,10,1,1,Nos ,500,500,2018,5,NCAMC,ELV Automation ,Fire Panel ,2,6/1/2022,5/31/2023,10-GF,10-GF,N/A,0
16-Hyderabad Painting ,CCTV,N/A,N/A,11,1,1,Nos ,500,500,2018,5,NCAMC,ELV Automation ,Fire Panel ,2,6/1/2022,5/31/2023,11-GF,11-GF,N/A,0
16-Hyderabad Painting ,CCTV,N/A,N/A,12,1,1,Nos ,500,500,2018,5,NCAMC,ELV Automation ,Fire Panel ,2,6/1/2022,5/31/2023,12-GF,12-GF,N/A,0
16-Hyderabad Painting ,CCTV,N/A,N/A,13,1,1,Nos ,500,500,2018,5,NCAMC,ELV Automation ,Fire Panel ,2,6/1/2022,5/31/2023,13-GF,13-GF,N/A,0
16-Hyderabad Painting ,DVR/NVR,N/A,N/A,14,1,1,Nos ,1500,1500,2018,5,NCAMC,ELV Automation ,Fire Panel ,2,6/1/2022,5/31/2023,14-GF,14-GF,N/A,0
17-Kurla Training Center ,AC,N/A,N/A,1,1.5,1,TR,3500,5250,2018,5,NCAMC,HVAC,SPLIT AC,2,6/1/2022,5/31/2023,1-GF,1-GF,N/A,0
17-Kurla Training Center ,AC,N/A,N/A,2,1.5,1,TR,3500,5250,2018,5,NCAMC,HVAC,SPLIT AC,2,6/1/2022,5/31/2023,2-GF,2-GF,N/A,0
17-Kurla Training Center ,AC,N/A,N/A,3,1.5,1,TR,3500,5250,2018,5,NCAMC,HVAC,SPLIT AC,2,6/1/2022,5/31/2023,3-GF,3-GF,N/A,0
17-Kurla Training Center ,AC,N/A,N/A,4,1.5,1,TR,3500,5250,2018,5,NCAMC,HVAC,SPLIT AC,2,6/1/2022,5/31/2023,4-GF,4-GF,N/A,0
17-Kurla Training Center ,AC,N/A,N/A,5,1.5,1,TR,3500,5250,2018,5,NCAMC,HVAC,SPLIT AC,2,6/1/2022,5/31/2023,5-GF,5-GF,N/A,0
17-Kurla Training Center ,AC,N/A,N/A,6,1.5,1,TR,3500,5250,2018,5,NCAMC,HVAC,SPLIT AC,2,6/1/2022,5/31/2023,6-GF,6-GF,N/A,0
17-Kurla Training Center ,CCTV,N/A,N/A,7,1,1,Nos ,500,500,2018,5,NCAMC,ELV Automation ,Fire Panel ,2,6/1/2022,5/31/2023,7-GF,7-GF,N/A,0
17-Kurla Training Center ,CCTV,N/A,N/A,8,1,1,Nos ,500,500,2018,5,NCAMC,ELV Automation ,Fire Panel ,2,6/1/2022,5/31/2023,8-GF,8-GF,N/A,0
17-Kurla Training Center ,CCTV,N/A,N/A,9,1,1,Nos ,500,500,2018,5,NCAMC,ELV Automation ,Fire Panel ,2,6/1/2022,5/31/2023,9-GF,9-GF,N/A,0
17-Kurla Training Center ,CCTV,N/A,N/A,10,1,1,Nos ,500,500,2018,5,NCAMC,ELV Automation ,Fire Panel ,2,6/1/2022,5/31/2023,10-GF,10-GF,N/A,0
17-Kurla Training Center ,CCTV,N/A,N/A,11,1,1,Nos ,500,500,2018,5,NCAMC,ELV Automation ,Fire Panel ,2,6/1/2022,5/31/2023,11-GF,11-GF,N/A,0
17-Kurla Training Center ,DVR/NVR,N/A,N/A,12,1,1,Nos ,1500,1500,2018,5,NCAMC,ELV Automation ,Fire Panel ,2,6/1/2022,5/31/2023,12-GF,12-GF,N/A,0
18- Noida ,CCTV,N/A,N/A,1,1,1,Nos ,500,500,2018,5,NCAMC,ELV Automation ,Fire Panel ,2,6/1/2022,5/31/2023,1-GF,1-GF,N/A,0
18- Noida ,CCTV,N/A,N/A,2,1,1,Nos ,500,500,2018,5,NCAMC,ELV Automation ,Fire Panel ,2,6/1/2022,5/31/2023,2-GF,2-GF,N/A,0
18- Noida ,CCTV,N/A,N/A,3,1,1,Nos ,500,500,2018,5,NCAMC,ELV Automation ,Fire Panel ,2,6/1/2022,5/31/2023,3-GF,3-GF,N/A,0
18- Noida ,CCTV,N/A,N/A,4,1,1,Nos ,500,500,2018,5,NCAMC,ELV Automation ,Fire Panel ,2,6/1/2022,5/31/2023,4-GF,4-GF,N/A,0
18- Noida ,CCTV,N/A,N/A,5,1,1,Nos ,500,500,2018,5,NCAMC,ELV Automation ,Fire Panel ,2,6/1/2022,5/31/2023,5-GF,5-GF,N/A,0
18- Noida ,CCTV,N/A,N/A,6,1,1,Nos ,500,500,2018,5,NCAMC,ELV Automation ,Fire Panel ,2,6/1/2022,5/31/2023,6-GF,6-GF,N/A,0
18- Noida ,CCTV,N/A,N/A,7,1,1,Nos ,500,500,2018,5,NCAMC,ELV Automation ,Fire Panel ,2,6/1/2022,5/31/2023,7-GF,7-GF,N/A,0
18- Noida ,CCTV,N/A,N/A,8,1,1,Nos ,500,500,2018,5,NCAMC,ELV Automation ,Fire Panel ,2,6/1/2022,5/31/2023,8-GF,8-GF,N/A,0
18- Noida ,CCTV,N/A,N/A,9,1,1,Nos ,500,500,2018,5,NCAMC,ELV Automation ,Fire Panel ,2,6/1/2022,5/31/2023,9-GF,9-GF,N/A,0
18- Noida ,CCTV,N/A,N/A,10,1,1,Nos ,500,500,2018,5,NCAMC,ELV Automation ,Fire Panel ,2,6/1/2022,5/31/2023,10-GF,10-GF,N/A,0
18- Noida ,CCTV,N/A,N/A,11,1,1,Nos ,500,500,2018,5,NCAMC,ELV Automation ,Fire Panel ,2,6/1/2022,5/31/2023,11-GF,11-GF,N/A,0
18- Noida ,CCTV,N/A,N/A,12,1,1,Nos ,500,500,2018,5,NCAMC,ELV Automation ,Fire Panel ,2,6/1/2022,5/31/2023,12-GF,12-GF,N/A,0
18- Noida ,CCTV,N/A,N/A,13,1,1,Nos ,500,500,2018,5,NCAMC,ELV Automation ,Fire Panel ,2,6/1/2022,5/31/2023,13-GF,13-GF,N/A,0
18- Noida ,CCTV,N/A,N/A,14,1,1,Nos ,500,500,2018,5,NCAMC,ELV Automation ,Fire Panel ,2,6/1/2022,5/31/2023,14-GF,14-GF,N/A,0
18- Noida ,CCTV,N/A,N/A,15,1,1,Nos ,500,500,2018,5,NCAMC,ELV Automation ,Fire Panel ,2,6/1/2022,5/31/2023,15-GF,15-GF,N/A,0
18-Noida ,CCTV,N/A,N/A,1,1,1,Nos ,500,500,2018,5,NCAMC,ELV Automation ,Fire Panel ,2,6/1/2022,5/31/2023,1-GF,1-GF,N/A,0
18-Noida ,DVR/NVR,N/A,N/A,2,1,1,Nos ,1500,1500,2018,5,NCAMC,ELV Automation ,Fire Panel ,2,6/1/2022,5/31/2023,2-GF,2-GF,N/A,0
18-Noida ,DVR/NVR,N/A,N/A,3,1,1,Nos ,1500,1500,2018,5,NCAMC,ELV Automation ,Fire Panel ,2,6/1/2022,5/31/2023,3-GF,3-GF,N/A,0
19-Chennai ,AC,N/A,N/A,1,9.5,1,TR,3500,33250,2018,5,NCAMC,HVAC,SPLIT AC,2,6/1/2022,5/31/2023,1-GF,1-GF,N/A,0
19-Chennai ,AC,N/A,N/A,2,9.5,1,TR,3500,33250,2018,5,NCAMC,HVAC,SPLIT AC,2,6/1/2022,5/31/2023,2-GF,2-GF,N/A,0
19-Chennai ,AC,N/A,N/A,3,9.5,1,TR,3500,33250,2018,5,NCAMC,HVAC,SPLIT AC,2,6/1/2022,5/31/2023,3-GF,3-GF,N/A,0
19-Chennai ,AC,N/A,N/A,4,9.5,1,TR,3500,33250,2018,5,NCAMC,HVAC,SPLIT AC,2,6/1/2022,5/31/2023,4-GF,4-GF,N/A,0
19-Chennai ,AC,N/A,N/A,5,9.5,1,TR,3500,33250,2018,5,NCAMC,HVAC,SPLIT AC,2,6/1/2022,5/31/2023,5-GF,5-GF,N/A,0
19-Chennai ,AC,N/A,N/A,6,9.5,1,TR,3500,33250,2018,5,NCAMC,HVAC,SPLIT AC,2,6/1/2022,5/31/2023,6-GF,6-GF,N/A,0
19-Chennai ,AC,N/A,N/A,7,9.5,1,TR,3500,33250,2018,5,NCAMC,HVAC,SPLIT AC,2,6/1/2022,5/31/2023,7-GF,7-GF,N/A,0
19-Chennai ,AC,N/A,N/A,8,9.5,1,TR,3500,33250,2018,5,NCAMC,HVAC,SPLIT AC,2,6/1/2022,5/31/2023,8-GF,8-GF,N/A,0
19-Chennai ,AC,N/A,N/A,9,9.5,1,TR,3500,33250,2018,5,NCAMC,HVAC,SPLIT AC,2,6/1/2022,5/31/2023,9-GF,9-GF,N/A,0
19-Chennai ,AC,N/A,N/A,10,9.5,1,TR,3500,33250,2018,5,NCAMC,HVAC,SPLIT AC,2,6/1/2022,5/31/2023,10-GF,10-GF,N/A,0
19-Chennai ,DG,N/A,N/A,11,1,200,KV,175,175,2018,5,NCAMC,ELV Automation ,Fire Panel ,2,6/1/2022,5/31/2023,11-GF,11-GF,N/A,0
19-Chennai ,CCTV,N/A,N/A,12,1,1,Nos ,500,500,2018,5,NCAMC,ELV Automation ,Fire Panel ,2,6/1/2022,5/31/2023,12-GF,12-GF,N/A,0
19-Chennai ,CCTV,N/A,N/A,13,1,1,Nos ,500,500,2018,5,NCAMC,ELV Automation ,Fire Panel ,2,6/1/2022,5/31/2023,13-GF,13-GF,N/A,0
19-Chennai ,CCTV,N/A,N/A,14,1,1,Nos ,500,500,2018,5,NCAMC,ELV Automation ,Fire Panel ,2,6/1/2022,5/31/2023,14-GF,14-GF,N/A,0
19-Chennai ,CCTV,N/A,N/A,15,1,1,Nos ,500,500,2018,5,NCAMC,ELV Automation ,Fire Panel ,2,6/1/2022,5/31/2023,15-GF,15-GF,N/A,0
19-Chennai ,CCTV,N/A,N/A,16,1,1,Nos ,500,500,2018,5,NCAMC,ELV Automation ,Fire Panel ,2,6/1/2022,5/31/2023,16-GF,16-GF,N/A,0
19-Chennai ,CCTV,N/A,N/A,17,1,1,Nos ,500,500,2018,5,NCAMC,ELV Automation ,Fire Panel ,2,6/1/2022,5/31/2023,17-GF,17-GF,N/A,0
19-Chennai ,CCTV,N/A,N/A,18,1,1,Nos ,500,500,2018,5,NCAMC,ELV Automation ,Fire Panel ,2,6/1/2022,5/31/2023,18-GF,18-GF,N/A,0
19-Chennai ,CCTV,N/A,N/A,19,1,1,Nos ,500,500,2018,5,NCAMC,ELV Automation ,Fire Panel ,2,6/1/2022,5/31/2023,19-GF,19-GF,N/A,0
19-Chennai ,CCTV,N/A,N/A,20,1,1,Nos ,500,500,2018,5,NCAMC,ELV Automation ,Fire Panel ,2,6/1/2022,5/31/2023,20-GF,20-GF,N/A,0
19-Chennai ,CCTV,N/A,N/A,21,1,1,Nos ,500,500,2018,5,NCAMC,ELV Automation ,Fire Panel ,2,6/1/2022,5/31/2023,21-GF,21-GF,N/A,0
19-Chennai ,CCTV,N/A,N/A,22,1,1,Nos ,500,500,2018,5,NCAMC,ELV Automation ,Fire Panel ,2,6/1/2022,5/31/2023,22-GF,22-GF,N/A,0
19-Chennai ,CCTV,N/A,N/A,23,1,1,Nos ,500,500,2018,5,NCAMC,ELV Automation ,Fire Panel ,2,6/1/2022,5/31/2023,23-GF,23-GF,N/A,0
19-Chennai ,CCTV,N/A,N/A,24,1,1,Nos ,500,500,2018,5,NCAMC,ELV Automation ,Fire Panel ,2,6/1/2022,5/31/2023,24-GF,24-GF,N/A,0
19-Chennai ,CCTV,N/A,N/A,25,1,1,Nos ,500,500,2018,5,NCAMC,ELV Automation ,Fire Panel ,2,6/1/2022,5/31/2023,25-GF,25-GF,N/A,0
19-Chennai ,CCTV,N/A,N/A,26,1,1,Nos ,500,500,2018,5,NCAMC,ELV Automation ,Fire Panel ,2,6/1/2022,5/31/2023,26-GF,26-GF,N/A,0
19-Chennai ,CCTV,N/A,N/A,27,1,1,Nos ,500,500,2018,5,NCAMC,ELV Automation ,Fire Panel ,2,6/1/2022,5/31/2023,27-GF,27-GF,N/A,0
19-Chennai ,CCTV,N/A,N/A,28,1,1,Nos ,500,500,2018,5,NCAMC,ELV Automation ,Fire Panel ,2,6/1/2022,5/31/2023,28-GF,28-GF,N/A,0
19-Chennai ,CCTV,N/A,N/A,29,1,1,Nos ,500,500,2018,5,NCAMC,ELV Automation ,Fire Panel ,2,6/1/2022,5/31/2023,29-GF,29-GF,N/A,0
19-Chennai ,CCTV,N/A,N/A,30,1,1,Nos ,500,500,2018,5,NCAMC,ELV Automation ,Fire Panel ,2,6/1/2022,5/31/2023,30-GF,30-GF,N/A,0
19-Chennai ,CCTV,N/A,N/A,31,1,1,Nos ,500,500,2018,5,NCAMC,ELV Automation ,Fire Panel ,2,6/1/2022,5/31/2023,31-GF,31-GF,N/A,0
19-Chennai ,CCTV,N/A,N/A,32,1,1,Nos ,500,500,2018,5,NCAMC,ELV Automation ,Fire Panel ,2,6/1/2022,5/31/2023,32-GF,32-GF,N/A,0
19-Chennai ,CCTV,N/A,N/A,33,1,1,Nos ,500,500,2018,5,NCAMC,ELV Automation ,Fire Panel ,2,6/1/2022,5/31/2023,33-GF,33-GF,N/A,0
19-Chennai ,CCTV,N/A,N/A,34,1,1,Nos ,500,500,2018,5,NCAMC,ELV Automation ,Fire Panel ,2,6/1/2022,5/31/2023,34-GF,34-GF,N/A,0
19-Chennai ,CCTV,N/A,N/A,35,1,1,Nos ,500,500,2018,5,NCAMC,ELV Automation ,Fire Panel ,2,6/1/2022,5/31/2023,35-GF,35-GF,N/A,0
19-Chennai ,CCTV,N/A,N/A,36,1,1,Nos ,500,500,2018,5,NCAMC,ELV Automation ,Fire Panel ,2,6/1/2022,5/31/2023,36-GF,36-GF,N/A,0
19-Chennai ,CCTV,N/A,N/A,37,1,1,Nos ,500,500,2018,5,NCAMC,ELV Automation ,Fire Panel ,2,6/1/2022,5/31/2023,37-GF,37-GF,N/A,0
19-Chennai ,CCTV,N/A,N/A,38,1,1,Nos ,500,500,2018,5,NCAMC,ELV Automation ,Fire Panel ,2,6/1/2022,5/31/2023,38-GF,38-GF,N/A,0
19-Chennai ,CCTV,N/A,N/A,39,1,1,Nos ,500,500,2018,5,NCAMC,ELV Automation ,Fire Panel ,2,6/1/2022,5/31/2023,39-GF,39-GF,N/A,0
19-Chennai ,CCTV,N/A,N/A,40,1,1,Nos ,500,500,2018,5,NCAMC,ELV Automation ,Fire Panel ,2,6/1/2022,5/31/2023,40-GF,40-GF,N/A,0
19-Chennai ,CCTV,N/A,N/A,41,1,1,Nos ,500,500,2018,5,NCAMC,ELV Automation ,Fire Panel ,2,6/1/2022,5/31/2023,41-GF,41-GF,N/A,0
19-Chennai ,DVR/NVR,N/A,N/A,42,1,1,Nos ,1500,1500,2018,5,NCAMC,ELV Automation ,Fire Panel ,2,6/1/2022,5/31/2023,42-GF,42-GF,N/A,0
19-Chennai ,DVR/NVR,N/A,N/A,43,1,1,Nos ,1500,1500,2018,5,NCAMC,ELV Automation ,Fire Panel ,2,6/1/2022,5/31/2023,43-GF,43-GF,N/A,0
19-Chennai ,DVR/NVR,N/A,N/A,44,1,1,Nos ,1500,1500,2018,5,NCAMC,ELV Automation ,Fire Panel ,2,6/1/2022,5/31/2023,44-GF,44-GF,N/A,0
20-HYDERABAD MAIN OFFICE ,UPS,N/A,N/A,1,1,1,Nos ,15000,15000,2018,5,NCAMC,ELV Automation ,Fire Panel ,2,6/1/2022,5/31/2023,1-GF,1-GF,N/A,0
20-HYDERABAD MAIN OFFICE ,AC,N/A,N/A,2,10,1,TR,3500,35000,2018,5,NCAMC,HVAC,SPLIT AC,2,6/1/2022,5/31/2023,2-GF,2-GF,N/A,0
20-HYDERABAD MAIN OFFICE ,AC,N/A,N/A,3,10,1,TR,3500,35000,2018,5,NCAMC,HVAC,SPLIT AC,2,6/1/2022,5/31/2023,3-GF,3-GF,N/A,0
20-HYDERABAD MAIN OFFICE ,AC,N/A,N/A,4,10,1,TR,3500,35000,2018,5,NCAMC,HVAC,SPLIT AC,2,6/1/2022,5/31/2023,4-GF,4-GF,N/A,0
20-HYDERABAD MAIN OFFICE ,AC,N/A,N/A,5,10,1,TR,3500,35000,2018,5,NCAMC,HVAC,SPLIT AC,2,6/1/2022,5/31/2023,5-GF,5-GF,N/A,0
20-HYDERABAD MAIN OFFICE ,AC,N/A,N/A,6,10,1,TR,3500,35000,2018,5,NCAMC,HVAC,SPLIT AC,2,6/1/2022,5/31/2023,6-GF,6-GF,N/A,0
20-HYDERABAD MAIN OFFICE ,AC,N/A,N/A,7,10,1,TR,3500,35000,2018,5,NCAMC,HVAC,SPLIT AC,2,6/1/2022,5/31/2023,7-GF,7-GF,N/A,0
20-HYDERABAD MAIN OFFICE ,AC,N/A,N/A,8,10,1,TR,3500,35000,2018,5,NCAMC,HVAC,SPLIT AC,2,6/1/2022,5/31/2023,8-GF,8-GF,N/A,0
20-HYDERABAD MAIN OFFICE ,AC,N/A,N/A,9,10,1,TR,3500,35000,2018,5,NCAMC,HVAC,SPLIT AC,2,6/1/2022,5/31/2023,9-GF,9-GF,N/A,0
20-HYDERABAD MAIN OFFICE ,AC,N/A,N/A,10,10,1,TR,3500,35000,2018,5,NCAMC,HVAC,SPLIT AC,2,6/1/2022,5/31/2023,10-GF,10-GF,N/A,0
20-HYDERABAD MAIN OFFICE ,AC,N/A,N/A,11,10,1,TR,3500,35000,2018,5,NCAMC,HVAC,SPLIT AC,2,6/1/2022,5/31/2023,11-GF,11-GF,N/A,0
20-HYDERABAD MAIN OFFICE ,AC,N/A,N/A,12,10,1,TR,3500,35000,2018,5,NCAMC,HVAC,SPLIT AC,2,6/1/2022,5/31/2023,12-GF,12-GF,N/A,0
20-HYDERABAD MAIN OFFICE ,AC,N/A,N/A,13,10,1,TR,3500,35000,2018,5,NCAMC,HVAC,SPLIT AC,2,6/1/2022,5/31/2023,13-GF,13-GF,N/A,0
20-HYDERABAD MAIN OFFICE ,AC,N/A,N/A,14,10,1,TR,3500,35000,2018,5,NCAMC,HVAC,SPLIT AC,2,6/1/2022,5/31/2023,14-GF,14-GF,N/A,0
20-HYDERABAD MAIN OFFICE ,CCTV,N/A,N/A,15,1,1,Nos ,500,500,2018,5,NCAMC,ELV Automation ,Fire Panel ,2,6/1/2022,5/31/2023,15-GF,15-GF,N/A,0
20-HYDERABAD MAIN OFFICE ,CCTV,N/A,N/A,16,1,1,Nos ,500,500,2018,5,NCAMC,ELV Automation ,Fire Panel ,2,6/1/2022,5/31/2023,16-GF,16-GF,N/A,0
20-HYDERABAD MAIN OFFICE ,CCTV,N/A,N/A,17,1,1,Nos ,500,500,2018,5,NCAMC,ELV Automation ,Fire Panel ,2,6/1/2022,5/31/2023,17-GF,17-GF,N/A,0
20-HYDERABAD MAIN OFFICE ,CCTV,N/A,N/A,18,1,1,Nos ,500,500,2018,5,NCAMC,ELV Automation ,Fire Panel ,2,6/1/2022,5/31/2023,18-GF,18-GF,N/A,0
20-HYDERABAD MAIN OFFICE ,CCTV,N/A,N/A,19,1,1,Nos ,500,500,2018,5,NCAMC,ELV Automation ,Fire Panel ,2,6/1/2022,5/31/2023,19-GF,19-GF,N/A,0
20-HYDERABAD MAIN OFFICE ,CCTV,N/A,N/A,20,1,1,Nos ,500,500,2018,5,NCAMC,ELV Automation ,Fire Panel ,2,6/1/2022,5/31/2023,20-GF,20-GF,N/A,0
20-HYDERABAD MAIN OFFICE ,CCTV,N/A,N/A,21,1,1,Nos ,500,500,2018,5,NCAMC,ELV Automation ,Fire Panel ,2,6/1/2022,5/31/2023,21-GF,21-GF,N/A,0
20-HYDERABAD MAIN OFFICE ,CCTV,N/A,N/A,22,1,1,Nos ,500,500,2018,5,NCAMC,ELV Automation ,Fire Panel ,2,6/1/2022,5/31/2023,22-GF,22-GF,N/A,0
20-HYDERABAD MAIN OFFICE ,CCTV,N/A,N/A,23,1,1,Nos ,500,500,2018,5,NCAMC,ELV Automation ,Fire Panel ,2,6/1/2022,5/31/2023,23-GF,23-GF,N/A,0
20-HYDERABAD MAIN OFFICE ,CCTV,N/A,N/A,24,1,1,Nos ,500,500,2018,5,NCAMC,ELV Automation ,Fire Panel ,2,6/1/2022,5/31/2023,24-GF,24-GF,N/A,0
20-HYDERABAD MAIN OFFICE ,CCTV,N/A,N/A,25,1,1,Nos ,500,500,2018,5,NCAMC,ELV Automation ,Fire Panel ,2,6/1/2022,5/31/2023,25-GF,25-GF,N/A,0
20-HYDERABAD MAIN OFFICE ,CCTV,N/A,N/A,26,1,1,Nos ,500,500,2018,5,NCAMC,ELV Automation ,Fire Panel ,2,6/1/2022,5/31/2023,26-GF,26-GF,N/A,0
20-HYDERABAD MAIN OFFICE ,CCTV,N/A,N/A,27,1,1,Nos ,500,500,2018,5,NCAMC,ELV Automation ,Fire Panel ,2,6/1/2022,5/31/2023,27-GF,27-GF,N/A,0
20-HYDERABAD MAIN OFFICE ,CCTV,N/A,N/A,28,1,1,Nos ,500,500,2018,5,NCAMC,ELV Automation ,Fire Panel ,2,6/1/2022,5/31/2023,28-GF,28-GF,N/A,0
20-HYDERABAD MAIN OFFICE ,CCTV,N/A,N/A,29,1,1,Nos ,500,500,2018,5,NCAMC,ELV Automation ,Fire Panel ,2,6/1/2022,5/31/2023,29-GF,29-GF,N/A,0
20-HYDERABAD MAIN OFFICE ,CCTV,N/A,N/A,30,1,1,Nos ,500,500,2018,5,NCAMC,ELV Automation ,Fire Panel ,2,6/1/2022,5/31/2023,30-GF,30-GF,N/A,0
20-HYDERABAD MAIN OFFICE ,CCTV,N/A,N/A,31,1,1,Nos ,500,500,2018,5,NCAMC,ELV Automation ,Fire Panel ,2,6/1/2022,5/31/2023,31-GF,31-GF,N/A,0
20-HYDERABAD MAIN OFFICE ,CCTV,N/A,N/A,32,1,1,Nos ,500,500,2018,5,NCAMC,ELV Automation ,Fire Panel ,2,6/1/2022,5/31/2023,32-GF,32-GF,N/A,0
20-HYDERABAD MAIN OFFICE ,CCTV,N/A,N/A,33,1,1,Nos ,500,500,2018,5,NCAMC,ELV Automation ,Fire Panel ,2,6/1/2022,5/31/2023,33-GF,33-GF,N/A,0
20-HYDERABAD MAIN OFFICE ,CCTV,N/A,N/A,34,1,1,Nos ,500,500,2018,5,NCAMC,ELV Automation ,Fire Panel ,2,6/1/2022,5/31/2023,34-GF,34-GF,N/A,0
20-HYDERABAD MAIN OFFICE ,CCTV,N/A,N/A,35,1,1,Nos ,500,500,2018,5,NCAMC,ELV Automation ,Fire Panel ,2,6/1/2022,5/31/2023,35-GF,35-GF,N/A,0
20-HYDERABAD MAIN OFFICE ,DVR/NVR,N/A,N/A,36,1,1,Nos ,1500,1500,2018,5,NCAMC,ELV Automation ,Fire Panel ,2,6/1/2022,5/31/2023,36-GF,36-GF,N/A,0
20-HYDERABAD MAIN OFFICE ,DVR/NVR,N/A,N/A,37,1,1,Nos ,1500,1500,2018,5,NCAMC,ELV Automation ,Fire Panel ,2,6/1/2022,5/31/2023,37-GF,37-GF,N/A,0
20-HYDERABAD MAIN OFFICE ,DVR/NVR,N/A,N/A,38,1,1,Nos ,1500,1500,2018,5,NCAMC,ELV Automation ,Fire Panel ,2,6/1/2022,5/31/2023,38-GF,38-GF,N/A,0
21-Mumbai,AC,N/A,N/A,1,7.5,1,Nos ,3500,26250,2018,5,NCAMC,HVAC,SPLIT AC,2,6/1/2022,5/31/2023,1-GF,1-GF,N/A,0
21-Mumbai,AC,N/A,N/A,2,7.5,1,Nos ,3500,26250,2018,5,NCAMC,HVAC,SPLIT AC,2,6/1/2022,5/31/2023,2-GF,2-GF,N/A,0
21-Mumbai,AC,N/A,N/A,3,7.5,1,Nos ,3500,26250,2018,5,NCAMC,HVAC,SPLIT AC,2,6/1/2022,5/31/2023,3-GF,3-GF,N/A,0
21-Mumbai,AC,N/A,N/A,4,7.5,1,Nos ,3500,26250,2018,5,NCAMC,HVAC,SPLIT AC,2,6/1/2022,5/31/2023,4-GF,4-GF,N/A,0
21-Mumbai,AC,N/A,N/A,5,7.5,1,Nos ,3500,26250,2018,5,NCAMC,HVAC,SPLIT AC,2,6/1/2022,5/31/2023,5-GF,5-GF,N/A,0
21-Mumbai,AC,N/A,N/A,6,7.5,1,Nos ,3500,26250,2018,5,NCAMC,HVAC,SPLIT AC,2,6/1/2022,5/31/2023,6-GF,6-GF,N/A,0
21-Mumbai,AC,N/A,N/A,7,7.5,1,Nos ,3500,26250,2018,5,NCAMC,HVAC,SPLIT AC,2,6/1/2022,5/31/2023,7-GF,7-GF,N/A,0
21-Mumbai,AC,N/A,N/A,8,7.5,1,Nos ,3500,26250,2018,5,NCAMC,HVAC,SPLIT AC,2,6/1/2022,5/31/2023,8-GF,8-GF,N/A,0
21-Mumbai,AC,N/A,N/A,9,7.5,1,Nos ,3500,26250,2018,5,NCAMC,HVAC,SPLIT AC,2,6/1/2022,5/31/2023,9-GF,9-GF,N/A,0
21-Mumbai,AC,N/A,N/A,10,7.5,1,Nos ,3500,26250,2018,5,NCAMC,HVAC,SPLIT AC,2,6/1/2022,5/31/2023,10-GF,10-GF,N/A,0
21-Mumbai,AC,N/A,N/A,11,7.5,1,Nos ,3500,26250,2018,5,NCAMC,HVAC,SPLIT AC,2,6/1/2022,5/31/2023,11-GF,11-GF,N/A,0
21-Mumbai,AC,N/A,N/A,12,7.5,1,Nos ,3500,26250,2018,5,NCAMC,HVAC,SPLIT AC,2,6/1/2022,5/31/2023,12-GF,12-GF,N/A,0
21-Mumbai,AC,N/A,N/A,13,7.5,1,Nos ,3500,26250,2018,5,NCAMC,HVAC,SPLIT AC,2,6/1/2022,5/31/2023,13-GF,13-GF,N/A,0
21-Mumbai,CCTV,N/A,N/A,14,1,1,Nos ,500,500,2018,5,NCAMC,ELV Automation ,Fire Panel ,2,6/1/2022,5/31/2023,14-GF,14-GF,N/A,0
21-Mumbai,CCTV,N/A,N/A,15,1,1,Nos ,500,500,2018,5,NCAMC,ELV Automation ,Fire Panel ,2,6/1/2022,5/31/2023,15-GF,15-GF,N/A,0
21-Mumbai,CCTV,N/A,N/A,16,1,1,Nos ,500,500,2018,5,NCAMC,ELV Automation ,Fire Panel ,2,6/1/2022,5/31/2023,16-GF,16-GF,N/A,0
21-Mumbai,CCTV,N/A,N/A,17,1,1,Nos ,500,500,2018,5,NCAMC,ELV Automation ,Fire Panel ,2,6/1/2022,5/31/2023,17-GF,17-GF,N/A,0
21-Mumbai,CCTV,N/A,N/A,18,1,1,Nos ,500,500,2018,5,NCAMC,ELV Automation ,Fire Panel ,2,6/1/2022,5/31/2023,18-GF,18-GF,N/A,0
21-Mumbai,CCTV,N/A,N/A,19,1,1,Nos ,500,500,2018,5,NCAMC,ELV Automation ,Fire Panel ,2,6/1/2022,5/31/2023,19-GF,19-GF,N/A,0
21-Mumbai,CCTV,N/A,N/A,20,1,1,Nos ,500,500,2018,5,NCAMC,ELV Automation ,Fire Panel ,2,6/1/2022,5/31/2023,20-GF,20-GF,N/A,0
21-Mumbai,CCTV,N/A,N/A,21,1,1,Nos ,500,500,2018,5,NCAMC,ELV Automation ,Fire Panel ,2,6/1/2022,5/31/2023,21-GF,21-GF,N/A,0
21-Mumbai,CCTV,N/A,N/A,22,1,1,Nos ,500,500,2018,5,NCAMC,ELV Automation ,Fire Panel ,2,6/1/2022,5/31/2023,22-GF,22-GF,N/A,0
21-Mumbai,CCTV,N/A,N/A,23,1,1,Nos ,500,500,2018,5,NCAMC,ELV Automation ,Fire Panel ,2,6/1/2022,5/31/2023,23-GF,23-GF,N/A,0
21-Mumbai,CCTV,N/A,N/A,24,1,1,Nos ,500,500,2018,5,NCAMC,ELV Automation ,Fire Panel ,2,6/1/2022,5/31/2023,24-GF,24-GF,N/A,0
21-Mumbai,CCTV,N/A,N/A,25,1,1,Nos ,500,500,2018,5,NCAMC,ELV Automation ,Fire Panel ,2,6/1/2022,5/31/2023,25-GF,25-GF,N/A,0
21-Mumbai,CCTV,N/A,N/A,26,1,1,Nos ,500,500,2018,5,NCAMC,ELV Automation ,Fire Panel ,2,6/1/2022,5/31/2023,26-GF,26-GF,N/A,0
21-Mumbai,CCTV,N/A,N/A,27,1,1,Nos ,500,500,2018,5,NCAMC,ELV Automation ,Fire Panel ,2,6/1/2022,5/31/2023,27-GF,27-GF,N/A,0
21-Mumbai,CCTV,N/A,N/A,28,1,1,Nos ,500,500,2018,5,NCAMC,ELV Automation ,Fire Panel ,2,6/1/2022,5/31/2023,28-GF,28-GF,N/A,0
21-Mumbai,CCTV,N/A,N/A,29,1,1,Nos ,500,500,2018,5,NCAMC,ELV Automation ,Fire Panel ,2,6/1/2022,5/31/2023,29-GF,29-GF,N/A,0
21-Mumbai,CCTV,N/A,N/A,30,1,1,Nos ,500,500,2018,5,NCAMC,ELV Automation ,Fire Panel ,2,6/1/2022,5/31/2023,30-GF,30-GF,N/A,0
21-Mumbai,CCTV,N/A,N/A,31,1,1,Nos ,500,500,2018,5,NCAMC,ELV Automation ,Fire Panel ,2,6/1/2022,5/31/2023,31-GF,31-GF,N/A,0
21-Mumbai,CCTV,N/A,N/A,32,1,1,Nos ,500,500,2018,5,NCAMC,ELV Automation ,Fire Panel ,2,6/1/2022,5/31/2023,32-GF,32-GF,N/A,0
21-Mumbai,CCTV,N/A,N/A,33,1,1,Nos ,500,500,2018,5,NCAMC,ELV Automation ,Fire Panel ,2,6/1/2022,5/31/2023,33-GF,33-GF,N/A,0
21-Mumbai,CCTV,N/A,N/A,34,1,1,Nos ,500,500,2018,5,NCAMC,ELV Automation ,Fire Panel ,2,6/1/2022,5/31/2023,34-GF,34-GF,N/A,0
21-Mumbai,CCTV,N/A,N/A,35,1,1,Nos ,500,500,2018,5,NCAMC,ELV Automation ,Fire Panel ,2,6/1/2022,5/31/2023,35-GF,35-GF,N/A,0
21-Mumbai,CCTV,N/A,N/A,36,1,1,Nos ,500,500,2018,5,NCAMC,ELV Automation ,Fire Panel ,2,6/1/2022,5/31/2023,36-GF,36-GF,N/A,0
21-Mumbai,CCTV,N/A,N/A,37,1,1,Nos ,500,500,2018,5,NCAMC,ELV Automation ,Fire Panel ,2,6/1/2022,5/31/2023,37-GF,37-GF,N/A,0
21-Mumbai,CCTV,N/A,N/A,38,1,1,Nos ,500,500,2018,5,NCAMC,ELV Automation ,Fire Panel ,2,6/1/2022,5/31/2023,38-GF,38-GF,N/A,0
21-Mumbai,CCTV,N/A,N/A,39,1,1,Nos ,500,500,2018,5,NCAMC,ELV Automation ,Fire Panel ,2,6/1/2022,5/31/2023,39-GF,39-GF,N/A,0
21-Mumbai,CCTV,N/A,N/A,40,1,1,Nos ,500,500,2018,5,NCAMC,ELV Automation ,Fire Panel ,2,6/1/2022,5/31/2023,40-GF,40-GF,N/A,0
21-Mumbai,CCTV,N/A,N/A,41,1,1,Nos ,500,500,2018,5,NCAMC,ELV Automation ,Fire Panel ,2,6/1/2022,5/31/2023,41-GF,41-GF,N/A,0
21-Mumbai,CCTV,N/A,N/A,42,1,1,Nos ,500,500,2018,5,NCAMC,ELV Automation ,Fire Panel ,2,6/1/2022,5/31/2023,42-GF,42-GF,N/A,0
21-Mumbai,DVR/NVR,N/A,N/A,43,1,1,Nos ,1500,1500,2018,5,NCAMC,ELV Automation ,Fire Panel ,2,6/1/2022,5/31/2023,43-GF,43-GF,N/A,0
21-Mumbai,DVR/NVR,N/A,N/A,44,1,1,Nos ,1500,1500,2018,5,NCAMC,ELV Automation ,Fire Panel ,2,6/1/2022,5/31/2023,44-GF,44-GF,N/A,0
21-Mumbai,DVR/NVR,N/A,N/A,45,1,1,Nos ,1500,1500,2018,5,NCAMC,ELV Automation ,Fire Panel ,2,6/1/2022,5/31/2023,45-GF,45-GF,N/A,0
21-Mumbai,RO,N/A,N/A,46,1,1,Nos ,5500,5500,2018,5,NCAMC,ELV Automation ,Fire Panel ,2,6/1/2022,5/31/2023,46-GF,46-GF,N/A,0
21-Mumbai,RO,N/A,N/A,47,1,1,Nos ,5500,5500,2018,5,NCAMC,ELV Automation ,Fire Panel ,2,6/1/2022,5/31/2023,47-GF,47-GF,N/A,0
22-PUNE ,UPS,N/A,N/A,1,1,1,Nos ,15000,15000,2018,5,NCAMC,ELV Automation ,Fire Panel ,2,6/1/2022,5/31/2023,1-GF,1-GF,N/A,0
22-PUNE ,AC,N/A,N/A,2,9.5,1,TR,3500,33250,2018,5,NCAMC,HVAC,SPLIT AC,2,6/1/2022,5/31/2023,2-GF,2-GF,N/A,0
22-PUNE ,AC,N/A,N/A,3,9.5,1,TR,3500,33250,2018,5,NCAMC,HVAC,SPLIT AC,2,6/1/2022,5/31/2023,3-GF,3-GF,N/A,0
22-PUNE ,AC,N/A,N/A,4,9.5,1,TR,3500,33250,2018,5,NCAMC,HVAC,SPLIT AC,2,6/1/2022,5/31/2023,4-GF,4-GF,N/A,0
22-PUNE ,AC,N/A,N/A,5,9.5,1,TR,3500,33250,2018,5,NCAMC,HVAC,SPLIT AC,2,6/1/2022,5/31/2023,5-GF,5-GF,N/A,0
22-PUNE ,AC,N/A,N/A,6,1.5,1,TR,3500,5250,2018,5,NCAMC,HVAC,SPLIT AC,2,6/1/2022,5/31/2023,6-GF,6-GF,N/A,0
22-PUNE ,AC,N/A,N/A,7,1.5,1,TR,3500,5250,2018,5,NCAMC,HVAC,SPLIT AC,2,6/1/2022,5/31/2023,7-GF,7-GF,N/A,0
22-PUNE ,CCTV,N/A,N/A,8,1,1,Nos ,500,500,2018,5,NCAMC,ELV Automation ,Fire Panel ,2,6/1/2022,5/31/2023,8-GF,8-GF,N/A,0
22-PUNE ,CCTV,N/A,N/A,9,1,1,Nos ,500,500,2018,5,NCAMC,ELV Automation ,Fire Panel ,2,6/1/2022,5/31/2023,9-GF,9-GF,N/A,0
22-PUNE ,CCTV,N/A,N/A,10,1,1,Nos ,500,500,2018,5,NCAMC,ELV Automation ,Fire Panel ,2,6/1/2022,5/31/2023,10-GF,10-GF,N/A,0
22-PUNE ,CCTV,N/A,N/A,11,1,1,Nos ,500,500,2018,5,NCAMC,ELV Automation ,Fire Panel ,2,6/1/2022,5/31/2023,11-GF,11-GF,N/A,0
22-PUNE ,CCTV,N/A,N/A,12,1,1,Nos ,500,500,2018,5,NCAMC,ELV Automation ,Fire Panel ,2,6/1/2022,5/31/2023,12-GF,12-GF,N/A,0
22-PUNE ,CCTV,N/A,N/A,13,1,1,Nos ,500,500,2018,5,NCAMC,ELV Automation ,Fire Panel ,2,6/1/2022,5/31/2023,13-GF,13-GF,N/A,0
22-PUNE ,CCTV,N/A,N/A,14,1,1,Nos ,500,500,2018,5,NCAMC,ELV Automation ,Fire Panel ,2,6/1/2022,5/31/2023,14-GF,14-GF,N/A,0
22-PUNE ,CCTV,N/A,N/A,15,1,1,Nos ,500,500,2018,5,NCAMC,ELV Automation ,Fire Panel ,2,6/1/2022,5/31/2023,15-GF,15-GF,N/A,0
22-PUNE ,CCTV,N/A,N/A,16,1,1,Nos ,500,500,2018,5,NCAMC,ELV Automation ,Fire Panel ,2,6/1/2022,5/31/2023,16-GF,16-GF,N/A,0
22-PUNE ,CCTV,N/A,N/A,17,1,1,Nos ,500,500,2018,5,NCAMC,ELV Automation ,Fire Panel ,2,6/1/2022,5/31/2023,17-GF,17-GF,N/A,0
22-PUNE ,DVR/NVR,N/A,N/A,18,1,1,Nos ,1500,1500,2018,5,NCAMC,ELV Automation ,Fire Panel ,2,6/1/2022,5/31/2023,18-GF,18-GF,N/A,0
22-PUNE ,RO,N/A,N/A,19,1,1,Nos ,5500,5500,2018,5,NCAMC,ELV Automation ,Fire Panel ,2,6/1/2022,5/31/2023,19-GF,19-GF,N/A,0
23-AHMEDABAD ,CCTV,N/A,N/A,1,1,1,Nos ,500,500,2018,5,NCAMC,ELV Automation ,Fire Panel ,2,6/1/2022,5/31/2023,1-GF,1-GF,N/A,0
23-AHMEDABAD ,CCTV,N/A,N/A,2,1,1,Nos ,500,500,2018,5,NCAMC,ELV Automation ,Fire Panel ,2,6/1/2022,5/31/2023,2-GF,2-GF,N/A,0
23-AHMEDABAD ,CCTV,N/A,N/A,3,1,1,Nos ,500,500,2018,5,NCAMC,ELV Automation ,Fire Panel ,2,6/1/2022,5/31/2023,3-GF,3-GF,N/A,0
23-AHMEDABAD ,CCTV,N/A,N/A,4,1,1,Nos ,500,500,2018,5,NCAMC,ELV Automation ,Fire Panel ,2,6/1/2022,5/31/2023,4-GF,4-GF,N/A,0
23-AHMEDABAD ,CCTV,N/A,N/A,5,1,1,Nos ,500,500,2018,5,NCAMC,ELV Automation ,Fire Panel ,2,6/1/2022,5/31/2023,5-GF,5-GF,N/A,0
23-AHMEDABAD ,CCTV,N/A,N/A,6,1,1,Nos ,500,500,2018,5,NCAMC,ELV Automation ,Fire Panel ,2,6/1/2022,5/31/2023,6-GF,6-GF,N/A,0
23-AHMEDABAD ,CCTV,N/A,N/A,7,1,1,Nos ,500,500,2018,5,NCAMC,ELV Automation ,Fire Panel ,2,6/1/2022,5/31/2023,7-GF,7-GF,N/A,0
23-AHMEDABAD ,DVR/NVR,N/A,N/A,8,1,1,Nos ,1500,1500,2018,5,NCAMC,ELV Automation ,Fire Panel ,2,6/1/2022,5/31/2023,8-GF,8-GF,N/A,0
23-AHMEDABAD ,RO,N/A,N/A,9,1,1,Nos ,5500,5500,2018,5,NCAMC,ELV Automation ,Fire Panel ,2,6/1/2022,5/31/2023,9-GF,9-GF,N/A,0
24-KOLKATA,UPS,N/A,N/A,1,1,1,Nos ,15000,15000,2018,5,NCAMC,ELV Automation ,Fire Panel ,2,6/1/2022,5/31/2023,1-GF,1-GF,N/A,0
24-KOLKATA,CCTV,N/A,N/A,2,1,1,Nos ,500,500,2018,5,NCAMC,ELV Automation ,Fire Panel ,2,6/1/2022,5/31/2023,2-GF,2-GF,N/A,0
24-KOLKATA,CCTV,N/A,N/A,3,1,1,Nos ,500,500,2018,5,NCAMC,ELV Automation ,Fire Panel ,2,6/1/2022,5/31/2023,3-GF,3-GF,N/A,0
24-KOLKATA,CCTV,N/A,N/A,4,1,1,Nos ,500,500,2018,5,NCAMC,ELV Automation ,Fire Panel ,2,6/1/2022,5/31/2023,4-GF,4-GF,N/A,0
24-KOLKATA,CCTV,N/A,N/A,5,1,1,Nos ,500,500,2018,5,NCAMC,ELV Automation ,Fire Panel ,2,6/1/2022,5/31/2023,5-GF,5-GF,N/A,0
24-KOLKATA,CCTV,N/A,N/A,6,1,1,Nos ,500,500,2018,5,NCAMC,ELV Automation ,Fire Panel ,2,6/1/2022,5/31/2023,6-GF,6-GF,N/A,0
24-KOLKATA,CCTV,N/A,N/A,7,1,1,Nos ,500,500,2018,5,NCAMC,ELV Automation ,Fire Panel ,2,6/1/2022,5/31/2023,7-GF,7-GF,N/A,0
24-KOLKATA,CCTV,N/A,N/A,8,1,1,Nos ,500,500,2018,5,NCAMC,ELV Automation ,Fire Panel ,2,6/1/2022,5/31/2023,8-GF,8-GF,N/A,0
24-KOLKATA,CCTV,N/A,N/A,9,1,1,Nos ,500,500,2018,5,NCAMC,ELV Automation ,Fire Panel ,2,6/1/2022,5/31/2023,9-GF,9-GF,N/A,0
24-KOLKATA,CCTV,N/A,N/A,10,1,1,Nos ,500,500,2018,5,NCAMC,ELV Automation ,Fire Panel ,2,6/1/2022,5/31/2023,10-GF,10-GF,N/A,0
24-KOLKATA,CCTV,N/A,N/A,11,1,1,Nos ,500,500,2018,5,NCAMC,ELV Automation ,Fire Panel ,2,6/1/2022,5/31/2023,11-GF,11-GF,N/A,0
24-KOLKATA,DVR/NVR,N/A,N/A,12,1,1,Nos ,1500,1500,2018,5,NCAMC,ELV Automation ,Fire Panel ,2,6/1/2022,5/31/2023,12-GF,12-GF,N/A,0
24-KOLKATA,RO,N/A,N/A,13,1,1,Nos ,5500,5500,2018,5,NCAMC,ELV Automation ,Fire Panel ,2,6/1/2022,5/31/2023,13-GF,13-GF,N/A,0
24-KOLKATA,RO,N/A,N/A,14,1,1,Nos ,5500,5500,2018,5,NCAMC,ELV Automation ,Fire Panel ,2,6/1/2022,5/31/2023,14-GF,14-GF,N/A,0
25-Gurgaon CITY Office ,AC,N/A,N/A,1,6,,TR,3500,21000,2018,5,NCAMC,HVAC,SPLIT AC,2,6/1/2022,5/31/2023,1-GF,1-GF,N/A,0
25-Gurgaon CITY Office ,AC,N/A,N/A,2,6,,TR,3500,21000,2018,5,NCAMC,HVAC,SPLIT AC,2,6/1/2022,5/31/2023,2-GF,2-GF,N/A,0
25-Gurgaon CITY Office ,AC,N/A,N/A,3,7.5,,TR,3500,26250,2018,5,NCAMC,HVAC,SPLIT AC,2,6/1/2022,5/31/2023,3-GF,3-GF,N/A,0
25-Gurgaon CITY Office ,AC,N/A,N/A,4,7.5,,TR,3500,26250,2018,5,NCAMC,HVAC,SPLIT AC,2,6/1/2022,5/31/2023,4-GF,4-GF,N/A,0
25-Gurgaon CITY Office ,AC,N/A,N/A,5,7.5,,TR,3500,26250,2018,5,NCAMC,HVAC,SPLIT AC,2,6/1/2022,5/31/2023,5-GF,5-GF,N/A,0
25-Gurgaon CITY Office ,AC,N/A,N/A,6,7.5,,TR,3500,26250,2018,5,NCAMC,HVAC,SPLIT AC,2,6/1/2022,5/31/2023,6-GF,6-GF,N/A,0
25-Gurgaon CITY Office ,AC,N/A,N/A,7,7.5,,TR,3500,26250,2018,5,NCAMC,HVAC,SPLIT AC,2,6/1/2022,5/31/2023,7-GF,7-GF,N/A,0
25-Gurgaon CITY Office ,AC,N/A,N/A,8,7.5,,TR,3500,26250,2018,5,NCAMC,HVAC,SPLIT AC,2,6/1/2022,5/31/2023,8-GF,8-GF,N/A,0
25-Gurgaon CITY Office ,AC,N/A,N/A,9,7.5,,TR,3500,26250,2018,5,NCAMC,HVAC,SPLIT AC,2,6/1/2022,5/31/2023,9-GF,9-GF,N/A,0
25-Gurgaon CITY Office ,AC,N/A,N/A,10,7.5,,TR,3500,26250,2018,5,NCAMC,HVAC,SPLIT AC,2,6/1/2022,5/31/2023,10-GF,10-GF,N/A,0
25-Gurgaon CITY Office ,AC,N/A,N/A,11,7.5,,TR,3500,26250,2018,5,NCAMC,HVAC,SPLIT AC,2,6/1/2022,5/31/2023,11-GF,11-GF,N/A,0
25-Gurgaon CITY Office ,AC,N/A,N/A,12,7.5,,TR,3500,26250,2018,5,NCAMC,HVAC,SPLIT AC,2,6/1/2022,5/31/2023,12-GF,12-GF,N/A,0
25-Gurgaon CITY Office ,AC,N/A,N/A,13,7.5,,TR,3500,26250,2018,5,NCAMC,HVAC,SPLIT AC,2,6/1/2022,5/31/2023,13-GF,13-GF,N/A,0
25-Gurgaon CITY Office ,AC,N/A,N/A,14,7.5,,TR,3500,26250,2018,5,NCAMC,HVAC,SPLIT AC,2,6/1/2022,5/31/2023,14-GF,14-GF,N/A,0
25-Gurgaon CITY Office ,AC,N/A,N/A,15,7.5,,TR,3500,26250,2018,5,NCAMC,HVAC,SPLIT AC,2,6/1/2022,5/31/2023,15-GF,15-GF,N/A,0
25-Gurgaon CITY Office ,AC,N/A,N/A,16,7.5,,TR,3500,26250,2018,5,NCAMC,HVAC,SPLIT AC,2,6/1/2022,5/31/2023,16-GF,16-GF,N/A,0
25-Gurgaon CITY Office ,AC,N/A,N/A,17,7.5,,TR,3500,26250,2018,5,NCAMC,HVAC,SPLIT AC,2,6/1/2022,5/31/2023,17-GF,17-GF,N/A,0
25-Gurgaon CITY Office ,AC,N/A,N/A,18,7.5,,TR,3500,26250,2018,5,NCAMC,HVAC,SPLIT AC,2,6/1/2022,5/31/2023,18-GF,18-GF,N/A,0
25-Gurgaon CITY Office ,AC,N/A,N/A,19,7.5,,TR,3500,26250,2018,5,NCAMC,HVAC,SPLIT AC,2,6/1/2022,5/31/2023,19-GF,19-GF,N/A,0
25-Gurgaon CITY Office ,AC,N/A,N/A,20,7.5,,TR,3500,26250,2018,5,NCAMC,HVAC,SPLIT AC,2,6/1/2022,5/31/2023,20-GF,20-GF,N/A,0
25-Gurgaon CITY Office ,AC,N/A,N/A,21,7.5,,TR,3500,26250,2018,5,NCAMC,HVAC,SPLIT AC,2,6/1/2022,5/31/2023,21-GF,21-GF,N/A,0
25-Gurgaon CITY Office ,AC,N/A,N/A,22,7.5,,TR,3500,26250,2018,5,NCAMC,HVAC,SPLIT AC,2,6/1/2022,5/31/2023,22-GF,22-GF,N/A,0
25-Gurgaon CITY Office ,AC,N/A,N/A,23,7.5,,TR,3500,26250,2018,5,NCAMC,HVAC,SPLIT AC,2,6/1/2022,5/31/2023,23-GF,23-GF,N/A,0
25-Gurgaon CITY Office ,AC,N/A,N/A,24,7.5,,TR,3500,26250,2018,5,NCAMC,HVAC,SPLIT AC,2,6/1/2022,5/31/2023,24-GF,24-GF,N/A,0
25-Gurgaon CITY Office ,AC,N/A,N/A,25,7.5,,TR,3500,26250,2018,5,NCAMC,HVAC,SPLIT AC,2,6/1/2022,5/31/2023,25-GF,25-GF,N/A,0
25-Gurgaon CITY Office ,AC,N/A,N/A,26,7.5,,TR,3500,26250,2018,5,NCAMC,HVAC,SPLIT AC,2,6/1/2022,5/31/2023,26-GF,26-GF,N/A,0
25-Gurgaon CITY Office ,AC,N/A,N/A,27,7.5,,TR,3500,26250,2018,5,NCAMC,HVAC,SPLIT AC,2,6/1/2022,5/31/2023,27-GF,27-GF,N/A,0
25-Gurgaon CITY Office ,AC,N/A,N/A,28,7.5,,TR,3500,26250,2018,5,NCAMC,HVAC,SPLIT AC,2,6/1/2022,5/31/2023,28-GF,28-GF,N/A,0
25-Gurgaon CITY Office ,AC,N/A,N/A,29,7.5,,TR,3500,26250,2018,5,NCAMC,HVAC,SPLIT AC,2,6/1/2022,5/31/2023,29-GF,29-GF,N/A,0
25-Gurgaon CITY Office ,AC,N/A,N/A,30,7.5,,TR,3500,26250,2018,5,NCAMC,HVAC,SPLIT AC,2,6/1/2022,5/31/2023,30-GF,30-GF,N/A,0
25-Gurgaon CITY Office ,AC,N/A,N/A,31,7.5,1,TR,3500,26250,2018,5,NCAMC,HVAC,SPLIT AC,2,6/1/2022,5/31/2023,31-GF,31-GF,N/A,0
